ETF코드,ETF명,수집일자,티커,구성종목명,계약수,금액,시가총액,시가총액기준 구성비중
471780,TIGER 코리아테크액티브,20260824,005930,삼성전자,355.00,"99,932,500","91,235,000",27.10
471780,TIGER 코리아테크액티브,20260824,000660,SK하이닉스,49.00,"84,770,000","81,879,000",24.32
471780,TIGER 코리아테크액티브,20260824,009150,삼성전기,25.00,"32,900,000","32,950,000",9.79
471780,TIGER 코리아테크액티브,20260824,353200,대덕전자,131.00,"13,663,300","13,702,600",4.07
471780,TIGER 코리아테크액티브,20260824,319660,피에스케이,105.00,"12,831,000","13,156,500",3.91
471780,TIGER 코리아테크액티브,20260824,131290,티에스이,51.00,"11,322,000","12,520,500",3.72
471780,TIGER 코리아테크액티브,20260824,001820,삼화콘덴서,110.00,"9,966,000","10,164,000",3.02
471780,TIGER 코리아테크액티브,20260824,095610,테스,72.00,"9,568,800","9,604,800",2.85
471780,TIGER 코리아테크액티브,20260824,006400,삼성SDI,18.00,"8,604,000","9,270,000",2.75
471780,TIGER 코리아테크액티브,20260824,031980,피에스케이홀딩스,77.00,"8,277,500","8,485,400",2.52
471780,TIGER 코리아테크액티브,20260824,222800,심텍,58.00,"5,782,600","6,101,600",1.81
471780,TIGER 코리아테크액티브,20260824,066970,엘앤에프,49.00,"5,120,500","5,958,400",1.77
471780,TIGER 코리아테크액티브,20260824,007660,이수페타시스,55.00,"5,461,500","5,533,000",1.64
471780,TIGER 코리아테크액티브,20260824,403870,HPSP,124.00,"5,567,600","5,449,800",1.62
471780,TIGER 코리아테크액티브,20260824,039030,이오테크닉스,14.00,"5,663,000","5,432,000",1.61
471780,TIGER 코리아테크액티브,20260824,089970,브이엠,80.00,"4,648,000","4,680,000",1.39
471780,TIGER 코리아테크액티브,20260824,440110,파두,75.00,"4,642,500","4,650,000",1.38
471780,TIGER 코리아테크액티브,20260824,348210,넥스틴,127.00,"4,197,350","4,229,100",1.26
471780,TIGER 코리아테크액티브,20260824,131970,두산테스나,51.00,"3,921,900","3,830,100",1.14
471780,TIGER 코리아테크액티브,20260824,064290,인텍플러스,104.00,"3,338,400","3,400,800",1.01
471780,TIGER 코리아테크액티브,20260824,083450,GST,73.00,"3,139,000","3,259,450",0.97
471780,TIGER 코리아테크액티브,20260824,KRD010010001,원화현금,-,-,"1,145,487",0.34
471780,TIGER 코리아테크액티브,20260825,005930,삼성전자,336.00,"86,352,000","86,352,000",25.02
471780,TIGER 코리아테크액티브,20260825,000660,SK하이닉스,49.00,"81,879,000","82,222,000",23.82
471780,TIGER 코리아테크액티브,20260825,009150,삼성전기,25.00,"32,950,000","34,050,000",9.86
471780,TIGER 코리아테크액티브,20260825,131290,티에스이,59.00,"14,484,500","14,691,000",4.26
471780,TIGER 코리아테크액티브,20260825,353200,대덕전자,131.00,"13,702,600","14,514,800",4.20
471780,TIGER 코리아테크액티브,20260825,319660,피에스케이,105.00,"13,156,500","13,639,500",3.95
471780,TIGER 코리아테크액티브,20260825,001820,삼화콘덴서,110.00,"10,164,000","11,539,000",3.34
471780,TIGER 코리아테크액티브,20260825,006400,삼성SDI,21.00,"10,815,000","10,899,000",3.16
471780,TIGER 코리아테크액티브,20260825,095610,테스,72.00,"9,604,800","10,008,000",2.90
471780,TIGER 코리아테크액티브,20260825,031980,피에스케이홀딩스,77.00,"8,485,400","9,293,900",2.69
471780,TIGER 코리아테크액티브,20260825,222800,심텍,65.00,"6,838,000","7,598,500",2.20
471780,TIGER 코리아테크액티브,20260825,066970,엘앤에프,59.00,"7,174,400","7,103,600",2.06
471780,TIGER 코리아테크액티브,20260825,403870,HPSP,124.00,"5,449,800","6,014,000",1.74
471780,TIGER 코리아테크액티브,20260825,007660,이수페타시스,55.00,"5,533,000","5,879,500",1.70
471780,TIGER 코리아테크액티브,20260825,039030,이오테크닉스,14.00,"5,432,000","5,621,000",1.63
471780,TIGER 코리아테크액티브,20260825,440110,파두,75.00,"4,650,000","4,822,500",1.40
471780,TIGER 코리아테크액티브,20260825,089970,브이엠,80.00,"4,680,000","4,808,000",1.39
471780,TIGER 코리아테크액티브,20260825,348210,넥스틴,127.00,"4,229,100","4,368,800",1.27
471780,TIGER 코리아테크액티브,20260825,131970,두산테스나,51.00,"3,830,100","4,064,700",1.18
471780,TIGER 코리아테크액티브,20260825,064290,인텍플러스,104.00,"3,400,800","3,723,200",1.08
471780,TIGER 코리아테크액티브,20260825,083450,GST,73.00,"3,259,450","3,288,650",0.95
471780,TIGER 코리아테크액티브,20260825,KRD010010001,원화현금,-,-,"683,656",0.20
471780,TIGER 코리아테크액티브,20260826,005930,삼성전자,328.00,"84,296,000","85,772,000",24.83
471780,TIGER 코리아테크액티브,20260826,000660,SK하이닉스,48.00,"80,544,000","81,024,000",23.46
471780,TIGER 코리아테크액티브,20260826,009150,삼성전기,25.00,"34,050,000","33,250,000",9.63
471780,TIGER 코리아테크액티브,20260826,131290,티에스이,59.00,"14,691,000","14,838,500",4.30
471780,TIGER 코리아테크액티브,20260826,353200,대덕전자,126.00,"13,960,800","13,482,000",3.90
471780,TIGER 코리아테크액티브,20260826,319660,피에스케이,92.00,"11,950,800","11,914,000",3.45
471780,TIGER 코리아테크액티브,20260826,001820,삼화콘덴서,110.00,"11,539,000","11,858,000",3.43
471780,TIGER 코리아테크액티브,20260826,006400,삼성SDI,21.00,"10,899,000","10,836,000",3.14
471780,TIGER 코리아테크액티브,20260826,095610,테스,72.00,"10,008,000","9,943,200",2.88
471780,TIGER 코리아테크액티브,20260826,031980,피에스케이홀딩스,77.00,"9,293,900","9,178,400",2.66
471780,TIGER 코리아테크액티브,20260826,222800,심텍,79.00,"9,235,100","8,903,300",2.58
471780,TIGER 코리아테크액티브,20260826,066970,엘앤에프,59.00,"7,103,600","7,209,800",2.09
471780,TIGER 코리아테크액티브,20260826,007660,이수페타시스,64.00,"6,841,600","7,091,200",2.05
471780,TIGER 코리아테크액티브,20260826,403870,HPSP,141.00,"6,838,500","6,838,500",1.98
471780,TIGER 코리아테크액티브,20260826,039030,이오테크닉스,16.00,"6,424,000","6,408,000",1.86
471780,TIGER 코리아테크액티브,20260826,089970,브이엠,80.00,"4,808,000","4,712,000",1.36
471780,TIGER 코리아테크액티브,20260826,440110,파두,75.00,"4,822,500","4,695,000",1.36
471780,TIGER 코리아테크액티브,20260826,348210,넥스틴,127.00,"4,368,800","4,191,000",1.21
471780,TIGER 코리아테크액티브,20260826,083450,GST,93.00,"4,189,650","4,166,400",1.21
471780,TIGER 코리아테크액티브,20260826,131970,두산테스나,51.00,"4,064,700","4,069,800",1.18
471780,TIGER 코리아테크액티브,20260826,064290,인텍플러스,104.00,"3,723,200","3,499,600",1.01
471780,TIGER 코리아테크액티브,20260826,KRD010010001,원화현금,-,-,"1,527,366",0.44
471780,TIGER 코리아테크액티브,20260827,005930,삼성전자,328.00,"85,772,000","87,248,000",24.50
471780,TIGER 코리아테크액티브,20260827,000660,SK하이닉스,48.00,"81,024,000","83,040,000",23.32
471780,TIGER 코리아테크액티브,20260827,009150,삼성전기,25.00,"33,250,000","34,625,000",9.72
471780,TIGER 코리아테크액티브,20260827,131290,티에스이,59.00,"14,838,500","14,927,000",4.19
471780,TIGER 코리아테크액티브,20260827,006400,삼성SDI,21.00,"10,836,000","11,949,000",3.36
471780,TIGER 코리아테크액티브,20260827,001820,삼화콘덴서,110.00,"11,858,000","11,913,000",3.35
471780,TIGER 코리아테크액티브,20260827,222800,심텍,88.00,"9,917,600","11,167,200",3.14
471780,TIGER 코리아테크액티브,20260827,353200,대덕전자,96.00,"10,272,000","10,684,800",3.00
471780,TIGER 코리아테크액티브,20260827,319660,피에스케이,80.00,"10,360,000","10,672,000",3.00
471780,TIGER 코리아테크액티브,20260827,095610,테스,72.00,"9,943,200","10,512,000",2.95
471780,TIGER 코리아테크액티브,20260827,031980,피에스케이홀딩스,77.00,"9,178,400","9,779,000",2.75
471780,TIGER 코리아테크액티브,20260827,403870,HPSP,179.00,"8,681,500","9,039,500",2.54
471780,TIGER 코리아테크액티브,20260827,007660,이수페타시스,79.00,"8,753,200","8,911,200",2.50
471780,TIGER 코리아테크액티브,20260827,066970,엘앤에프,59.00,"7,209,800","7,658,200",2.15
471780,TIGER 코리아테크액티브,20260827,039030,이오테크닉스,17.00,"6,808,500","6,910,500",1.94
471780,TIGER 코리아테크액티브,20260827,089970,브이엠,80.00,"4,712,000","4,840,000",1.36
471780,TIGER 코리아테크액티브,20260827,440110,파두,75.00,"4,695,000","4,837,500",1.36
471780,TIGER 코리아테크액티브,20260827,131970,두산테스나,51.00,"4,069,800","4,238,100",1.19
471780,TIGER 코리아테크액티브,20260827,348210,넥스틴,127.00,"4,191,000","4,197,350",1.18
471780,TIGER 코리아테크액티브,20260827,083450,GST,93.00,"4,166,400","4,194,300",1.18
471780,TIGER 코리아테크액티브,20260827,064290,인텍플러스,104.00,"3,499,600","3,452,800",0.97
471780,TIGER 코리아테크액티브,20260827,KRD010010001,원화현금,-,-,"1,343,657",0.38
471780,TIGER 코리아테크액티브,20260828,005930,삼성전자,324.00,"86,184,000","83,268,000",23.94
471780,TIGER 코리아테크액티브,20260828,000660,SK하이닉스,48.00,"83,040,000","79,344,000",22.81
471780,TIGER 코리아테크액티브,20260828,009150,삼성전기,25.00,"34,625,000","35,525,000",10.21
471780,TIGER 코리아테크액티브,20260828,006400,삼성SDI,25.00,"14,225,000","14,275,000",4.10
471780,TIGER 코리아테크액티브,20260828,131290,티에스이,58.00,"14,674,000","13,833,000",3.98
471780,TIGER 코리아테크액티브,20260828,001820,삼화콘덴서,110.00,"11,913,000","12,122,000",3.48
471780,TIGER 코리아테크액티브,20260828,066970,엘앤에프,82.00,"10,643,600","11,053,600",3.18
471780,TIGER 코리아테크액티브,20260828,222800,심텍,88.00,"11,167,200","10,806,400",3.11
471780,TIGER 코리아테크액티브,20260828,353200,대덕전자,96.00,"10,684,800","10,329,600",2.97
471780,TIGER 코리아테크액티브,20260828,319660,피에스케이,80.00,"10,672,000","10,288,000",2.96
471780,TIGER 코리아테크액티브,20260828,095610,테스,72.00,"10,512,000","10,274,400",2.95
471780,TIGER 코리아테크액티브,20260828,031980,피에스케이홀딩스,77.00,"9,779,000","9,247,700",2.66
471780,TIGER 코리아테크액티브,20260828,403870,HPSP,179.00,"9,039,500","9,146,900",2.63
471780,TIGER 코리아테크액티브,20260828,007660,이수페타시스,79.00,"8,911,200","8,911,200",2.56
471780,TIGER 코리아테크액티브,20260828,039030,이오테크닉스,17.00,"6,910,500","6,774,500",1.95
471780,TIGER 코리아테크액티브,20260828,131970,두산테스나,51.00,"4,238,100","4,166,700",1.20
471780,TIGER 코리아테크액티브,20260828,083450,GST,93.00,"4,194,300","4,124,550",1.19
471780,TIGER 코리아테크액티브,20260828,348210,넥스틴,127.00,"4,197,350","4,102,100",1.18
471780,TIGER 코리아테크액티브,20260828,440110,파두,61.00,"3,934,500","3,861,300",1.11
471780,TIGER 코리아테크액티브,20260828,064290,인텍플러스,104.00,"3,452,800","3,380,000",0.97
471780,TIGER 코리아테크액티브,20260828,KRD010010001,원화현금,-,-,"3,040,945",0.87
444200,SOL 코리아메가테크액티브,20260824,005930,삼성전자,"2,288.00","644,072,000","588,016,000",26.25
444200,SOL 코리아메가테크액티브,20260824,000660,SK하이닉스,225.00,"389,250,000","375,975,000",16.78
444200,SOL 코리아메가테크액티브,20260824,012450,한화에어로스페이스,103.00,"111,755,000","113,815,000",5.08
444200,SOL 코리아메가테크액티브,20260824,035720,카카오,"3,075.00","110,085,000","110,085,000",4.91
444200,SOL 코리아메가테크액티브,20260824,034020,두산에너빌리티,"1,339.00","98,148,700","97,747,000",4.36
444200,SOL 코리아메가테크액티브,20260824,005380,현대차,231.00,"95,865,000","95,634,000",4.27
444200,SOL 코리아메가테크액티브,20260824,009150,삼성전기,69.00,"90,804,000","90,942,000",4.06
444200,SOL 코리아메가테크액티브,20260824,018260,삼성에스디에스,362.00,"82,536,000","82,536,000",3.68
444200,SOL 코리아메가테크액티브,20260824,000270,기아,449.00,"58,774,100","59,043,500",2.64
444200,SOL 코리아메가테크액티브,20260824,012330,현대모비스,110.00,"54,560,000","54,835,000",2.45
444200,SOL 코리아메가테크액티브,20260824,267260,HD현대일렉트릭,69.00,"49,542,000","49,680,000",2.22
444200,SOL 코리아메가테크액티브,20260824,009540,HD한국조선해양,137.00,"47,744,500","48,429,500",2.16
444200,SOL 코리아메가테크액티브,20260824,010120,LS ELECTRIC,243.00,"45,441,000","46,728,900",2.09
444200,SOL 코리아메가테크액티브,20260824,298040,효성중공업,16.00,"43,536,000","44,672,000",1.99
444200,SOL 코리아메가테크액티브,20260824,329180,HD현대중공업,98.00,"44,394,000","44,639,000",1.99
444200,SOL 코리아메가테크액티브,20260824,066570,LG전자,200.00,"38,900,000","39,960,000",1.78
444200,SOL 코리아메가테크액티브,20260824,402340,SK스퀘어,36.00,"40,428,000","38,736,000",1.73
444200,SOL 코리아메가테크액티브,20260824,064400,LG씨엔에스,462.00,"33,079,200","33,402,600",1.49
444200,SOL 코리아메가테크액티브,20260824,064350,현대로템,217.00,"28,231,700","29,121,400",1.30
444200,SOL 코리아메가테크액티브,20260824,015760,한국전력,921.00,"29,241,750","29,011,500",1.30
444200,SOL 코리아메가테크액티브,20260824,079550,LIG디펜스앤에어로스페이스,40.00,"27,800,000","28,680,000",1.28
444200,SOL 코리아메가테크액티브,20260824,047810,한국항공우주,212.00,"27,560,000","27,708,400",1.24
444200,SOL 코리아메가테크액티브,20260824,307950,현대오토에버,58.00,"25,984,000","26,535,000",1.18
444200,SOL 코리아메가테크액티브,20260824,377300,카카오페이,348.00,"14,790,000","15,590,400",0.70
444200,SOL 코리아메가테크액티브,20260824,011070,LG이노텍,25.00,"13,750,000","14,250,000",0.64
444200,SOL 코리아메가테크액티브,20260824,086280,현대글로비스,70.00,"13,769,000","13,916,000",0.62
444200,SOL 코리아메가테크액티브,20260824,007660,이수페타시스,130.00,"12,909,000","13,078,000",0.58
444200,SOL 코리아메가테크액티브,20260824,181710,NHN,125.00,"9,400,000","8,750,000",0.39
444200,SOL 코리아메가테크액티브,20260824,062040,산일전기,52.00,"8,569,600","8,585,200",0.38
444200,SOL 코리아메가테크액티브,20260824,353200,대덕전자,81.00,"8,448,300","8,472,600",0.38
444200,SOL 코리아메가테크액티브,20260824,095340,ISC,10.00,"1,543,000","1,542,000",0.07
444200,SOL 코리아메가테크액티브,20260824,KRD010010001,원화현금,-,-,"-23,543",0.00
444200,SOL 코리아메가테크액티브,20260825,005930,삼성전자,"2,288.00","588,016,000","588,016,000",25.98
444200,SOL 코리아메가테크액티브,20260825,000660,SK하이닉스,225.00,"375,975,000","377,550,000",16.68
444200,SOL 코리아메가테크액티브,20260825,012450,한화에어로스페이스,103.00,"113,815,000","113,506,000",5.01
444200,SOL 코리아메가테크액티브,20260825,035720,카카오,"3,075.00","110,085,000","110,853,750",4.90
444200,SOL 코리아메가테크액티브,20260825,034020,두산에너빌리티,"1,339.00","97,747,000","108,057,300",4.77
444200,SOL 코리아메가테크액티브,20260825,005380,현대차,231.00,"95,634,000","97,251,000",4.30
444200,SOL 코리아메가테크액티브,20260825,009150,삼성전기,69.00,"90,942,000","93,978,000",4.15
444200,SOL 코리아메가테크액티브,20260825,018260,삼성에스디에스,362.00,"82,536,000","82,174,000",3.63
444200,SOL 코리아메가테크액티브,20260825,000270,기아,449.00,"59,043,500","60,570,100",2.68
444200,SOL 코리아메가테크액티브,20260825,012330,현대모비스,110.00,"54,835,000","54,780,000",2.42
444200,SOL 코리아메가테크액티브,20260825,009540,HD한국조선해양,137.00,"48,429,500","49,662,500",2.19
444200,SOL 코리아메가테크액티브,20260825,267260,HD현대일렉트릭,69.00,"49,680,000","49,611,000",2.19
444200,SOL 코리아메가테크액티브,20260825,010120,LS ELECTRIC,243.00,"46,728,900","47,482,200",2.10
444200,SOL 코리아메가테크액티브,20260825,329180,HD현대중공업,98.00,"44,639,000","45,521,000",2.01
444200,SOL 코리아메가테크액티브,20260825,298040,효성중공업,16.00,"44,672,000","44,080,000",1.95
444200,SOL 코리아메가테크액티브,20260825,066570,LG전자,200.00,"39,960,000","40,100,000",1.77
444200,SOL 코리아메가테크액티브,20260825,402340,SK스퀘어,36.00,"38,736,000","38,160,000",1.69
444200,SOL 코리아메가테크액티브,20260825,064400,LG씨엔에스,462.00,"33,402,600","33,726,000",1.49
444200,SOL 코리아메가테크액티브,20260825,015760,한국전력,921.00,"29,011,500","30,116,700",1.33
444200,SOL 코리아메가테크액티브,20260825,064350,현대로템,217.00,"29,121,400","28,991,200",1.28
444200,SOL 코리아메가테크액티브,20260825,079550,LIG디펜스앤에어로스페이스,40.00,"28,680,000","28,720,000",1.27
444200,SOL 코리아메가테크액티브,20260825,047810,한국항공우주,212.00,"27,708,400","27,750,800",1.23
444200,SOL 코리아메가테크액티브,20260825,307950,현대오토에버,58.00,"26,535,000","26,448,000",1.17
444200,SOL 코리아메가테크액티브,20260825,377300,카카오페이,348.00,"15,590,400","16,042,800",0.71
444200,SOL 코리아메가테크액티브,20260825,011070,LG이노텍,25.00,"14,250,000","15,050,000",0.66
444200,SOL 코리아메가테크액티브,20260825,086280,현대글로비스,70.00,"13,916,000","14,945,000",0.66
444200,SOL 코리아메가테크액티브,20260825,007660,이수페타시스,130.00,"13,078,000","13,897,000",0.61
444200,SOL 코리아메가테크액티브,20260825,353200,대덕전자,81.00,"8,472,600","8,974,800",0.40
444200,SOL 코리아메가테크액티브,20260825,062040,산일전기,52.00,"8,585,200","8,803,600",0.39
444200,SOL 코리아메가테크액티브,20260825,181710,NHN,125.00,"8,750,000","8,250,000",0.36
444200,SOL 코리아메가테크액티브,20260825,095340,ISC,10.00,"1,542,000","1,653,000",0.07
444200,SOL 코리아메가테크액티브,20260825,KRD010010001,원화현금,-,-,"-962,454",-0.04
444200,SOL 코리아메가테크액티브,20260826,005930,삼성전자,"2,288.00","588,016,000","598,312,000",26.28
444200,SOL 코리아메가테크액티브,20260826,000660,SK하이닉스,225.00,"377,550,000","379,800,000",16.68
444200,SOL 코리아메가테크액티브,20260826,034020,두산에너빌리티,"1,339.00","108,057,300","114,886,200",5.05
444200,SOL 코리아메가테크액티브,20260826,012450,한화에어로스페이스,103.00,"113,506,000","111,961,000",4.92
444200,SOL 코리아메가테크액티브,20260826,035720,카카오,"3,075.00","110,853,750","111,776,250",4.91
444200,SOL 코리아메가테크액티브,20260826,005380,현대차,231.00,"97,251,000","94,248,000",4.14
444200,SOL 코리아메가테크액티브,20260826,009150,삼성전기,69.00,"93,978,000","91,770,000",4.03
444200,SOL 코리아메가테크액티브,20260826,018260,삼성에스디에스,362.00,"82,174,000","82,536,000",3.63
444200,SOL 코리아메가테크액티브,20260826,000270,기아,449.00,"60,570,100","58,998,600",2.59
444200,SOL 코리아메가테크액티브,20260826,012330,현대모비스,110.00,"54,780,000","51,040,000",2.24
444200,SOL 코리아메가테크액티브,20260826,267260,HD현대일렉트릭,69.00,"49,611,000","50,577,000",2.22
444200,SOL 코리아메가테크액티브,20260826,009540,HD한국조선해양,137.00,"49,662,500","49,388,500",2.17
444200,SOL 코리아메가테크액티브,20260826,010120,LS ELECTRIC,243.00,"47,482,200","48,964,500",2.15
444200,SOL 코리아메가테크액티브,20260826,329180,HD현대중공업,98.00,"45,521,000","45,521,000",2.00
444200,SOL 코리아메가테크액티브,20260826,298040,효성중공업,16.00,"44,080,000","44,752,000",1.97
444200,SOL 코리아메가테크액티브,20260826,066570,LG전자,200.00,"40,100,000","40,100,000",1.76
444200,SOL 코리아메가테크액티브,20260826,402340,SK스퀘어,36.00,"38,160,000","38,088,000",1.67
444200,SOL 코리아메가테크액티브,20260826,064400,LG씨엔에스,462.00,"33,726,000","34,234,200",1.50
444200,SOL 코리아메가테크액티브,20260826,015760,한국전력,921.00,"30,116,700","32,050,800",1.41
444200,SOL 코리아메가테크액티브,20260826,064350,현대로템,217.00,"28,991,200","29,598,800",1.30
444200,SOL 코리아메가테크액티브,20260826,079550,LIG디펜스앤에어로스페이스,40.00,"28,720,000","28,400,000",1.25
444200,SOL 코리아메가테크액티브,20260826,047810,한국항공우주,212.00,"27,750,800","28,005,200",1.23
444200,SOL 코리아메가테크액티브,20260826,307950,현대오토에버,58.00,"26,448,000","24,041,000",1.06
444200,SOL 코리아메가테크액티브,20260826,377300,카카오페이,348.00,"16,042,800","16,112,400",0.71
444200,SOL 코리아메가테크액티브,20260826,011070,LG이노텍,25.00,"15,050,000","14,575,000",0.64
444200,SOL 코리아메가테크액티브,20260826,007660,이수페타시스,130.00,"13,897,000","14,404,000",0.63
444200,SOL 코리아메가테크액티브,20260826,086280,현대글로비스,70.00,"14,945,000","14,315,000",0.63
444200,SOL 코리아메가테크액티브,20260826,062040,산일전기,52.00,"8,803,600","9,198,800",0.40
444200,SOL 코리아메가테크액티브,20260826,353200,대덕전자,81.00,"8,974,800","8,667,000",0.38
444200,SOL 코리아메가테크액티브,20260826,181710,NHN,125.00,"8,250,000","8,162,500",0.36
444200,SOL 코리아메가테크액티브,20260826,095340,ISC,10.00,"1,653,000","1,648,000",0.07
444200,SOL 코리아메가테크액티브,20260826,KRD010010001,원화현금,-,-,"390,448",0.02
444200,SOL 코리아메가테크액티브,20260827,005930,삼성전자,"2,288.00","598,312,000","608,608,000",26.22
444200,SOL 코리아메가테크액티브,20260827,000660,SK하이닉스,225.00,"379,800,000","389,250,000",16.77
444200,SOL 코리아메가테크액티브,20260827,012450,한화에어로스페이스,103.00,"111,961,000","118,450,000",5.10
444200,SOL 코리아메가테크액티브,20260827,034020,두산에너빌리티,"1,339.00","114,886,200","115,020,100",4.95
444200,SOL 코리아메가테크액티브,20260827,035720,카카오,"3,075.00","111,776,250","110,700,000",4.77
444200,SOL 코리아메가테크액티브,20260827,009150,삼성전기,69.00,"91,770,000","95,565,000",4.12
444200,SOL 코리아메가테크액티브,20260827,005380,현대차,231.00,"94,248,000","91,938,000",3.96
444200,SOL 코리아메가테크액티브,20260827,018260,삼성에스디에스,362.00,"82,536,000","84,708,000",3.65
444200,SOL 코리아메가테크액티브,20260827,267260,HD현대일렉트릭,69.00,"50,577,000","56,649,000",2.44
444200,SOL 코리아메가테크액티브,20260827,000270,기아,449.00,"58,998,600","56,618,900",2.44
444200,SOL 코리아메가테크액티브,20260827,010120,LS ELECTRIC,243.00,"48,964,500","53,338,500",2.30
444200,SOL 코리아메가테크액티브,20260827,012330,현대모비스,110.00,"51,040,000","49,665,000",2.14
444200,SOL 코리아메가테크액티브,20260827,009540,HD한국조선해양,137.00,"49,388,500","49,388,500",2.13
444200,SOL 코리아메가테크액티브,20260827,298040,효성중공업,16.00,"44,752,000","49,264,000",2.12
444200,SOL 코리아메가테크액티브,20260827,329180,HD현대중공업,98.00,"45,521,000","46,060,000",1.98
444200,SOL 코리아메가테크액티브,20260827,066570,LG전자,200.00,"40,100,000","39,660,000",1.71
444200,SOL 코리아메가테크액티브,20260827,402340,SK스퀘어,36.00,"38,088,000","38,448,000",1.66
444200,SOL 코리아메가테크액티브,20260827,064400,LG씨엔에스,462.00,"34,234,200","34,372,800",1.48
444200,SOL 코리아메가테크액티브,20260827,015760,한국전력,921.00,"32,050,800","31,267,950",1.35
444200,SOL 코리아메가테크액티브,20260827,064350,현대로템,217.00,"29,598,800","30,076,200",1.30
444200,SOL 코리아메가테크액티브,20260827,079550,LIG디펜스앤에어로스페이스,40.00,"28,400,000","29,800,000",1.28
444200,SOL 코리아메가테크액티브,20260827,047810,한국항공우주,212.00,"28,005,200","29,171,200",1.26
444200,SOL 코리아메가테크액티브,20260827,307950,현대오토에버,58.00,"24,041,000","23,983,000",1.03
444200,SOL 코리아메가테크액티브,20260827,377300,카카오페이,348.00,"16,112,400","16,321,200",0.70
444200,SOL 코리아메가테크액티브,20260827,011070,LG이노텍,25.00,"14,575,000","14,925,000",0.64
444200,SOL 코리아메가테크액티브,20260827,007660,이수페타시스,130.00,"14,404,000","14,664,000",0.63
444200,SOL 코리아메가테크액티브,20260827,086280,현대글로비스,70.00,"14,315,000","14,245,000",0.61
444200,SOL 코리아메가테크액티브,20260827,062040,산일전기,52.00,"9,198,800","10,478,000",0.45
444200,SOL 코리아메가테크액티브,20260827,353200,대덕전자,81.00,"8,667,000","9,015,300",0.39
444200,SOL 코리아메가테크액티브,20260827,181710,NHN,125.00,"8,162,500","8,762,500",0.38
444200,SOL 코리아메가테크액티브,20260827,095340,ISC,10.00,"1,648,000","1,712,000",0.07
444200,SOL 코리아메가테크액티브,20260827,KRD010010001,원화현금,-,-,"-629,612",-0.03
444200,SOL 코리아메가테크액티브,20260828,005930,삼성전자,"2,288.00","608,608,000","588,016,000",25.65
444200,SOL 코리아메가테크액티브,20260828,000660,SK하이닉스,225.00,"389,250,000","371,925,000",16.22
444200,SOL 코리아메가테크액티브,20260828,012450,한화에어로스페이스,103.00,"118,450,000","119,171,000",5.20
444200,SOL 코리아메가테크액티브,20260828,034020,두산에너빌리티,"1,339.00","115,020,100","118,099,800",5.15
444200,SOL 코리아메가테크액티브,20260828,035720,카카오,"3,075.00","110,700,000","113,313,750",4.94
444200,SOL 코리아메가테크액티브,20260828,009150,삼성전기,69.00,"95,565,000","98,049,000",4.28
444200,SOL 코리아메가테크액티브,20260828,005380,현대차,231.00,"91,938,000","92,284,500",4.03
444200,SOL 코리아메가테크액티브,20260828,018260,삼성에스디에스,362.00,"84,708,000","87,966,000",3.84
444200,SOL 코리아메가테크액티브,20260828,000270,기아,449.00,"56,618,900","57,472,000",2.51
444200,SOL 코리아메가테크액티브,20260828,267260,HD현대일렉트릭,69.00,"56,649,000","56,166,000",2.45
444200,SOL 코리아메가테크액티브,20260828,010120,LS ELECTRIC,243.00,"53,338,500","52,123,500",2.27
444200,SOL 코리아메가테크액티브,20260828,298040,효성중공업,16.00,"49,264,000","50,448,000",2.20
444200,SOL 코리아메가테크액티브,20260828,012330,현대모비스,110.00,"49,665,000","49,555,000",2.16
444200,SOL 코리아메가테크액티브,20260828,009540,HD한국조선해양,137.00,"49,388,500","48,566,500",2.12
444200,SOL 코리아메가테크액티브,20260828,329180,HD현대중공업,98.00,"46,060,000","44,786,000",1.95
444200,SOL 코리아메가테크액티브,20260828,066570,LG전자,200.00,"39,660,000","40,300,000",1.76
444200,SOL 코리아메가테크액티브,20260828,402340,SK스퀘어,36.00,"38,448,000","37,008,000",1.61
444200,SOL 코리아메가테크액티브,20260828,064400,LG씨엔에스,462.00,"34,372,800","35,019,600",1.53
444200,SOL 코리아메가테크액티브,20260828,064350,현대로템,217.00,"30,076,200","30,184,700",1.32
444200,SOL 코리아메가테크액티브,20260828,015760,한국전력,921.00,"31,267,950","29,978,550",1.31
444200,SOL 코리아메가테크액티브,20260828,079550,LIG디펜스앤에어로스페이스,40.00,"29,800,000","29,360,000",1.28
444200,SOL 코리아메가테크액티브,20260828,047810,한국항공우주,212.00,"29,171,200","28,217,200",1.23
444200,SOL 코리아메가테크액티브,20260828,307950,현대오토에버,58.00,"23,983,000","24,128,000",1.05
444200,SOL 코리아메가테크액티브,20260828,377300,카카오페이,348.00,"16,321,200","16,477,800",0.72
444200,SOL 코리아메가테크액티브,20260828,011070,LG이노텍,25.00,"14,925,000","15,275,000",0.67
444200,SOL 코리아메가테크액티브,20260828,007660,이수페타시스,130.00,"14,664,000","14,664,000",0.64
444200,SOL 코리아메가테크액티브,20260828,086280,현대글로비스,70.00,"14,245,000","14,350,000",0.63
444200,SOL 코리아메가테크액티브,20260828,062040,산일전기,52.00,"10,478,000","10,530,000",0.46
444200,SOL 코리아메가테크액티브,20260828,353200,대덕전자,81.00,"9,015,300","8,715,600",0.38
444200,SOL 코리아메가테크액티브,20260828,181710,NHN,125.00,"8,762,500","8,712,500",0.38
444200,SOL 코리아메가테크액티브,20260828,095340,ISC,10.00,"1,712,000","1,734,000",0.08
444200,SOL 코리아메가테크액티브,20260828,KRD010010001,원화현금,-,-,"128,214",0.01
495060,TIME 코리아밸류업액티브,20260824,005930,삼성전자,"1,187.00","334,140,500","305,059,000",21.81
495060,TIME 코리아밸류업액티브,20260824,000660,SK하이닉스,172.00,"297,560,000","287,412,000",20.54
495060,TIME 코리아밸류업액티브,20260824,402340,SK스퀘어,115.00,"129,145,000","123,740,000",8.84
495060,TIME 코리아밸류업액티브,20260824,105560,KB금융,388.00,"63,748,400","63,282,800",4.52
495060,TIME 코리아밸류업액티브,20260824,055550,신한지주,531.00,"55,277,100","54,852,300",3.92
495060,TIME 코리아밸류업액티브,20260824,086790,하나금융지주,395.00,"50,876,000","50,836,500",3.63
495060,TIME 코리아밸류업액티브,20260824,005380,현대차,117.00,"48,555,000","48,438,000",3.46
495060,TIME 코리아밸류업액티브,20260824,012450,한화에어로스페이스,42.00,"45,570,000","46,410,000",3.32
495060,TIME 코리아밸류업액티브,20260824,257720,실리콘투,872.00,"41,550,800","43,120,400",3.08
495060,TIME 코리아밸류업액티브,20260824,009150,삼성전기,26.00,"34,216,000","34,268,000",2.45
495060,TIME 코리아밸류업액티브,20260824,034730,SK,59.00,"34,574,000","32,391,000",2.32
495060,TIME 코리아밸류업액티브,20260824,005830,DB손해보험,172.00,"30,581,600","31,046,000",2.22
495060,TIME 코리아밸류업액티브,20260824,012330,현대모비스,61.00,"30,256,000","30,408,500",2.17
495060,TIME 코리아밸류업액티브,20260824,316140,우리금융지주,951.00,"30,194,250","30,384,450",2.17
495060,TIME 코리아밸류업액티브,20260824,278470,에이피알,68.00,"26,180,000","27,846,000",1.99
495060,TIME 코리아밸류업액티브,20260824,267260,HD현대일렉트릭,29.00,"20,822,000","20,880,000",1.49
495060,TIME 코리아밸류업액티브,20260824,079550,LIG디펜스앤에어로스페이스,26.00,"18,070,000","18,642,000",1.33
495060,TIME 코리아밸류업액티브,20260824,329180,HD현대중공업,36.00,"16,308,000","16,398,000",1.17
495060,TIME 코리아밸류업액티브,20260824,078930,GS,138.00,"16,035,600","15,814,800",1.13
495060,TIME 코리아밸류업액티브,20260824,017670,SK텔레콤,147.00,"15,023,400","15,038,100",1.07
495060,TIME 코리아밸류업액티브,20260824,214450,파마리서치,36.00,"14,418,000","14,976,000",1.07
495060,TIME 코리아밸류업액티브,20260824,006800,미래에셋증권,399.00,"13,765,500","13,865,250",0.99
495060,TIME 코리아밸류업액티브,20260824,192820,코스맥스,44.00,"11,924,000","12,584,000",0.90
495060,TIME 코리아밸류업액티브,20260824,058470,리노공업,190.00,"12,483,000","12,274,000",0.88
495060,TIME 코리아밸류업액티브,20260824,003230,삼양식품,8.00,"10,928,000","11,232,000",0.80
495060,TIME 코리아밸류업액티브,20260824,011070,LG이노텍,18.00,"9,900,000","10,260,000",0.73
495060,TIME 코리아밸류업액티브,20260824,033780,KT&G,55.00,"9,476,500","9,526,000",0.68
495060,TIME 코리아밸류업액티브,20260824,071050,한국금융지주,46.00,"8,487,000","8,431,800",0.60
495060,TIME 코리아밸류업액티브,20260824,039490,키움증권,23.00,"6,164,000","6,152,500",0.44
495060,TIME 코리아밸류업액티브,20260824,KRD010010001,원화현금,-,-,"3,424,632",0.24
495060,TIME 코리아밸류업액티브,20260825,005930,삼성전자,"1,187.00","305,059,000","305,059,000",21.60
495060,TIME 코리아밸류업액티브,20260825,000660,SK하이닉스,172.00,"287,412,000","288,616,000",20.44
495060,TIME 코리아밸류업액티브,20260825,402340,SK스퀘어,115.00,"123,740,000","121,900,000",8.63
495060,TIME 코리아밸류업액티브,20260825,105560,KB금융,388.00,"63,282,800","64,563,200",4.57
495060,TIME 코리아밸류업액티브,20260825,055550,신한지주,531.00,"54,852,300","56,551,500",4.00
495060,TIME 코리아밸류업액티브,20260825,086790,하나금융지주,395.00,"50,836,500","51,666,000",3.66
495060,TIME 코리아밸류업액티브,20260825,005380,현대차,117.00,"48,438,000","49,257,000",3.49
495060,TIME 코리아밸류업액티브,20260825,012450,한화에어로스페이스,42.00,"46,410,000","46,284,000",3.28
495060,TIME 코리아밸류업액티브,20260825,257720,실리콘투,872.00,"43,120,400","45,256,800",3.20
495060,TIME 코리아밸류업액티브,20260825,009150,삼성전기,26.00,"34,268,000","35,412,000",2.51
495060,TIME 코리아밸류업액티브,20260825,034730,SK,59.00,"32,391,000","32,804,000",2.32
495060,TIME 코리아밸류업액티브,20260825,005830,DB손해보험,172.00,"31,046,000","31,390,000",2.22
495060,TIME 코리아밸류업액티브,20260825,316140,우리금융지주,951.00,"30,384,450","31,002,600",2.20
495060,TIME 코리아밸류업액티브,20260825,012330,현대모비스,61.00,"30,408,500","30,378,000",2.15
495060,TIME 코리아밸류업액티브,20260825,278470,에이피알,68.00,"27,846,000","29,954,000",2.12
495060,TIME 코리아밸류업액티브,20260825,267260,HD현대일렉트릭,29.00,"20,880,000","20,851,000",1.48
495060,TIME 코리아밸류업액티브,20260825,079550,LIG디펜스앤에어로스페이스,26.00,"18,642,000","18,668,000",1.32
495060,TIME 코리아밸류업액티브,20260825,078930,GS,138.00,"15,814,800","16,808,400",1.19
495060,TIME 코리아밸류업액티브,20260825,329180,HD현대중공업,36.00,"16,398,000","16,722,000",1.18
495060,TIME 코리아밸류업액티브,20260825,214450,파마리서치,36.00,"14,976,000","14,922,000",1.06
495060,TIME 코리아밸류업액티브,20260825,017670,SK텔레콤,147.00,"15,038,100","14,538,300",1.03
495060,TIME 코리아밸류업액티브,20260825,006800,미래에셋증권,399.00,"13,865,250","14,284,200",1.01
495060,TIME 코리아밸류업액티브,20260825,058470,리노공업,190.00,"12,274,000","12,806,000",0.91
495060,TIME 코리아밸류업액티브,20260825,192820,코스맥스,44.00,"12,584,000","12,716,000",0.90
495060,TIME 코리아밸류업액티브,20260825,003230,삼양식품,8.00,"11,232,000","11,440,000",0.81
495060,TIME 코리아밸류업액티브,20260825,011070,LG이노텍,18.00,"10,260,000","10,836,000",0.77
495060,TIME 코리아밸류업액티브,20260825,033780,KT&G,55.00,"9,526,000","9,647,000",0.68
495060,TIME 코리아밸류업액티브,20260825,071050,한국금융지주,46.00,"8,431,800","8,809,000",0.62
495060,TIME 코리아밸류업액티브,20260825,039490,키움증권,23.00,"6,152,500","6,348,000",0.45
495060,TIME 코리아밸류업액티브,20260825,KRD010010001,원화현금,-,-,"2,616,625",0.19
495060,TIME 코리아밸류업액티브,20260826,005930,삼성전자,"1,132.00","290,924,000","296,018,000",20.84
495060,TIME 코리아밸류업액티브,20260826,000660,SK하이닉스,172.00,"288,616,000","290,336,000",20.44
495060,TIME 코리아밸류업액티브,20260826,402340,SK스퀘어,102.00,"108,120,000","107,916,000",7.60
495060,TIME 코리아밸류업액티브,20260826,105560,KB금융,388.00,"64,563,200","64,640,800",4.55
495060,TIME 코리아밸류업액티브,20260826,055550,신한지주,531.00,"56,551,500","57,029,400",4.02
495060,TIME 코리아밸류업액티브,20260826,086790,하나금융지주,395.00,"51,666,000","52,614,000",3.70
495060,TIME 코리아밸류업액티브,20260826,257720,실리콘투,"1,013.00","52,574,700","52,473,400",3.69
495060,TIME 코리아밸류업액티브,20260826,005380,현대차,117.00,"49,257,000","47,736,000",3.36
495060,TIME 코리아밸류업액티브,20260826,012450,한화에어로스페이스,42.00,"46,284,000","45,654,000",3.21
495060,TIME 코리아밸류업액티브,20260826,009150,삼성전기,26.00,"35,412,000","34,580,000",2.43
495060,TIME 코리아밸류업액티브,20260826,005830,DB손해보험,172.00,"31,390,000","32,112,400",2.26
495060,TIME 코리아밸류업액티브,20260826,316140,우리금융지주,951.00,"31,002,600","31,383,000",2.21
495060,TIME 코리아밸류업액티브,20260826,278470,에이피알,68.00,"29,954,000","30,056,000",2.12
495060,TIME 코리아밸류업액티브,20260826,012330,현대모비스,61.00,"30,378,000","28,304,000",1.99
495060,TIME 코리아밸류업액티브,20260826,003230,삼양식품,18.00,"25,740,000","27,126,000",1.91
495060,TIME 코리아밸류업액티브,20260826,034730,SK,47.00,"26,132,000","26,038,000",1.83
495060,TIME 코리아밸류업액티브,20260826,267260,HD현대일렉트릭,29.00,"20,851,000","21,257,000",1.50
495060,TIME 코리아밸류업액티브,20260826,079550,LIG디펜스앤에어로스페이스,26.00,"18,668,000","18,460,000",1.30
495060,TIME 코리아밸류업액티브,20260826,078930,GS,138.00,"16,808,400","17,622,600",1.24
495060,TIME 코리아밸류업액티브,20260826,329180,HD현대중공업,36.00,"16,722,000","16,722,000",1.18
495060,TIME 코리아밸류업액티브,20260826,356860,티엘비,414.00,"16,021,800","16,208,100",1.14
495060,TIME 코리아밸류업액티브,20260826,214450,파마리서치,36.00,"14,922,000","15,912,000",1.12
495060,TIME 코리아밸류업액티브,20260826,017670,SK텔레콤,147.00,"14,538,300","14,641,200",1.03
495060,TIME 코리아밸류업액티브,20260826,006800,미래에셋증권,399.00,"14,284,200","14,483,700",1.02
495060,TIME 코리아밸류업액티브,20260826,192820,코스맥스,44.00,"12,716,000","12,672,000",0.89
495060,TIME 코리아밸류업액티브,20260826,058470,리노공업,190.00,"12,806,000","12,616,000",0.89
495060,TIME 코리아밸류업액티브,20260826,011070,LG이노텍,18.00,"10,836,000","10,494,000",0.74
495060,TIME 코리아밸류업액티브,20260826,033780,KT&G,55.00,"9,647,000","9,608,500",0.68
495060,TIME 코리아밸류업액티브,20260826,071050,한국금융지주,46.00,"8,809,000","8,795,200",0.62
495060,TIME 코리아밸류업액티브,20260826,039490,키움증권,23.00,"6,348,000","6,405,500",0.45
495060,TIME 코리아밸류업액티브,20260826,KRD010010001,원화현금,-,-,"223,233",0.02
495060,TIME 코리아밸류업액티브,20260827,005930,삼성전자,"1,134.00","296,541,000","301,644,000",20.99
495060,TIME 코리아밸류업액티브,20260827,000660,SK하이닉스,172.00,"290,336,000","297,560,000",20.71
495060,TIME 코리아밸류업액티브,20260827,402340,SK스퀘어,62.00,"65,596,000","66,216,000",4.61
495060,TIME 코리아밸류업액티브,20260827,105560,KB금융,388.00,"64,640,800","65,222,800",4.54
495060,TIME 코리아밸류업액티브,20260827,055550,신한지주,531.00,"57,029,400","57,772,800",4.02
495060,TIME 코리아밸류업액티브,20260827,086790,하나금융지주,395.00,"52,614,000","52,772,000",3.67
495060,TIME 코리아밸류업액티브,20260827,257720,실리콘투,"1,012.00","52,421,600","49,739,800",3.46
495060,TIME 코리아밸류업액티브,20260827,012450,한화에어로스페이스,42.00,"45,654,000","48,300,000",3.36
495060,TIME 코리아밸류업액티브,20260827,005380,현대차,117.00,"47,736,000","46,566,000",3.24
495060,TIME 코리아밸류업액티브,20260827,278470,에이피알,100.00,"44,200,000","43,450,000",3.02
495060,TIME 코리아밸류업액티브,20260827,003230,삼양식품,28.00,"42,196,000","41,440,000",2.88
495060,TIME 코리아밸류업액티브,20260827,009150,삼성전기,26.00,"34,580,000","36,010,000",2.51
495060,TIME 코리아밸류업액티브,20260827,356860,티엘비,778.00,"30,458,700","32,287,000",2.25
495060,TIME 코리아밸류업액티브,20260827,005830,DB손해보험,172.00,"32,112,400","31,648,000",2.20
495060,TIME 코리아밸류업액티브,20260827,316140,우리금융지주,951.00,"31,383,000","31,335,450",2.18
495060,TIME 코리아밸류업액티브,20260827,012330,현대모비스,61.00,"28,304,000","27,541,500",1.92
495060,TIME 코리아밸류업액티브,20260827,267260,HD현대일렉트릭,29.00,"21,257,000","23,809,000",1.66
495060,TIME 코리아밸류업액티브,20260827,079550,LIG디펜스앤에어로스페이스,26.00,"18,460,000","19,370,000",1.35
495060,TIME 코리아밸류업액티브,20260827,078930,GS,138.00,"17,622,600","17,001,600",1.18
495060,TIME 코리아밸류업액티브,20260827,329180,HD현대중공업,36.00,"16,722,000","16,920,000",1.18
495060,TIME 코리아밸류업액티브,20260827,214450,파마리서치,36.00,"15,912,000","15,570,000",1.08
495060,TIME 코리아밸류업액티브,20260827,222800,심텍,121.00,"13,636,700","15,354,900",1.07
495060,TIME 코리아밸류업액티브,20260827,017670,SK텔레콤,147.00,"14,641,200","14,567,700",1.01
495060,TIME 코리아밸류업액티브,20260827,006800,미래에셋증권,399.00,"14,483,700","14,403,900",1.00
495060,TIME 코리아밸류업액티브,20260827,058470,리노공업,190.00,"12,616,000","12,673,000",0.88
495060,TIME 코리아밸류업액티브,20260827,192820,코스맥스,44.00,"12,672,000","12,452,000",0.87
495060,TIME 코리아밸류업액티브,20260827,011070,LG이노텍,18.00,"10,494,000","10,746,000",0.75
495060,TIME 코리아밸류업액티브,20260827,033780,KT&G,55.00,"9,608,500","9,597,500",0.67
495060,TIME 코리아밸류업액티브,20260827,071050,한국금융지주,46.00,"8,795,200","8,804,400",0.61
495060,TIME 코리아밸류업액티브,20260827,039490,키움증권,23.00,"6,405,500","6,428,500",0.45
495060,TIME 코리아밸류업액티브,20260827,034730,SK,9.00,"4,986,000","5,004,000",0.35
495060,TIME 코리아밸류업액티브,20260827,KRD010010001,원화현금,-,-,"4,821,414",0.34
495060,TIME 코리아밸류업액티브,20260828,005930,삼성전자,"1,132.00","301,112,000","290,924,000",20.40
495060,TIME 코리아밸류업액티브,20260828,000660,SK하이닉스,172.00,"297,560,000","284,316,000",19.94
495060,TIME 코리아밸류업액티브,20260828,105560,KB금융,388.00,"65,222,800","66,580,800",4.67
495060,TIME 코리아밸류업액티브,20260828,402340,SK스퀘어,62.00,"66,216,000","63,736,000",4.47
495060,TIME 코리아밸류업액티브,20260828,055550,신한지주,531.00,"57,772,800","58,250,700",4.08
495060,TIME 코리아밸류업액티브,20260828,257720,실리콘투,"1,016.00","49,936,400","54,152,800",3.80
495060,TIME 코리아밸류업액티브,20260828,086790,하나금융지주,395.00,"52,772,000","53,720,000",3.77
495060,TIME 코리아밸류업액티브,20260828,012450,한화에어로스페이스,42.00,"48,300,000","48,594,000",3.41
495060,TIME 코리아밸류업액티브,20260828,005380,현대차,117.00,"46,566,000","46,741,500",3.28
495060,TIME 코리아밸류업액티브,20260828,278470,에이피알,100.00,"43,450,000","46,150,000",3.24
495060,TIME 코리아밸류업액티브,20260828,003230,삼양식품,28.00,"41,440,000","43,316,000",3.04
495060,TIME 코리아밸류업액티브,20260828,009150,삼성전기,26.00,"36,010,000","36,946,000",2.59
495060,TIME 코리아밸류업액티브,20260828,316140,우리금융지주,951.00,"31,335,450","32,238,900",2.26
495060,TIME 코리아밸류업액티브,20260828,005830,DB손해보험,172.00,"31,648,000","32,232,800",2.26
495060,TIME 코리아밸류업액티브,20260828,356860,티엘비,779.00,"32,328,500","30,848,400",2.16
495060,TIME 코리아밸류업액티브,20260828,012330,현대모비스,61.00,"27,541,500","27,480,500",1.93
495060,TIME 코리아밸류업액티브,20260828,267260,HD현대일렉트릭,29.00,"23,809,000","23,606,000",1.66
495060,TIME 코리아밸류업액티브,20260828,079550,LIG디펜스앤에어로스페이스,26.00,"19,370,000","19,084,000",1.34
495060,TIME 코리아밸류업액티브,20260828,078930,GS,138.00,"17,001,600","17,829,600",1.25
495060,TIME 코리아밸류업액티브,20260828,329180,HD현대중공업,37.00,"17,390,000","16,909,000",1.19
495060,TIME 코리아밸류업액티브,20260828,214450,파마리서치,36.00,"15,570,000","16,614,000",1.17
495060,TIME 코리아밸류업액티브,20260828,222800,심텍,121.00,"15,354,900","14,858,800",1.04
495060,TIME 코리아밸류업액티브,20260828,017670,SK텔레콤,147.00,"14,567,700","14,494,200",1.02
495060,TIME 코리아밸류업액티브,20260828,006800,미래에셋증권,399.00,"14,403,900","14,423,850",1.01
495060,TIME 코리아밸류업액티브,20260828,192820,코스맥스,44.00,"12,452,000","13,332,000",0.93
495060,TIME 코리아밸류업액티브,20260828,058470,리노공업,190.00,"12,673,000","12,692,000",0.89
495060,TIME 코리아밸류업액티브,20260828,011070,LG이노텍,18.00,"10,746,000","10,998,000",0.77
495060,TIME 코리아밸류업액티브,20260828,033780,KT&G,55.00,"9,597,500","9,696,500",0.68
495060,TIME 코리아밸류업액티브,20260828,071050,한국금융지주,46.00,"8,804,400","8,799,800",0.62
495060,TIME 코리아밸류업액티브,20260828,039490,키움증권,23.00,"6,428,500","6,405,500",0.45
495060,TIME 코리아밸류업액티브,20260828,034730,SK,9.00,"5,004,000","4,887,000",0.34
495060,TIME 코리아밸류업액티브,20260828,KRD010010001,원화현금,-,-,"5,138,901",0.36
442260,마이티 다이나믹퀀트액티브,20260824,005930,삼성전자,"1,544.00","434,636,000","396,808,000",26.97
442260,마이티 다이나믹퀀트액티브,20260824,000660,SK하이닉스,199.00,"344,270,000","332,529,000",22.60
442260,마이티 다이나믹퀀트액티브,20260824,0112X0,마이티 200TR,"6,381.00","264,811,500","254,442,375",17.29
442260,마이티 다이나믹퀀트액티브,20260824,402340,SK스퀘어,42.00,"47,166,000","45,192,000",3.07
442260,마이티 다이나믹퀀트액티브,20260824,009150,삼성전기,29.00,"38,164,000","38,222,000",2.60
442260,마이티 다이나믹퀀트액티브,20260824,000270,기아,172.00,"22,514,800","22,618,000",1.54
442260,마이티 다이나믹퀀트액티브,20260824,066570,LG전자,102.00,"19,839,000","20,379,600",1.39
442260,마이티 다이나믹퀀트액티브,20260824,034730,SK,36.00,"21,096,000","19,764,000",1.34
442260,마이티 다이나믹퀀트액티브,20260824,105560,KB금융,109.00,"17,908,700","17,777,900",1.21
442260,마이티 다이나믹퀀트액티브,20260824,005380,현대차,41.00,"17,015,000","16,974,000",1.15
442260,마이티 다이나믹퀀트액티브,20260824,010950,S-Oil,112.00,"15,803,200","15,814,400",1.07
442260,마이티 다이나믹퀀트액티브,20260824,010120,LS ELECTRIC,79.00,"14,773,000","15,191,700",1.03
442260,마이티 다이나믹퀀트액티브,20260824,055550,신한지주,143.00,"14,886,300","14,771,900",1.00
442260,마이티 다이나믹퀀트액티브,20260824,015760,한국전력,455.00,"14,446,250","14,332,500",0.97
442260,마이티 다이나믹퀀트액티브,20260824,011070,LG이노텍,24.00,"13,200,000","13,680,000",0.93
442260,마이티 다이나믹퀀트액티브,20260824,079550,LIG디펜스앤에어로스페이스,17.00,"11,815,000","12,189,000",0.83
442260,마이티 다이나믹퀀트액티브,20260824,010060,OCI홀딩스,45.00,"11,925,000","12,105,000",0.82
442260,마이티 다이나믹퀀트액티브,20260824,086790,하나금융지주,86.00,"11,076,800","11,068,200",0.75
442260,마이티 다이나믹퀀트액티브,20260824,010130,고려아연,7.00,"8,659,000","9,408,000",0.64
442260,마이티 다이나믹퀀트액티브,20260824,047040,대우건설,594.00,"9,462,420","9,361,440",0.64
442260,마이티 다이나믹퀀트액티브,20260824,028050,삼성E&A,208.00,"9,391,200","9,318,400",0.63
442260,마이티 다이나믹퀀트액티브,20260824,011200,HMM,366.00,"7,905,600","8,363,100",0.57
442260,마이티 다이나믹퀀트액티브,20260824,003550,LG,72.00,"7,754,400","8,172,000",0.56
442260,마이티 다이나믹퀀트액티브,20260824,032830,삼성생명,28.00,"9,198,000","7,994,000",0.54
442260,마이티 다이나믹퀀트액티브,20260824,003670,포스코퓨처엠,46.00,"7,125,400","7,861,400",0.53
442260,마이티 다이나믹퀀트액티브,20260824,316140,우리금융지주,237.00,"7,524,750","7,572,150",0.51
442260,마이티 다이나믹퀀트액티브,20260824,375500,DL이앤씨,93.00,"6,342,600","6,379,800",0.43
442260,마이티 다이나믹퀀트액티브,20260824,000810,삼성화재,10.00,"6,610,000","6,360,000",0.43
442260,마이티 다이나믹퀀트액티브,20260824,352820,하이브,35.00,"5,876,500","6,111,000",0.42
442260,마이티 다이나믹퀀트액티브,20260824,036570,NC,26.00,"5,837,000","5,876,000",0.40
442260,마이티 다이나믹퀀트액티브,20260824,068270,셀트리온,30.00,"5,769,000","5,820,000",0.40
442260,마이티 다이나믹퀀트액티브,20260824,272210,한화시스템,83.00,"5,834,900","5,818,300",0.40
442260,마이티 다이나믹퀀트액티브,20260824,267270,HD건설기계,44.00,"5,082,000","5,592,400",0.38
442260,마이티 다이나믹퀀트액티브,20260824,003490,대한항공,210.00,"5,418,000","5,460,000",0.37
442260,마이티 다이나믹퀀트액티브,20260824,006260,LS,17.00,"4,989,500","4,904,500",0.33
442260,마이티 다이나믹퀀트액티브,20260824,139480,이마트,66.00,"4,745,400","4,791,600",0.33
442260,마이티 다이나믹퀀트액티브,20260824,066970,엘앤에프,39.00,"4,075,500","4,742,400",0.32
442260,마이티 다이나믹퀀트액티브,20260824,307950,현대오토에버,10.00,"4,480,000","4,575,000",0.31
442260,마이티 다이나믹퀀트액티브,20260824,051900,LG생활건강,14.00,"4,382,000","4,424,000",0.30
442260,마이티 다이나믹퀀트액티브,20260824,000990,DB하이텍,47.00,"4,215,900","4,093,700",0.28
442260,마이티 다이나믹퀀트액티브,20260824,001440,대한전선,150.00,"3,997,500","4,005,000",0.27
442260,마이티 다이나믹퀀트액티브,20260824,004020,현대제철,130.00,"3,510,000","3,640,000",0.25
442260,마이티 다이나믹퀀트액티브,20260824,006800,미래에셋증권,98.00,"3,381,000","3,405,500",0.23
442260,마이티 다이나믹퀀트액티브,20260824,023530,롯데쇼핑,32.00,"3,094,400","3,078,400",0.21
442260,마이티 다이나믹퀀트액티브,20260824,138040,메리츠금융지주,26.00,"3,000,400","3,000,400",0.20
442260,마이티 다이나믹퀀트액티브,20260824,005830,DB손해보험,15.00,"2,667,000","2,707,500",0.18
442260,마이티 다이나믹퀀트액티브,20260824,323410,카카오뱅크,120.00,"2,556,000","2,592,000",0.18
442260,마이티 다이나믹퀀트액티브,20260824,071050,한국금융지주,14.00,"2,583,000","2,566,200",0.17
442260,마이티 다이나믹퀀트액티브,20260824,298020,효성티앤씨,8.00,"2,496,000","2,540,000",0.17
442260,마이티 다이나믹퀀트액티브,20260824,377300,카카오페이,49.00,"2,082,500","2,195,200",0.15
442260,마이티 다이나믹퀀트액티브,20260824,009420,한올바이오파마,35.00,"1,977,500","2,093,000",0.14
442260,마이티 다이나믹퀀트액티브,20260824,024110,기업은행,98.00,"1,960,000","1,979,600",0.13
442260,마이티 다이나믹퀀트액티브,20260824,016360,삼성증권,21.00,"1,932,000","1,818,600",0.12
442260,마이티 다이나믹퀀트액티브,20260824,120110,코오롱인더,33.00,"1,638,450","1,659,900",0.11
442260,마이티 다이나믹퀀트액티브,20260824,000210,DL,35.00,"1,634,500","1,641,500",0.11
442260,마이티 다이나믹퀀트액티브,20260824,175330,JB금융지주,56.00,"1,489,600","1,526,000",0.10
442260,마이티 다이나믹퀀트액티브,20260824,005940,NH투자증권,53.00,"1,383,300","1,375,350",0.09
442260,마이티 다이나믹퀀트액티브,20260824,039490,키움증권,5.00,"1,340,000","1,337,500",0.09
442260,마이티 다이나믹퀀트액티브,20260824,138930,BNK금융지주,93.00,"1,330,830","1,335,480",0.09
442260,마이티 다이나믹퀀트액티브,20260824,034020,두산에너빌리티,16.00,"1,172,800","1,168,000",0.08
442260,마이티 다이나믹퀀트액티브,20260824,004000,롯데정밀화학,25.00,"1,103,750","1,140,000",0.08
442260,마이티 다이나믹퀀트액티브,20260824,001450,현대해상,21.00,"1,044,750","1,062,600",0.07
442260,마이티 다이나믹퀀트액티브,20260824,036460,한국가스공사,26.00,"926,900","949,000",0.06
442260,마이티 다이나믹퀀트액티브,20260824,185750,종근당,12.00,"802,800","829,200",0.06
442260,마이티 다이나믹퀀트액티브,20260824,139130,iM금융지주,48.00,"824,640","821,280",0.06
442260,마이티 다이나믹퀀트액티브,20260824,088350,한화생명,120.00,"656,400","628,800",0.04
442260,마이티 다이나믹퀀트액티브,20260824,006650,대한유화,6.00,"481,800","497,400",0.03
442260,마이티 다이나믹퀀트액티브,20260824,000670,영풍,7.00,"261,100","276,150",0.02
442260,마이티 다이나믹퀀트액티브,20260824,018260,삼성에스디에스,1.00,"228,000","228,000",0.02
442260,마이티 다이나믹퀀트액티브,20260824,001430,세아베스틸지주,5.00,"196,750","209,000",0.01
442260,마이티 다이나믹퀀트액티브,20260824,KRD010010001,원화현금,-,-,"2,142,101",0.15
442260,마이티 다이나믹퀀트액티브,20260825,005930,삼성전자,"1,544.00","396,808,000","396,808,000",26.77
442260,마이티 다이나믹퀀트액티브,20260825,000660,SK하이닉스,199.00,"332,529,000","333,922,000",22.53
442260,마이티 다이나믹퀀트액티브,20260825,0112X0,마이티 200TR,"6,381.00","254,442,375","256,452,390",17.30
442260,마이티 다이나믹퀀트액티브,20260825,402340,SK스퀘어,42.00,"45,192,000","44,520,000",3.00
442260,마이티 다이나믹퀀트액티브,20260825,009150,삼성전기,29.00,"38,222,000","39,498,000",2.66
442260,마이티 다이나믹퀀트액티브,20260825,000270,기아,172.00,"22,618,000","23,202,800",1.57
442260,마이티 다이나믹퀀트액티브,20260825,066570,LG전자,102.00,"20,379,600","20,451,000",1.38
442260,마이티 다이나믹퀀트액티브,20260825,034730,SK,36.00,"19,764,000","20,016,000",1.35
442260,마이티 다이나믹퀀트액티브,20260825,105560,KB금융,109.00,"17,777,900","18,137,600",1.22
442260,마이티 다이나믹퀀트액티브,20260825,005380,현대차,41.00,"16,974,000","17,261,000",1.16
442260,마이티 다이나믹퀀트액티브,20260825,010950,S-Oil,112.00,"15,814,400","15,668,800",1.06
442260,마이티 다이나믹퀀트액티브,20260825,010120,LS ELECTRIC,79.00,"15,191,700","15,436,600",1.04
442260,마이티 다이나믹퀀트액티브,20260825,055550,신한지주,143.00,"14,771,900","15,229,500",1.03
442260,마이티 다이나믹퀀트액티브,20260825,015760,한국전력,455.00,"14,332,500","14,878,500",1.00
442260,마이티 다이나믹퀀트액티브,20260825,011070,LG이노텍,24.00,"13,680,000","14,448,000",0.97
442260,마이티 다이나믹퀀트액티브,20260825,010060,OCI홀딩스,45.00,"12,105,000","12,375,000",0.83
442260,마이티 다이나믹퀀트액티브,20260825,079550,LIG디펜스앤에어로스페이스,17.00,"12,189,000","12,206,000",0.82
442260,마이티 다이나믹퀀트액티브,20260825,086790,하나금융지주,86.00,"11,068,200","11,248,800",0.76
442260,마이티 다이나믹퀀트액티브,20260825,047040,대우건설,594.00,"9,361,440","10,466,280",0.71
442260,마이티 다이나믹퀀트액티브,20260825,010130,고려아연,7.00,"9,408,000","9,989,000",0.67
442260,마이티 다이나믹퀀트액티브,20260825,028050,삼성E&A,208.00,"9,318,400","9,536,800",0.64
442260,마이티 다이나믹퀀트액티브,20260825,011200,HMM,366.00,"8,363,100","8,289,900",0.56
442260,마이티 다이나믹퀀트액티브,20260825,003550,LG,72.00,"8,172,000","8,107,200",0.55
442260,마이티 다이나믹퀀트액티브,20260825,032830,삼성생명,28.00,"7,994,000","7,980,000",0.54
442260,마이티 다이나믹퀀트액티브,20260825,316140,우리금융지주,237.00,"7,572,150","7,726,200",0.52
442260,마이티 다이나믹퀀트액티브,20260825,003670,포스코퓨처엠,46.00,"7,861,400","7,718,800",0.52
442260,마이티 다이나믹퀀트액티브,20260825,375500,DL이앤씨,93.00,"6,379,800","6,537,900",0.44
442260,마이티 다이나믹퀀트액티브,20260825,000810,삼성화재,10.00,"6,360,000","6,480,000",0.44
442260,마이티 다이나믹퀀트액티브,20260825,272210,한화시스템,83.00,"5,818,300","6,034,100",0.41
442260,마이티 다이나믹퀀트액티브,20260825,352820,하이브,35.00,"6,111,000","6,027,000",0.41
442260,마이티 다이나믹퀀트액티브,20260825,267270,HD건설기계,44.00,"5,592,400","5,931,200",0.40
442260,마이티 다이나믹퀀트액티브,20260825,036570,NC,26.00,"5,876,000","5,850,000",0.39
442260,마이티 다이나믹퀀트액티브,20260825,068270,셀트리온,30.00,"5,820,000","5,688,000",0.38
442260,마이티 다이나믹퀀트액티브,20260825,003490,대한항공,210.00,"5,460,000","5,523,000",0.37
442260,마이티 다이나믹퀀트액티브,20260825,006260,LS,17.00,"4,904,500","5,006,500",0.34
442260,마이티 다이나믹퀀트액티브,20260825,139480,이마트,66.00,"4,791,600","4,804,800",0.32
442260,마이티 다이나믹퀀트액티브,20260825,066970,엘앤에프,39.00,"4,742,400","4,695,600",0.32
442260,마이티 다이나믹퀀트액티브,20260825,307950,현대오토에버,10.00,"4,575,000","4,560,000",0.31
442260,마이티 다이나믹퀀트액티브,20260825,051900,LG생활건강,14.00,"4,424,000","4,424,000",0.30
442260,마이티 다이나믹퀀트액티브,20260825,000990,DB하이텍,47.00,"4,093,700","4,356,900",0.29
442260,마이티 다이나믹퀀트액티브,20260825,001440,대한전선,150.00,"4,005,000","4,125,000",0.28
442260,마이티 다이나믹퀀트액티브,20260825,004020,현대제철,130.00,"3,640,000","3,913,000",0.26
442260,마이티 다이나믹퀀트액티브,20260825,006800,미래에셋증권,98.00,"3,405,500","3,508,400",0.24
442260,마이티 다이나믹퀀트액티브,20260825,023530,롯데쇼핑,32.00,"3,078,400","3,164,800",0.21
442260,마이티 다이나믹퀀트액티브,20260825,138040,메리츠금융지주,26.00,"3,000,400","3,140,800",0.21
442260,마이티 다이나믹퀀트액티브,20260825,005830,DB손해보험,15.00,"2,707,500","2,737,500",0.18
442260,마이티 다이나믹퀀트액티브,20260825,071050,한국금융지주,14.00,"2,566,200","2,681,000",0.18
442260,마이티 다이나믹퀀트액티브,20260825,323410,카카오뱅크,120.00,"2,592,000","2,592,000",0.17
442260,마이티 다이나믹퀀트액티브,20260825,298020,효성티앤씨,8.00,"2,540,000","2,592,000",0.17
442260,마이티 다이나믹퀀트액티브,20260825,377300,카카오페이,49.00,"2,195,200","2,258,900",0.15
442260,마이티 다이나믹퀀트액티브,20260825,009420,한올바이오파마,35.00,"2,093,000","2,124,500",0.14
442260,마이티 다이나믹퀀트액티브,20260825,024110,기업은행,98.00,"1,979,600","1,984,500",0.13
442260,마이티 다이나믹퀀트액티브,20260825,016360,삼성증권,21.00,"1,818,600","1,856,400",0.13
442260,마이티 다이나믹퀀트액티브,20260825,120110,코오롱인더,33.00,"1,659,900","1,821,600",0.12
442260,마이티 다이나믹퀀트액티브,20260825,000210,DL,35.00,"1,641,500","1,685,250",0.11
442260,마이티 다이나믹퀀트액티브,20260825,175330,JB금융지주,56.00,"1,526,000","1,540,000",0.10
442260,마이티 다이나믹퀀트액티브,20260825,005940,NH투자증권,53.00,"1,375,350","1,409,800",0.10
442260,마이티 다이나믹퀀트액티브,20260825,138930,BNK금융지주,93.00,"1,335,480","1,380,120",0.09
442260,마이티 다이나믹퀀트액티브,20260825,039490,키움증권,5.00,"1,337,500","1,380,000",0.09
442260,마이티 다이나믹퀀트액티브,20260825,034020,두산에너빌리티,16.00,"1,168,000","1,291,200",0.09
442260,마이티 다이나믹퀀트액티브,20260825,004000,롯데정밀화학,25.00,"1,140,000","1,146,250",0.08
442260,마이티 다이나믹퀀트액티브,20260825,001450,현대해상,21.00,"1,062,600","1,066,800",0.07
442260,마이티 다이나믹퀀트액티브,20260825,036460,한국가스공사,26.00,"949,000","956,800",0.06
442260,마이티 다이나믹퀀트액티브,20260825,139130,iM금융지주,48.00,"821,280","842,400",0.06
442260,마이티 다이나믹퀀트액티브,20260825,185750,종근당,12.00,"829,200","810,000",0.05
442260,마이티 다이나믹퀀트액티브,20260825,088350,한화생명,120.00,"628,800","644,400",0.04
442260,마이티 다이나믹퀀트액티브,20260825,006650,대한유화,6.00,"497,400","492,000",0.03
442260,마이티 다이나믹퀀트액티브,20260825,000670,영풍,7.00,"276,150","282,450",0.02
442260,마이티 다이나믹퀀트액티브,20260825,018260,삼성에스디에스,1.00,"228,000","227,000",0.02
442260,마이티 다이나믹퀀트액티브,20260825,001430,세아베스틸지주,5.00,"209,000","222,000",0.01
442260,마이티 다이나믹퀀트액티브,20260825,KRD010010001,원화현금,-,-,"740,254",0.05
442260,마이티 다이나믹퀀트액티브,20260826,005930,삼성전자,"1,544.00","396,808,000","403,756,000",26.98
442260,마이티 다이나믹퀀트액티브,20260826,000660,SK하이닉스,199.00,"333,922,000","335,912,000",22.44
442260,마이티 다이나믹퀀트액티브,20260826,0112X0,마이티 200TR,"6,381.00","256,452,390","258,845,265",17.29
442260,마이티 다이나믹퀀트액티브,20260826,402340,SK스퀘어,42.00,"44,520,000","44,436,000",2.97
442260,마이티 다이나믹퀀트액티브,20260826,009150,삼성전기,29.00,"39,498,000","38,570,000",2.58
442260,마이티 다이나믹퀀트액티브,20260826,000270,기아,172.00,"23,202,800","22,600,800",1.51
442260,마이티 다이나믹퀀트액티브,20260826,066570,LG전자,102.00,"20,451,000","20,451,000",1.37
442260,마이티 다이나믹퀀트액티브,20260826,034730,SK,36.00,"20,016,000","19,944,000",1.33
442260,마이티 다이나믹퀀트액티브,20260826,105560,KB금융,109.00,"18,137,600","18,159,400",1.21
442260,마이티 다이나믹퀀트액티브,20260826,005380,현대차,41.00,"17,261,000","16,728,000",1.12
442260,마이티 다이나믹퀀트액티브,20260826,010120,LS ELECTRIC,79.00,"15,436,600","15,918,500",1.06
442260,마이티 다이나믹퀀트액티브,20260826,015760,한국전력,455.00,"14,878,500","15,834,000",1.06
442260,마이티 다이나믹퀀트액티브,20260826,010950,S-Oil,112.00,"15,668,800","15,792,000",1.06
442260,마이티 다이나믹퀀트액티브,20260826,055550,신한지주,143.00,"15,229,500","15,358,200",1.03
442260,마이티 다이나믹퀀트액티브,20260826,011070,LG이노텍,24.00,"14,448,000","13,992,000",0.93
442260,마이티 다이나믹퀀트액티브,20260826,010060,OCI홀딩스,45.00,"12,375,000","12,397,500",0.83
442260,마이티 다이나믹퀀트액티브,20260826,079550,LIG디펜스앤에어로스페이스,17.00,"12,206,000","12,070,000",0.81
442260,마이티 다이나믹퀀트액티브,20260826,086790,하나금융지주,86.00,"11,248,800","11,455,200",0.77
442260,마이티 다이나믹퀀트액티브,20260826,047040,대우건설,594.00,"10,466,280","11,345,400",0.76
442260,마이티 다이나믹퀀트액티브,20260826,028050,삼성E&A,208.00,"9,536,800","10,036,000",0.67
442260,마이티 다이나믹퀀트액티브,20260826,010130,고려아연,7.00,"9,989,000","9,604,000",0.64
442260,마이티 다이나믹퀀트액티브,20260826,032830,삼성생명,28.00,"7,980,000","8,666,000",0.58
442260,마이티 다이나믹퀀트액티브,20260826,003550,LG,72.00,"8,107,200","8,236,800",0.55
442260,마이티 다이나믹퀀트액티브,20260826,316140,우리금융지주,237.00,"7,726,200","7,821,000",0.52
442260,마이티 다이나믹퀀트액티브,20260826,011200,HMM,366.00,"8,289,900","7,814,100",0.52
442260,마이티 다이나믹퀀트액티브,20260826,003670,포스코퓨처엠,46.00,"7,718,800","7,760,200",0.52
442260,마이티 다이나믹퀀트액티브,20260826,375500,DL이앤씨,93.00,"6,537,900","6,816,900",0.46
442260,마이티 다이나믹퀀트액티브,20260826,000810,삼성화재,10.00,"6,480,000","6,800,000",0.45
442260,마이티 다이나믹퀀트액티브,20260826,352820,하이브,35.00,"6,027,000","6,268,500",0.42
442260,마이티 다이나믹퀀트액티브,20260826,267270,HD건설기계,44.00,"5,931,200","6,151,200",0.41
442260,마이티 다이나믹퀀트액티브,20260826,272210,한화시스템,83.00,"6,034,100","6,092,200",0.41
442260,마이티 다이나믹퀀트액티브,20260826,003490,대한항공,210.00,"5,523,000","5,911,500",0.39
442260,마이티 다이나믹퀀트액티브,20260826,036570,NC,26.00,"5,850,000","5,889,000",0.39
442260,마이티 다이나믹퀀트액티브,20260826,068270,셀트리온,30.00,"5,688,000","5,802,000",0.39
442260,마이티 다이나믹퀀트액티브,20260826,006260,LS,17.00,"5,006,500","4,989,500",0.33
442260,마이티 다이나믹퀀트액티브,20260826,139480,이마트,66.00,"4,804,800","4,956,600",0.33
442260,마이티 다이나믹퀀트액티브,20260826,066970,엘앤에프,39.00,"4,695,600","4,765,800",0.32
442260,마이티 다이나믹퀀트액티브,20260826,051900,LG생활건강,14.00,"4,424,000","4,354,000",0.29
442260,마이티 다이나믹퀀트액티브,20260826,000990,DB하이텍,47.00,"4,356,900","4,300,500",0.29
442260,마이티 다이나믹퀀트액티브,20260826,001440,대한전선,150.00,"4,125,000","4,230,000",0.28
442260,마이티 다이나믹퀀트액티브,20260826,307950,현대오토에버,10.00,"4,560,000","4,145,000",0.28
442260,마이티 다이나믹퀀트액티브,20260826,004020,현대제철,130.00,"3,913,000","3,861,000",0.26
442260,마이티 다이나믹퀀트액티브,20260826,006800,미래에셋증권,98.00,"3,508,400","3,557,400",0.24
442260,마이티 다이나믹퀀트액티브,20260826,023530,롯데쇼핑,32.00,"3,164,800","3,363,200",0.22
442260,마이티 다이나믹퀀트액티브,20260826,138040,메리츠금융지주,26.00,"3,140,800","3,068,000",0.20
442260,마이티 다이나믹퀀트액티브,20260826,005830,DB손해보험,15.00,"2,737,500","2,800,500",0.19
442260,마이티 다이나믹퀀트액티브,20260826,071050,한국금융지주,14.00,"2,681,000","2,676,800",0.18
442260,마이티 다이나믹퀀트액티브,20260826,298020,효성티앤씨,8.00,"2,592,000","2,620,000",0.18
442260,마이티 다이나믹퀀트액티브,20260826,323410,카카오뱅크,120.00,"2,592,000","2,580,000",0.17
442260,마이티 다이나믹퀀트액티브,20260826,377300,카카오페이,49.00,"2,258,900","2,268,700",0.15
442260,마이티 다이나믹퀀트액티브,20260826,009420,한올바이오파마,35.00,"2,124,500","2,215,500",0.15
442260,마이티 다이나믹퀀트액티브,20260826,024110,기업은행,98.00,"1,984,500","1,994,300",0.13
442260,마이티 다이나믹퀀트액티브,20260826,016360,삼성증권,21.00,"1,856,400","1,858,500",0.12
442260,마이티 다이나믹퀀트액티브,20260826,000210,DL,35.00,"1,685,250","1,737,750",0.12
442260,마이티 다이나믹퀀트액티브,20260826,120110,코오롱인더,33.00,"1,821,600","1,735,800",0.12
442260,마이티 다이나믹퀀트액티브,20260826,175330,JB금융지주,56.00,"1,540,000","1,556,800",0.10
442260,마이티 다이나믹퀀트액티브,20260826,005940,NH투자증권,53.00,"1,409,800","1,412,450",0.09
442260,마이티 다이나믹퀀트액티브,20260826,039490,키움증권,5.00,"1,380,000","1,392,500",0.09
442260,마이티 다이나믹퀀트액티브,20260826,138930,BNK금융지주,93.00,"1,380,120","1,383,840",0.09
442260,마이티 다이나믹퀀트액티브,20260826,034020,두산에너빌리티,16.00,"1,291,200","1,372,800",0.09
442260,마이티 다이나믹퀀트액티브,20260826,004000,롯데정밀화학,25.00,"1,146,250","1,181,250",0.08
442260,마이티 다이나믹퀀트액티브,20260826,001450,현대해상,21.00,"1,066,800","1,081,500",0.07
442260,마이티 다이나믹퀀트액티브,20260826,036460,한국가스공사,26.00,"956,800","964,600",0.06
442260,마이티 다이나믹퀀트액티브,20260826,139130,iM금융지주,48.00,"842,400","845,760",0.06
442260,마이티 다이나믹퀀트액티브,20260826,185750,종근당,12.00,"810,000","825,600",0.06
442260,마이티 다이나믹퀀트액티브,20260826,088350,한화생명,120.00,"644,400","669,600",0.04
442260,마이티 다이나믹퀀트액티브,20260826,006650,대한유화,6.00,"492,000","528,000",0.04
442260,마이티 다이나믹퀀트액티브,20260826,000670,영풍,7.00,"282,450","278,950",0.02
442260,마이티 다이나믹퀀트액티브,20260826,018260,삼성에스디에스,1.00,"227,000","228,000",0.02
442260,마이티 다이나믹퀀트액티브,20260826,001430,세아베스틸지주,5.00,"222,000","214,500",0.01
442260,마이티 다이나믹퀀트액티브,20260826,KRD010010001,원화현금,-,-,"1,437,405",0.10
442260,마이티 다이나믹퀀트액티브,20260827,005930,삼성전자,"1,544.00","403,756,000","410,704,000",27.05
442260,마이티 다이나믹퀀트액티브,20260827,000660,SK하이닉스,199.00,"335,912,000","344,270,000",22.67
442260,마이티 다이나믹퀀트액티브,20260827,0112X0,마이티 200TR,"6,381.00","258,845,265","260,440,515",17.15
442260,마이티 다이나믹퀀트액티브,20260827,402340,SK스퀘어,42.00,"44,436,000","44,856,000",2.95
442260,마이티 다이나믹퀀트액티브,20260827,009150,삼성전기,29.00,"38,570,000","40,165,000",2.64
442260,마이티 다이나믹퀀트액티브,20260827,000270,기아,172.00,"22,600,800","21,689,200",1.43
442260,마이티 다이나믹퀀트액티브,20260827,066570,LG전자,102.00,"20,451,000","20,226,600",1.33
442260,마이티 다이나믹퀀트액티브,20260827,034730,SK,36.00,"19,944,000","20,016,000",1.32
442260,마이티 다이나믹퀀트액티브,20260827,105560,KB금융,109.00,"18,159,400","18,322,900",1.21
442260,마이티 다이나믹퀀트액티브,20260827,010120,LS ELECTRIC,79.00,"15,918,500","17,340,500",1.14
442260,마이티 다이나믹퀀트액티브,20260827,005380,현대차,41.00,"16,728,000","16,318,000",1.07
442260,마이티 다이나믹퀀트액티브,20260827,055550,신한지주,143.00,"15,358,200","15,558,400",1.02
442260,마이티 다이나믹퀀트액티브,20260827,015760,한국전력,455.00,"15,834,000","15,447,250",1.02
442260,마이티 다이나믹퀀트액티브,20260827,010950,S-Oil,112.00,"15,792,000","15,310,400",1.01
442260,마이티 다이나믹퀀트액티브,20260827,011070,LG이노텍,24.00,"13,992,000","14,328,000",0.94
442260,마이티 다이나믹퀀트액티브,20260827,079550,LIG디펜스앤에어로스페이스,17.00,"12,070,000","12,665,000",0.83
442260,마이티 다이나믹퀀트액티브,20260827,010060,OCI홀딩스,45.00,"12,397,500","12,420,000",0.82
442260,마이티 다이나믹퀀트액티브,20260827,047040,대우건설,594.00,"11,345,400","11,880,000",0.78
442260,마이티 다이나믹퀀트액티브,20260827,086790,하나금융지주,86.00,"11,455,200","11,489,600",0.76
442260,마이티 다이나믹퀀트액티브,20260827,028050,삼성E&A,208.00,"10,036,000","10,420,800",0.69
442260,마이티 다이나믹퀀트액티브,20260827,010130,고려아연,7.00,"9,604,000","9,604,000",0.63
442260,마이티 다이나믹퀀트액티브,20260827,032830,삼성생명,28.00,"8,666,000","8,596,000",0.57
442260,마이티 다이나믹퀀트액티브,20260827,003670,포스코퓨처엠,46.00,"7,760,200","8,464,000",0.56
442260,마이티 다이나믹퀀트액티브,20260827,003550,LG,72.00,"8,236,800","8,244,000",0.54
442260,마이티 다이나믹퀀트액티브,20260827,011200,HMM,366.00,"7,814,100","7,850,700",0.52
442260,마이티 다이나믹퀀트액티브,20260827,316140,우리금융지주,237.00,"7,821,000","7,809,150",0.51
442260,마이티 다이나믹퀀트액티브,20260827,375500,DL이앤씨,93.00,"6,816,900","6,909,900",0.46
442260,마이티 다이나믹퀀트액티브,20260827,000810,삼성화재,10.00,"6,800,000","6,820,000",0.45
442260,마이티 다이나믹퀀트액티브,20260827,272210,한화시스템,83.00,"6,092,200","6,465,700",0.43
442260,마이티 다이나믹퀀트액티브,20260827,352820,하이브,35.00,"6,268,500","6,247,500",0.41
442260,마이티 다이나믹퀀트액티브,20260827,267270,HD건설기계,44.00,"6,151,200","6,186,400",0.41
442260,마이티 다이나믹퀀트액티브,20260827,003490,대한항공,210.00,"5,911,500","5,922,000",0.39
442260,마이티 다이나믹퀀트액티브,20260827,036570,NC,26.00,"5,889,000","5,798,000",0.38
442260,마이티 다이나믹퀀트액티브,20260827,068270,셀트리온,30.00,"5,802,000","5,739,000",0.38
442260,마이티 다이나믹퀀트액티브,20260827,006260,LS,17.00,"4,989,500","5,321,000",0.35
442260,마이티 다이나믹퀀트액티브,20260827,066970,엘앤에프,39.00,"4,765,800","5,062,200",0.33
442260,마이티 다이나믹퀀트액티브,20260827,139480,이마트,66.00,"4,956,600","4,884,000",0.32
442260,마이티 다이나믹퀀트액티브,20260827,000990,DB하이텍,47.00,"4,300,500","4,483,800",0.30
442260,마이티 다이나믹퀀트액티브,20260827,001440,대한전선,150.00,"4,230,000","4,470,000",0.29
442260,마이티 다이나믹퀀트액티브,20260827,051900,LG생활건강,14.00,"4,354,000","4,179,000",0.28
442260,마이티 다이나믹퀀트액티브,20260827,307950,현대오토에버,10.00,"4,145,000","4,135,000",0.27
442260,마이티 다이나믹퀀트액티브,20260827,004020,현대제철,130.00,"3,861,000","4,088,500",0.27
442260,마이티 다이나믹퀀트액티브,20260827,006800,미래에셋증권,98.00,"3,557,400","3,537,800",0.23
442260,마이티 다이나믹퀀트액티브,20260827,023530,롯데쇼핑,32.00,"3,363,200","3,331,200",0.22
442260,마이티 다이나믹퀀트액티브,20260827,138040,메리츠금융지주,26.00,"3,068,000","3,094,000",0.20
442260,마이티 다이나믹퀀트액티브,20260827,005830,DB손해보험,15.00,"2,800,500","2,760,000",0.18
442260,마이티 다이나믹퀀트액티브,20260827,071050,한국금융지주,14.00,"2,676,800","2,679,600",0.18
442260,마이티 다이나믹퀀트액티브,20260827,298020,효성티앤씨,8.00,"2,620,000","2,664,000",0.18
442260,마이티 다이나믹퀀트액티브,20260827,323410,카카오뱅크,120.00,"2,580,000","2,592,000",0.17
442260,마이티 다이나믹퀀트액티브,20260827,377300,카카오페이,49.00,"2,268,700","2,298,100",0.15
442260,마이티 다이나믹퀀트액티브,20260827,009420,한올바이오파마,35.00,"2,215,500","2,250,500",0.15
442260,마이티 다이나믹퀀트액티브,20260827,024110,기업은행,98.00,"1,994,300","2,009,000",0.13
442260,마이티 다이나믹퀀트액티브,20260827,016360,삼성증권,21.00,"1,858,500","1,854,300",0.12
442260,마이티 다이나믹퀀트액티브,20260827,000210,DL,35.00,"1,737,750","1,750,000",0.12
442260,마이티 다이나믹퀀트액티브,20260827,120110,코오롱인더,33.00,"1,735,800","1,749,000",0.12
442260,마이티 다이나믹퀀트액티브,20260827,175330,JB금융지주,56.00,"1,556,800","1,568,000",0.10
442260,마이티 다이나믹퀀트액티브,20260827,005940,NH투자증권,53.00,"1,412,450","1,409,800",0.09
442260,마이티 다이나믹퀀트액티브,20260827,039490,키움증권,5.00,"1,392,500","1,397,500",0.09
442260,마이티 다이나믹퀀트액티브,20260827,138930,BNK금융지주,93.00,"1,383,840","1,392,210",0.09
442260,마이티 다이나믹퀀트액티브,20260827,034020,두산에너빌리티,16.00,"1,372,800","1,374,400",0.09
442260,마이티 다이나믹퀀트액티브,20260827,004000,롯데정밀화학,25.00,"1,181,250","1,180,000",0.08
442260,마이티 다이나믹퀀트액티브,20260827,001450,현대해상,21.00,"1,081,500","1,027,950",0.07
442260,마이티 다이나믹퀀트액티브,20260827,036460,한국가스공사,26.00,"964,600","959,400",0.06
442260,마이티 다이나믹퀀트액티브,20260827,139130,iM금융지주,48.00,"845,760","850,080",0.06
442260,마이티 다이나믹퀀트액티브,20260827,185750,종근당,12.00,"825,600","805,200",0.05
442260,마이티 다이나믹퀀트액티브,20260827,088350,한화생명,120.00,"669,600","657,600",0.04
442260,마이티 다이나믹퀀트액티브,20260827,006650,대한유화,6.00,"528,000","537,000",0.04
442260,마이티 다이나믹퀀트액티브,20260827,000670,영풍,7.00,"278,950","281,750",0.02
442260,마이티 다이나믹퀀트액티브,20260827,018260,삼성에스디에스,1.00,"228,000","234,000",0.02
442260,마이티 다이나믹퀀트액티브,20260827,001430,세아베스틸지주,5.00,"214,500","217,250",0.01
442260,마이티 다이나믹퀀트액티브,20260827,KRD010010001,원화현금,-,-,"934,942",0.06
442260,마이티 다이나믹퀀트액티브,20260828,005930,삼성전자,"1,544.00","410,704,000","396,808,000",26.65
442260,마이티 다이나믹퀀트액티브,20260828,000660,SK하이닉스,199.00,"344,270,000","328,947,000",22.10
442260,마이티 다이나믹퀀트액티브,20260828,0112X0,마이티 200TR,"6,381.00","260,440,515","257,409,540",17.29
442260,마이티 다이나믹퀀트액티브,20260828,402340,SK스퀘어,42.00,"44,856,000","43,176,000",2.90
442260,마이티 다이나믹퀀트액티브,20260828,009150,삼성전기,29.00,"40,165,000","41,209,000",2.77
442260,마이티 다이나믹퀀트액티브,20260828,000270,기아,172.00,"21,689,200","22,016,000",1.48
442260,마이티 다이나믹퀀트액티브,20260828,066570,LG전자,102.00,"20,226,600","20,553,000",1.38
442260,마이티 다이나믹퀀트액티브,20260828,034730,SK,36.00,"20,016,000","19,548,000",1.31
442260,마이티 다이나믹퀀트액티브,20260828,105560,KB금융,109.00,"18,322,900","18,704,400",1.26
442260,마이티 다이나믹퀀트액티브,20260828,010120,LS ELECTRIC,79.00,"17,340,500","16,945,500",1.14
442260,마이티 다이나믹퀀트액티브,20260828,010950,S-Oil,112.00,"15,310,400","16,710,400",1.12
442260,마이티 다이나믹퀀트액티브,20260828,005380,현대차,41.00,"16,318,000","16,379,500",1.10
442260,마이티 다이나믹퀀트액티브,20260828,055550,신한지주,143.00,"15,558,400","15,687,100",1.05
442260,마이티 다이나믹퀀트액티브,20260828,015760,한국전력,455.00,"15,447,250","14,810,250",0.99
442260,마이티 다이나믹퀀트액티브,20260828,011070,LG이노텍,24.00,"14,328,000","14,664,000",0.99
442260,마이티 다이나믹퀀트액티브,20260828,079550,LIG디펜스앤에어로스페이스,17.00,"12,665,000","12,478,000",0.84
442260,마이티 다이나믹퀀트액티브,20260828,010060,OCI홀딩스,45.00,"12,420,000","12,352,500",0.83
442260,마이티 다이나믹퀀트액티브,20260828,086790,하나금융지주,86.00,"11,489,600","11,696,000",0.79
442260,마이티 다이나믹퀀트액티브,20260828,047040,대우건설,594.00,"11,880,000","11,695,860",0.79
442260,마이티 다이나믹퀀트액티브,20260828,028050,삼성E&A,208.00,"10,420,800","10,140,000",0.68
442260,마이티 다이나믹퀀트액티브,20260828,010130,고려아연,7.00,"9,604,000","9,625,000",0.65
442260,마이티 다이나믹퀀트액티브,20260828,032830,삼성생명,28.00,"8,596,000","8,680,000",0.58
442260,마이티 다이나믹퀀트액티브,20260828,003670,포스코퓨처엠,46.00,"8,464,000","8,569,800",0.58
442260,마이티 다이나믹퀀트액티브,20260828,003550,LG,72.00,"8,244,000","8,373,600",0.56
442260,마이티 다이나믹퀀트액티브,20260828,316140,우리금융지주,237.00,"7,809,150","8,034,300",0.54
442260,마이티 다이나믹퀀트액티브,20260828,011200,HMM,366.00,"7,850,700","7,942,200",0.53
442260,마이티 다이나믹퀀트액티브,20260828,000810,삼성화재,10.00,"6,820,000","6,870,000",0.46
442260,마이티 다이나믹퀀트액티브,20260828,375500,DL이앤씨,93.00,"6,909,900","6,816,900",0.46
442260,마이티 다이나믹퀀트액티브,20260828,352820,하이브,35.00,"6,247,500","6,300,000",0.42
442260,마이티 다이나믹퀀트액티브,20260828,272210,한화시스템,83.00,"6,465,700","6,291,400",0.42
442260,마이티 다이나믹퀀트액티브,20260828,003490,대한항공,210.00,"5,922,000","6,027,000",0.40
442260,마이티 다이나믹퀀트액티브,20260828,267270,HD건설기계,44.00,"6,186,400","6,010,400",0.40
442260,마이티 다이나믹퀀트액티브,20260828,036570,NC,26.00,"5,798,000","5,850,000",0.39
442260,마이티 다이나믹퀀트액티브,20260828,068270,셀트리온,30.00,"5,739,000","5,721,000",0.38
442260,마이티 다이나믹퀀트액티브,20260828,006260,LS,17.00,"5,321,000","5,321,000",0.36
442260,마이티 다이나믹퀀트액티브,20260828,066970,엘앤에프,39.00,"5,062,200","5,257,200",0.35
442260,마이티 다이나믹퀀트액티브,20260828,139480,이마트,66.00,"4,884,000","4,956,600",0.33
442260,마이티 다이나믹퀀트액티브,20260828,001440,대한전선,150.00,"4,470,000","4,455,000",0.30
442260,마이티 다이나믹퀀트액티브,20260828,051900,LG생활건강,14.00,"4,179,000","4,452,000",0.30
442260,마이티 다이나믹퀀트액티브,20260828,000990,DB하이텍,47.00,"4,483,800","4,413,300",0.30
442260,마이티 다이나믹퀀트액티브,20260828,307950,현대오토에버,10.00,"4,135,000","4,160,000",0.28
442260,마이티 다이나믹퀀트액티브,20260828,004020,현대제철,130.00,"4,088,500","4,030,000",0.27
442260,마이티 다이나믹퀀트액티브,20260828,006800,미래에셋증권,98.00,"3,537,800","3,542,700",0.24
442260,마이티 다이나믹퀀트액티브,20260828,023530,롯데쇼핑,32.00,"3,331,200","3,267,200",0.22
442260,마이티 다이나믹퀀트액티브,20260828,138040,메리츠금융지주,26.00,"3,094,000","3,172,000",0.21
442260,마이티 다이나믹퀀트액티브,20260828,005830,DB손해보험,15.00,"2,760,000","2,811,000",0.19
442260,마이티 다이나믹퀀트액티브,20260828,298020,효성티앤씨,8.00,"2,664,000","2,768,000",0.19
442260,마이티 다이나믹퀀트액티브,20260828,071050,한국금융지주,14.00,"2,679,600","2,678,200",0.18
442260,마이티 다이나믹퀀트액티브,20260828,323410,카카오뱅크,120.00,"2,592,000","2,622,000",0.18
442260,마이티 다이나믹퀀트액티브,20260828,377300,카카오페이,49.00,"2,298,100","2,320,150",0.16
442260,마이티 다이나믹퀀트액티브,20260828,009420,한올바이오파마,35.00,"2,250,500","2,261,000",0.15
442260,마이티 다이나믹퀀트액티브,20260828,024110,기업은행,98.00,"2,009,000","2,043,300",0.14
442260,마이티 다이나믹퀀트액티브,20260828,120110,코오롱인더,33.00,"1,749,000","1,864,500",0.13
442260,마이티 다이나믹퀀트액티브,20260828,016360,삼성증권,21.00,"1,854,300","1,858,500",0.12
442260,마이티 다이나믹퀀트액티브,20260828,000210,DL,35.00,"1,750,000","1,750,000",0.12
442260,마이티 다이나믹퀀트액티브,20260828,175330,JB금융지주,56.00,"1,568,000","1,626,800",0.11
442260,마이티 다이나믹퀀트액티브,20260828,005940,NH투자증권,53.00,"1,409,800","1,412,450",0.09
442260,마이티 다이나믹퀀트액티브,20260828,034020,두산에너빌리티,16.00,"1,374,400","1,411,200",0.09
442260,마이티 다이나믹퀀트액티브,20260828,138930,BNK금융지주,93.00,"1,392,210","1,406,160",0.09
442260,마이티 다이나믹퀀트액티브,20260828,039490,키움증권,5.00,"1,397,500","1,392,500",0.09
442260,마이티 다이나믹퀀트액티브,20260828,004000,롯데정밀화학,25.00,"1,180,000","1,208,750",0.08
442260,마이티 다이나믹퀀트액티브,20260828,001450,현대해상,21.00,"1,027,950","1,100,400",0.07
442260,마이티 다이나믹퀀트액티브,20260828,036460,한국가스공사,26.00,"959,400","964,600",0.06
442260,마이티 다이나믹퀀트액티브,20260828,139130,iM금융지주,48.00,"850,080","869,760",0.06
442260,마이티 다이나믹퀀트액티브,20260828,185750,종근당,12.00,"805,200","822,000",0.06
442260,마이티 다이나믹퀀트액티브,20260828,088350,한화생명,120.00,"657,600","714,000",0.05
442260,마이티 다이나믹퀀트액티브,20260828,006650,대한유화,6.00,"537,000","574,800",0.04
442260,마이티 다이나믹퀀트액티브,20260828,000670,영풍,7.00,"281,750","288,400",0.02
442260,마이티 다이나믹퀀트액티브,20260828,018260,삼성에스디에스,1.00,"234,000","243,000",0.02
442260,마이티 다이나믹퀀트액티브,20260828,001430,세아베스틸지주,5.00,"217,250","213,000",0.01
442260,마이티 다이나믹퀀트액티브,20260828,KRD010010001,원화현금,-,-,"1,398,769",0.09
385720,TIME 코스피액티브,20260824,005930,삼성전자,"2,718.00","765,117,000","698,526,000",27.92
385720,TIME 코스피액티브,20260824,000660,SK하이닉스,340.00,"588,200,000","568,140,000",22.71
385720,TIME 코스피액티브,20260824,006400,삼성SDI,213.00,"101,814,000","109,695,000",4.38
385720,TIME 코스피액티브,20260824,105560,KB금융,590.00,"96,937,000","96,229,000",3.85
385720,TIME 코스피액티브,20260824,003230,삼양식품,55.00,"75,130,000","77,220,000",3.09
385720,TIME 코스피액티브,20260824,009150,삼성전기,50.00,"65,800,000","65,900,000",2.63
385720,TIME 코스피액티브,20260824,402340,SK스퀘어,54.00,"60,642,000","58,104,000",2.32
385720,TIME 코스피액티브,20260824,278470,에이피알,140.00,"53,900,000","57,330,000",2.29
385720,TIME 코스피액티브,20260824,017670,SK텔레콤,520.00,"53,144,000","53,196,000",2.13
385720,TIME 코스피액티브,20260824,032830,삼성생명,150.00,"49,275,000","42,825,000",1.71
385720,TIME 코스피액티브,20260824,373220,LG에너지솔루션,100.00,"34,350,000","36,200,000",1.45
385720,TIME 코스피액티브,20260824,071050,한국금융지주,190.00,"35,055,000","34,827,000",1.39
385720,TIME 코스피액티브,20260824,055550,신한지주,335.00,"34,873,500","34,605,500",1.38
385720,TIME 코스피액티브,20260824,192820,코스맥스,120.00,"32,520,000","34,320,000",1.37
385720,TIME 코스피액티브,20260824,006360,GS건설,"1,009.00","33,549,250","34,205,100",1.37
385720,TIME 코스피액티브,20260824,005490,POSCO홀딩스,100.00,"31,000,000","32,750,000",1.31
385720,TIME 코스피액티브,20260824,000810,삼성화재,50.00,"33,050,000","31,800,000",1.27
385720,TIME 코스피액티브,20260824,012450,한화에어로스페이스,28.00,"30,380,000","30,940,000",1.24
385720,TIME 코스피액티브,20260824,207940,삼성바이오로직스,18.00,"27,918,000","28,314,000",1.13
385720,TIME 코스피액티브,20260824,034730,SK,51.00,"29,886,000","27,999,000",1.12
385720,TIME 코스피액티브,20260824,000150,두산,25.00,"26,950,000","27,125,000",1.08
385720,TIME 코스피액티브,20260824,035420,NAVER,121.00,"26,862,000","27,043,500",1.08
385720,TIME 코스피액티브,20260824,005380,현대차,65.00,"26,975,000","26,910,000",1.08
385720,TIME 코스피액티브,20260824,005830,DB손해보험,149.00,"26,492,200","26,894,500",1.07
385720,TIME 코스피액티브,20260824,028260,삼성물산,70.00,"27,685,000","25,515,000",1.02
385720,TIME 코스피액티브,20260824,138040,메리츠금융지주,220.00,"25,388,000","25,388,000",1.01
385720,TIME 코스피액티브,20260824,033780,KT&G,140.00,"24,122,000","24,248,000",0.97
385720,TIME 코스피액티브,20260824,079550,LIG디펜스앤에어로스페이스,33.00,"22,935,000","23,661,000",0.95
385720,TIME 코스피액티브,20260824,006260,LS,80.00,"23,480,000","23,080,000",0.92
385720,TIME 코스피액티브,20260824,329180,HD현대중공업,50.00,"22,650,000","22,775,000",0.91
385720,TIME 코스피액티브,20260824,483650,달바글로벌,87.00,"18,835,500","20,227,500",0.81
385720,TIME 코스피액티브,20260824,181710,NHN,241.00,"18,123,200","16,870,000",0.67
385720,TIME 코스피액티브,20260824,009830,한화솔루션,506.00,"16,217,300","16,267,900",0.65
385720,TIME 코스피액티브,20260824,010120,LS ELECTRIC,80.00,"14,960,000","15,384,000",0.61
385720,TIME 코스피액티브,20260824,068270,셀트리온,79.00,"15,191,700","15,326,000",0.61
385720,TIME 코스피액티브,20260824,KRD010010001,원화현금,-,-,"12,229,176",0.49
385720,TIME 코스피액티브,20260825,005930,삼성전자,"2,718.00","698,526,000","698,526,000",27.75
385720,TIME 코스피액티브,20260825,000660,SK하이닉스,340.00,"568,140,000","570,520,000",22.67
385720,TIME 코스피액티브,20260825,006400,삼성SDI,213.00,"109,695,000","110,547,000",4.39
385720,TIME 코스피액티브,20260825,105560,KB금융,590.00,"96,229,000","98,176,000",3.90
385720,TIME 코스피액티브,20260825,003230,삼양식품,55.00,"77,220,000","78,650,000",3.12
385720,TIME 코스피액티브,20260825,009150,삼성전기,50.00,"65,900,000","68,100,000",2.71
385720,TIME 코스피액티브,20260825,278470,에이피알,140.00,"57,330,000","61,670,000",2.45
385720,TIME 코스피액티브,20260825,402340,SK스퀘어,54.00,"58,104,000","57,240,000",2.27
385720,TIME 코스피액티브,20260825,017670,SK텔레콤,520.00,"53,196,000","51,428,000",2.04
385720,TIME 코스피액티브,20260825,032830,삼성생명,150.00,"42,825,000","42,750,000",1.70
385720,TIME 코스피액티브,20260825,071050,한국금융지주,190.00,"34,827,000","36,385,000",1.45
385720,TIME 코스피액티브,20260825,055550,신한지주,335.00,"34,605,500","35,677,500",1.42
385720,TIME 코스피액티브,20260825,006360,GS건설,"1,009.00","34,205,100","35,315,000",1.40
385720,TIME 코스피액티브,20260825,373220,LG에너지솔루션,100.00,"36,200,000","34,950,000",1.39
385720,TIME 코스피액티브,20260825,192820,코스맥스,120.00,"34,320,000","34,680,000",1.38
385720,TIME 코스피액티브,20260825,005490,POSCO홀딩스,100.00,"32,750,000","33,200,000",1.32
385720,TIME 코스피액티브,20260825,000810,삼성화재,50.00,"31,800,000","32,400,000",1.29
385720,TIME 코스피액티브,20260825,012450,한화에어로스페이스,28.00,"30,940,000","30,856,000",1.23
385720,TIME 코스피액티브,20260825,207940,삼성바이오로직스,18.00,"28,314,000","28,530,000",1.13
385720,TIME 코스피액티브,20260825,034730,SK,51.00,"27,999,000","28,356,000",1.13
385720,TIME 코스피액티브,20260825,000150,두산,25.00,"27,125,000","27,525,000",1.09
385720,TIME 코스피액티브,20260825,005380,현대차,65.00,"26,910,000","27,365,000",1.09
385720,TIME 코스피액티브,20260825,005830,DB손해보험,149.00,"26,894,500","27,192,500",1.08
385720,TIME 코스피액티브,20260825,035420,NAVER,121.00,"27,043,500","26,680,500",1.06
385720,TIME 코스피액티브,20260825,138040,메리츠금융지주,220.00,"25,388,000","26,576,000",1.06
385720,TIME 코스피액티브,20260825,028260,삼성물산,70.00,"25,515,000","25,690,000",1.02
385720,TIME 코스피액티브,20260825,033780,KT&G,140.00,"24,248,000","24,556,000",0.98
385720,TIME 코스피액티브,20260825,079550,LIG디펜스앤에어로스페이스,33.00,"23,661,000","23,694,000",0.94
385720,TIME 코스피액티브,20260825,006260,LS,80.00,"23,080,000","23,560,000",0.94
385720,TIME 코스피액티브,20260825,329180,HD현대중공업,50.00,"22,775,000","23,225,000",0.92
385720,TIME 코스피액티브,20260825,483650,달바글로벌,87.00,"20,227,500","20,271,000",0.81
385720,TIME 코스피액티브,20260825,009830,한화솔루션,506.00,"16,267,900","16,369,100",0.65
385720,TIME 코스피액티브,20260825,181710,NHN,241.00,"16,870,000","15,906,000",0.63
385720,TIME 코스피액티브,20260825,010120,LS ELECTRIC,80.00,"15,384,000","15,632,000",0.62
385720,TIME 코스피액티브,20260825,068270,셀트리온,79.00,"15,326,000","14,978,400",0.60
385720,TIME 코스피액티브,20260825,KRD010010001,원화현금,-,-,"9,735,304",0.39
385720,TIME 코스피액티브,20260826,005930,삼성전자,"2,566.00","659,462,000","671,009,000",26.33
385720,TIME 코스피액티브,20260826,000660,SK하이닉스,350.00,"587,300,000","590,800,000",23.18
385720,TIME 코스피액티브,20260826,006400,삼성SDI,213.00,"110,547,000","109,908,000",4.31
385720,TIME 코스피액티브,20260826,105560,KB금융,590.00,"98,176,000","98,294,000",3.86
385720,TIME 코스피액티브,20260826,003230,삼양식품,55.00,"78,650,000","82,885,000",3.25
385720,TIME 코스피액티브,20260826,009150,삼성전기,50.00,"68,100,000","66,500,000",2.61
385720,TIME 코스피액티브,20260826,017670,SK텔레콤,650.00,"64,285,000","64,740,000",2.54
385720,TIME 코스피액티브,20260826,278470,에이피알,140.00,"61,670,000","61,880,000",2.43
385720,TIME 코스피액티브,20260826,402340,SK스퀘어,54.00,"57,240,000","57,132,000",2.24
385720,TIME 코스피액티브,20260826,034020,두산에너빌리티,450.00,"36,315,000","38,610,000",1.52
385720,TIME 코스피액티브,20260826,006360,GS건설,"1,009.00","35,315,000","38,140,200",1.50
385720,TIME 코스피액티브,20260826,055550,신한지주,335.00,"35,677,500","35,979,000",1.41
385720,TIME 코스피액티브,20260826,373220,LG에너지솔루션,100.00,"34,950,000","35,100,000",1.38
385720,TIME 코스피액티브,20260826,192820,코스맥스,120.00,"34,680,000","34,560,000",1.36
385720,TIME 코스피액티브,20260826,000810,삼성화재,50.00,"32,400,000","34,000,000",1.33
385720,TIME 코스피액티브,20260826,005490,POSCO홀딩스,100.00,"33,200,000","32,800,000",1.29
385720,TIME 코스피액티브,20260826,012450,한화에어로스페이스,28.00,"30,856,000","30,436,000",1.19
385720,TIME 코스피액티브,20260826,000150,두산,25.00,"27,525,000","29,500,000",1.16
385720,TIME 코스피액티브,20260826,207940,삼성바이오로직스,18.00,"28,530,000","28,782,000",1.13
385720,TIME 코스피액티브,20260826,034730,SK,51.00,"28,356,000","28,254,000",1.11
385720,TIME 코스피액티브,20260826,032830,삼성생명,90.00,"25,650,000","27,855,000",1.09
385720,TIME 코스피액티브,20260826,005830,DB손해보험,149.00,"27,192,500","27,818,300",1.09
385720,TIME 코스피액티브,20260826,028260,삼성물산,70.00,"25,690,000","27,125,000",1.06
385720,TIME 코스피액티브,20260826,035420,NAVER,121.00,"26,680,500","26,620,000",1.04
385720,TIME 코스피액티브,20260826,005380,현대차,65.00,"27,365,000","26,520,000",1.04
385720,TIME 코스피액티브,20260826,138040,메리츠금융지주,220.00,"26,576,000","25,960,000",1.02
385720,TIME 코스피액티브,20260826,033780,KT&G,140.00,"24,556,000","24,458,000",0.96
385720,TIME 코스피액티브,20260826,006260,LS,80.00,"23,560,000","23,480,000",0.92
385720,TIME 코스피액티브,20260826,079550,LIG디펜스앤에어로스페이스,33.00,"23,694,000","23,430,000",0.92
385720,TIME 코스피액티브,20260826,329180,HD현대중공업,50.00,"23,225,000","23,225,000",0.91
385720,TIME 코스피액티브,20260826,078930,GS,159.00,"19,366,200","20,304,300",0.80
385720,TIME 코스피액티브,20260826,483650,달바글로벌,87.00,"20,271,000","20,140,500",0.79
385720,TIME 코스피액티브,20260826,071050,한국금융지주,90.00,"17,235,000","17,208,000",0.68
385720,TIME 코스피액티브,20260826,009830,한화솔루션,507.00,"16,401,450","16,680,300",0.65
385720,TIME 코스피액티브,20260826,010120,LS ELECTRIC,80.00,"15,632,000","16,120,000",0.63
385720,TIME 코스피액티브,20260826,068270,셀트리온,79.00,"14,978,400","15,278,600",0.60
385720,TIME 코스피액티브,20260826,KRD010010001,원화현금,-,-,"16,867,801",0.66
385720,TIME 코스피액티브,20260827,005930,삼성전자,"2,566.00","671,009,000","682,556,000",26.36
385720,TIME 코스피액티브,20260827,000660,SK하이닉스,350.00,"590,800,000","605,500,000",23.38
385720,TIME 코스피액티브,20260827,006400,삼성SDI,213.00,"109,908,000","121,197,000",4.68
385720,TIME 코스피액티브,20260827,105560,KB금융,590.00,"98,294,000","99,179,000",3.83
385720,TIME 코스피액티브,20260827,003230,삼양식품,55.00,"82,885,000","81,400,000",3.14
385720,TIME 코스피액티브,20260827,009150,삼성전기,50.00,"66,500,000","69,250,000",2.67
385720,TIME 코스피액티브,20260827,017670,SK텔레콤,650.00,"64,740,000","64,415,000",2.49
385720,TIME 코스피액티브,20260827,278470,에이피알,140.00,"61,880,000","60,830,000",2.35
385720,TIME 코스피액티브,20260827,402340,SK스퀘어,54.00,"57,132,000","57,672,000",2.23
385720,TIME 코스피액티브,20260827,034020,두산에너빌리티,450.00,"38,610,000","38,655,000",1.49
385720,TIME 코스피액티브,20260827,006360,GS건설,"1,009.00","38,140,200","37,232,100",1.44
385720,TIME 코스피액티브,20260827,373220,LG에너지솔루션,100.00,"35,100,000","37,050,000",1.43
385720,TIME 코스피액티브,20260827,055550,신한지주,335.00,"35,979,000","36,448,000",1.41
385720,TIME 코스피액티브,20260827,000810,삼성화재,50.00,"34,000,000","34,100,000",1.32
385720,TIME 코스피액티브,20260827,192820,코스맥스,120.00,"34,560,000","33,960,000",1.31
385720,TIME 코스피액티브,20260827,005490,POSCO홀딩스,100.00,"32,800,000","33,950,000",1.31
385720,TIME 코스피액티브,20260827,012450,한화에어로스페이스,28.00,"30,436,000","32,200,000",1.24
385720,TIME 코스피액티브,20260827,000150,두산,25.00,"29,500,000","30,350,000",1.17
385720,TIME 코스피액티브,20260827,207940,삼성바이오로직스,18.00,"28,782,000","28,692,000",1.11
385720,TIME 코스피액티브,20260827,034730,SK,51.00,"28,254,000","28,356,000",1.10
385720,TIME 코스피액티브,20260827,032830,삼성생명,90.00,"27,855,000","27,630,000",1.07
385720,TIME 코스피액티브,20260827,005830,DB손해보험,149.00,"27,818,300","27,416,000",1.06
385720,TIME 코스피액티브,20260827,028260,삼성물산,70.00,"27,125,000","26,285,000",1.02
385720,TIME 코스피액티브,20260827,035420,NAVER,121.00,"26,620,000","26,196,500",1.01
385720,TIME 코스피액티브,20260827,138040,메리츠금융지주,220.00,"25,960,000","26,180,000",1.01
385720,TIME 코스피액티브,20260827,005380,현대차,65.00,"26,520,000","25,870,000",1.00
385720,TIME 코스피액티브,20260827,006260,LS,80.00,"23,480,000","25,040,000",0.97
385720,TIME 코스피액티브,20260827,079550,LIG디펜스앤에어로스페이스,33.00,"23,430,000","24,585,000",0.95
385720,TIME 코스피액티브,20260827,033780,KT&G,140.00,"24,458,000","24,430,000",0.94
385720,TIME 코스피액티브,20260827,329180,HD현대중공업,50.00,"23,225,000","23,500,000",0.91
385720,TIME 코스피액티브,20260827,078930,GS,159.00,"20,304,300","19,588,800",0.76
385720,TIME 코스피액티브,20260827,483650,달바글로벌,87.00,"20,140,500","19,357,500",0.75
385720,TIME 코스피액티브,20260827,010120,LS ELECTRIC,80.00,"16,120,000","17,560,000",0.68
385720,TIME 코스피액티브,20260827,071050,한국금융지주,90.00,"17,208,000","17,226,000",0.67
385720,TIME 코스피액티브,20260827,009830,한화솔루션,507.00,"16,680,300","16,933,800",0.65
385720,TIME 코스피액티브,20260827,068270,셀트리온,79.00,"15,278,600","15,112,700",0.58
385720,TIME 코스피액티브,20260827,KRD010010001,원화현금,-,-,"13,433,549",0.52
385720,TIME 코스피액티브,20260828,005930,삼성전자,"2,566.00","682,556,000","659,462,000",25.82
385720,TIME 코스피액티브,20260828,000660,SK하이닉스,350.00,"605,500,000","578,550,000",22.65
385720,TIME 코스피액티브,20260828,006400,삼성SDI,213.00,"121,197,000","121,623,000",4.76
385720,TIME 코스피액티브,20260828,105560,KB금융,590.00,"99,179,000","101,244,000",3.96
385720,TIME 코스피액티브,20260828,003230,삼양식품,55.00,"81,400,000","85,085,000",3.33
385720,TIME 코스피액티브,20260828,009150,삼성전기,50.00,"69,250,000","71,050,000",2.78
385720,TIME 코스피액티브,20260828,278470,에이피알,140.00,"60,830,000","64,610,000",2.53
385720,TIME 코스피액티브,20260828,017670,SK텔레콤,650.00,"64,415,000","64,090,000",2.51
385720,TIME 코스피액티브,20260828,402340,SK스퀘어,54.00,"57,672,000","55,512,000",2.17
385720,TIME 코스피액티브,20260828,034020,두산에너빌리티,450.00,"38,655,000","39,690,000",1.55
385720,TIME 코스피액티브,20260828,006360,GS건설,"1,009.00","37,232,100","37,484,350",1.47
385720,TIME 코스피액티브,20260828,373220,LG에너지솔루션,100.00,"37,050,000","37,000,000",1.45
385720,TIME 코스피액티브,20260828,055550,신한지주,335.00,"36,448,000","36,749,500",1.44
385720,TIME 코스피액티브,20260828,192820,코스맥스,120.00,"33,960,000","36,360,000",1.42
385720,TIME 코스피액티브,20260828,000810,삼성화재,50.00,"34,100,000","34,350,000",1.34
385720,TIME 코스피액티브,20260828,005490,POSCO홀딩스,100.00,"33,950,000","33,750,000",1.32
385720,TIME 코스피액티브,20260828,012450,한화에어로스페이스,28.00,"32,200,000","32,396,000",1.27
385720,TIME 코스피액티브,20260828,000150,두산,25.00,"30,350,000","30,950,000",1.21
385720,TIME 코스피액티브,20260828,005830,DB손해보험,149.00,"27,416,000","27,922,600",1.09
385720,TIME 코스피액티브,20260828,032830,삼성생명,90.00,"27,630,000","27,900,000",1.09
385720,TIME 코스피액티브,20260828,034730,SK,51.00,"28,356,000","27,693,000",1.08
385720,TIME 코스피액티브,20260828,138040,메리츠금융지주,220.00,"26,180,000","26,840,000",1.05
385720,TIME 코스피액티브,20260828,207940,삼성바이오로직스,18.00,"28,692,000","26,748,000",1.05
385720,TIME 코스피액티브,20260828,035420,NAVER,121.00,"26,196,500","26,680,500",1.04
385720,TIME 코스피액티브,20260828,028260,삼성물산,70.00,"26,285,000","26,250,000",1.03
385720,TIME 코스피액티브,20260828,005380,현대차,65.00,"25,870,000","25,967,500",1.02
385720,TIME 코스피액티브,20260828,006260,LS,80.00,"25,040,000","25,040,000",0.98
385720,TIME 코스피액티브,20260828,033780,KT&G,140.00,"24,430,000","24,682,000",0.97
385720,TIME 코스피액티브,20260828,079550,LIG디펜스앤에어로스페이스,33.00,"24,585,000","24,222,000",0.95
385720,TIME 코스피액티브,20260828,329180,HD현대중공업,50.00,"23,500,000","22,850,000",0.89
385720,TIME 코스피액티브,20260828,078930,GS,159.00,"19,588,800","20,542,800",0.80
385720,TIME 코스피액티브,20260828,483650,달바글로벌,87.00,"19,357,500","19,923,000",0.78
385720,TIME 코스피액티브,20260828,071050,한국금융지주,90.00,"17,226,000","17,217,000",0.67
385720,TIME 코스피액티브,20260828,010120,LS ELECTRIC,80.00,"17,560,000","17,160,000",0.67
385720,TIME 코스피액티브,20260828,009830,한화솔루션,507.00,"16,933,800","17,111,250",0.67
385720,TIME 코스피액티브,20260828,068270,셀트리온,79.00,"15,112,700","15,065,300",0.59
385720,TIME 코스피액티브,20260828,KRD010010001,원화현금,-,-,"14,649,918",0.57
364690,KODEX 혁신기술테마액티브,20260824,005930,삼성전자,"3,709.00","1,044,083,500","953,213,000",25.05
364690,KODEX 혁신기술테마액티브,20260824,000660,SK하이닉스,431.00,"745,630,000","720,201,000",18.93
364690,KODEX 혁신기술테마액티브,20260824,009150,삼성전기,201.00,"264,516,000","264,918,000",6.96
364690,KODEX 혁신기술테마액티브,20260824,402340,SK스퀘어,178.00,"199,894,000","191,528,000",5.03
364690,KODEX 혁신기술테마액티브,20260824,012450,한화에어로스페이스,156.00,"169,260,000","172,380,000",4.53
364690,KODEX 혁신기술테마액티브,20260824,011070,LG이노텍,228.00,"125,400,000","129,960,000",3.42
364690,KODEX 혁신기술테마액티브,20260824,207940,삼성바이오로직스,53.00,"82,203,000","83,369,000",2.19
364690,KODEX 혁신기술테마액티브,20260824,267260,HD현대일렉트릭,101.00,"72,518,000","72,720,000",1.91
364690,KODEX 혁신기술테마액티브,20260824,005380,현대차,152.00,"63,080,000","62,928,000",1.65
364690,KODEX 혁신기술테마액티브,20260824,047810,한국항공우주,462.00,"60,060,000","60,383,400",1.59
364690,KODEX 혁신기술테마액티브,20260824,034020,두산에너빌리티,793.00,"58,126,900","57,889,000",1.52
364690,KODEX 혁신기술테마액티브,20260824,034730,SK,81.00,"47,466,000","44,469,000",1.17
364690,KODEX 혁신기술테마액티브,20260824,009540,HD한국조선해양,118.00,"41,123,000","41,713,000",1.10
364690,KODEX 혁신기술테마액티브,20260824,012330,현대모비스,82.00,"40,672,000","40,877,000",1.07
364690,KODEX 혁신기술테마액티브,20260824,000270,기아,300.00,"39,270,000","39,450,000",1.04
364690,KODEX 혁신기술테마액티브,20260824,066570,LG전자,196.00,"38,122,000","39,160,800",1.03
364690,KODEX 혁신기술테마액티브,20260824,373220,LG에너지솔루션,91.00,"31,258,500","32,942,000",0.87
364690,KODEX 혁신기술테마액티브,20260824,105560,KB금융,190.00,"31,217,000","30,989,000",0.81
364690,KODEX 혁신기술테마액티브,20260824,003550,LG,264.00,"28,432,800","29,964,000",0.79
364690,KODEX 혁신기술테마액티브,20260824,017670,SK텔레콤,276.00,"28,207,200","28,234,800",0.74
364690,KODEX 혁신기술테마액티브,20260824,005490,POSCO홀딩스,84.00,"26,040,000","27,510,000",0.72
364690,KODEX 혁신기술테마액티브,20260824,032640,LG유플러스,"1,819.00","27,048,530","27,048,530",0.71
364690,KODEX 혁신기술테마액티브,20260824,032830,삼성생명,91.00,"29,893,500","25,980,500",0.68
364690,KODEX 혁신기술테마액티브,20260824,055550,신한지주,236.00,"24,567,600","24,378,800",0.64
364690,KODEX 혁신기술테마액티브,20260824,051910,LG화학,86.00,"21,715,000","23,478,000",0.62
364690,KODEX 혁신기술테마액티브,20260824,138040,메리츠금융지주,181.00,"20,887,400","20,887,400",0.55
364690,KODEX 혁신기술테마액티브,20260824,010950,S-Oil,139.00,"19,612,900","19,626,800",0.52
364690,KODEX 혁신기술테마액티브,20260824,030200,KT,298.00,"15,615,200","15,645,000",0.41
364690,KODEX 혁신기술테마액티브,20260824,004800,효성,93.00,"14,498,700","14,415,000",0.38
364690,KODEX 혁신기술테마액티브,20260824,010120,LS ELECTRIC,70.00,"13,090,000","13,461,000",0.35
364690,KODEX 혁신기술테마액티브,20260824,000810,삼성화재,21.00,"13,881,000","13,356,000",0.35
364690,KODEX 혁신기술테마액티브,20260824,0126Z0,삼성에피스홀딩스,36.00,"12,960,000","13,266,000",0.35
364690,KODEX 혁신기술테마액티브,20260824,009830,한화솔루션,380.00,"12,179,000","12,217,000",0.32
364690,KODEX 혁신기술테마액티브,20260824,010130,고려아연,9.00,"11,133,000","12,096,000",0.32
364690,KODEX 혁신기술테마액티브,20260824,000150,두산,11.00,"11,858,000","11,935,000",0.31
364690,KODEX 혁신기술테마액티브,20260824,033780,KT&G,63.00,"10,854,900","10,911,600",0.29
364690,KODEX 혁신기술테마액티브,20260824,014680,한솔케미칼,53.00,"10,653,000","10,865,000",0.29
364690,KODEX 혁신기술테마액티브,20260824,489790,한화비전,208.00,"10,649,600","10,462,400",0.27
364690,KODEX 혁신기술테마액티브,20260824,006800,미래에셋증권,292.00,"10,074,000","10,147,000",0.27
364690,KODEX 혁신기술테마액티브,20260824,035420,NAVER,45.00,"9,990,000","10,057,500",0.26
364690,KODEX 혁신기술테마액티브,20260824,074600,원익QnC,365.00,"9,599,500","9,526,500",0.25
364690,KODEX 혁신기술테마액티브,20260824,010140,삼성중공업,437.00,"8,827,400","8,783,700",0.23
364690,KODEX 혁신기술테마액티브,20260824,126700,하이비젼시스템,755.00,"7,927,500","8,682,500",0.23
364690,KODEX 혁신기술테마액티브,20260824,272210,한화시스템,116.00,"8,154,800","8,131,600",0.21
364690,KODEX 혁신기술테마액티브,20260824,018260,삼성에스디에스,35.00,"7,980,000","7,980,000",0.21
364690,KODEX 혁신기술테마액티브,20260824,267250,HD현대,36.00,"7,668,000","7,632,000",0.20
364690,KODEX 혁신기술테마액티브,20260824,086280,현대글로비스,34.00,"6,687,800","6,759,200",0.18
364690,KODEX 혁신기술테마액티브,20260824,064350,현대로템,50.00,"6,505,000","6,710,000",0.18
364690,KODEX 혁신기술테마액티브,20260824,003670,포스코퓨처엠,39.00,"6,041,100","6,665,100",0.18
364690,KODEX 혁신기술테마액티브,20260824,307950,현대오토에버,13.00,"5,824,000","5,947,500",0.16
364690,KODEX 혁신기술테마액티브,20260824,096770,SK이노베이션,45.00,"5,616,000","5,854,500",0.15
364690,KODEX 혁신기술테마액티브,20260824,005830,DB손해보험,32.00,"5,689,600","5,776,000",0.15
364690,KODEX 혁신기술테마액티브,20260824,000990,DB하이텍,64.00,"5,740,800","5,574,400",0.15
364690,KODEX 혁신기술테마액티브,20260824,000720,현대건설,52.00,"5,491,200","5,491,200",0.14
364690,KODEX 혁신기술테마액티브,20260824,042660,한화오션,65.00,"5,473,000","5,421,000",0.14
364690,KODEX 혁신기술테마액티브,20260824,035720,카카오,136.00,"4,868,800","4,868,800",0.13
364690,KODEX 혁신기술테마액티브,20260824,071050,한국금융지주,25.00,"4,612,500","4,582,500",0.12
364690,KODEX 혁신기술테마액티브,20260824,006260,LS,15.00,"4,402,500","4,327,500",0.11
364690,KODEX 혁신기술테마액티브,20260824,028050,삼성E&A,90.00,"4,063,500","4,032,000",0.11
364690,KODEX 혁신기술테마액티브,20260824,161390,한국타이어앤테크놀로지,57.00,"3,762,000","3,807,600",0.10
364690,KODEX 혁신기술테마액티브,20260824,090430,아모레퍼시픽,27.00,"3,726,000","3,777,300",0.10
364690,KODEX 혁신기술테마액티브,20260824,180640,한진칼,30.00,"3,537,000","3,645,000",0.10
364690,KODEX 혁신기술테마액티브,20260824,011200,HMM,158.00,"3,412,800","3,610,300",0.09
364690,KODEX 혁신기술테마액티브,20260824,016360,삼성증권,40.00,"3,680,000","3,464,000",0.09
364690,KODEX 혁신기술테마액티브,20260824,064800,포니링크,"1,253.00","3,414,425","3,433,220",0.09
364690,KODEX 혁신기술테마액티브,20260824,005940,NH투자증권,129.00,"3,366,900","3,347,550",0.09
364690,KODEX 혁신기술테마액티브,20260824,021240,코웨이,34.00,"3,260,600","3,315,000",0.09
364690,KODEX 혁신기술테마액티브,20260824,128940,한미약품,6.00,"2,493,000","3,240,000",0.09
364690,KODEX 혁신기술테마액티브,20260824,039490,키움증권,12.00,"3,216,000","3,210,000",0.08
364690,KODEX 혁신기술테마액티브,20260824,329180,HD현대중공업,7.00,"3,171,000","3,188,500",0.08
364690,KODEX 혁신기술테마액티브,20260824,326030,SK바이오팜,36.00,"3,013,200","3,110,400",0.08
364690,KODEX 혁신기술테마액티브,20260824,006400,삼성SDI,6.00,"2,868,000","3,090,000",0.08
364690,KODEX 혁신기술테마액티브,20260824,000100,유한양행,36.00,"2,962,800","3,034,800",0.08
364690,KODEX 혁신기술테마액티브,20260824,047050,포스코인터내셔널,56.00,"2,833,600","3,001,600",0.08
364690,KODEX 혁신기술테마액티브,20260824,047040,대우건설,190.00,"3,026,700","2,994,400",0.08
364690,KODEX 혁신기술테마액티브,20260824,352820,하이브,17.00,"2,854,300","2,968,200",0.08
364690,KODEX 혁신기술테마액티브,20260824,241560,두산밥캣,46.00,"2,663,400","2,760,000",0.07
364690,KODEX 혁신기술테마액티브,20260824,042700,한미반도체,13.00,"2,775,500","2,717,000",0.07
364690,KODEX 혁신기술테마액티브,20260824,029780,삼성카드,52.00,"2,399,800","2,407,600",0.06
364690,KODEX 혁신기술테마액티브,20260824,271560,오리온,18.00,"2,257,200","2,309,400",0.06
364690,KODEX 혁신기술테마액티브,20260824,001440,대한전선,85.00,"2,265,250","2,269,500",0.06
364690,KODEX 혁신기술테마액티브,20260824,036570,NC,10.00,"2,245,000","2,260,000",0.06
364690,KODEX 혁신기술테마액티브,20260824,051900,LG생활건강,7.00,"2,191,000","2,212,000",0.06
364690,KODEX 혁신기술테마액티브,20260824,010060,OCI홀딩스,8.00,"2,120,000","2,152,000",0.06
364690,KODEX 혁신기술테마액티브,20260824,138930,BNK금융지주,149.00,"2,132,190","2,139,640",0.06
364690,KODEX 혁신기술테마액티브,20260824,088350,한화생명,397.00,"2,171,590","2,080,280",0.05
364690,KODEX 혁신기술테마액티브,20260824,001450,현대해상,41.00,"2,039,750","2,074,600",0.05
364690,KODEX 혁신기술테마액티브,20260824,034220,LG디스플레이,216.00,"2,052,000","2,062,800",0.05
364690,KODEX 혁신기술테마액티브,20260824,004170,신세계,5.00,"2,002,500","2,002,500",0.05
364690,KODEX 혁신기술테마액티브,20260824,246710,티앤알바이오팹,808.00,"1,979,600","1,963,440",0.05
364690,KODEX 혁신기술테마액티브,20260824,011790,SKC,22.00,"1,834,800","1,872,200",0.05
364690,KODEX 혁신기술테마액티브,20260824,002380,KCC,4.00,"1,936,000","1,808,000",0.05
364690,KODEX 혁신기술테마액티브,20260824,008930,한미사이언스,32.00,"1,438,400","1,808,000",0.05
364690,KODEX 혁신기술테마액티브,20260824,004020,현대제철,61.00,"1,647,000","1,708,000",0.04
364690,KODEX 혁신기술테마액티브,20260824,011780,금호석유화학,14.00,"1,640,800","1,680,000",0.04
364690,KODEX 혁신기술테마액티브,20260824,001040,CJ,13.00,"1,576,900","1,653,600",0.04
364690,KODEX 혁신기술테마액티브,20260824,028670,팬오션,244.00,"1,427,400","1,542,080",0.04
364690,KODEX 혁신기술테마액티브,20260824,111770,영원무역,20.00,"1,494,000","1,518,000",0.04
364690,KODEX 혁신기술테마액티브,20260824,251270,넷마블,39.00,"1,444,950","1,478,100",0.04
364690,KODEX 혁신기술테마액티브,20260824,009420,한올바이오파마,24.00,"1,356,000","1,435,200",0.04
364690,KODEX 혁신기술테마액티브,20260824,161890,한국콜마,10.00,"1,367,000","1,433,000",0.04
364690,KODEX 혁신기술테마액티브,20260824,192820,코스맥스,5.00,"1,355,000","1,430,000",0.04
364690,KODEX 혁신기술테마액티브,20260824,035250,강원랜드,98.00,"1,402,380","1,420,020",0.04
364690,KODEX 혁신기술테마액티브,20260824,267270,HD건설기계,11.00,"1,270,500","1,398,100",0.04
364690,KODEX 혁신기술테마액티브,20260824,017800,현대엘리베이터,19.00,"1,371,800","1,396,500",0.04
364690,KODEX 혁신기술테마액티브,20260824,004370,농심,3.00,"1,297,500","1,366,500",0.04
364690,KODEX 혁신기술테마액티브,20260824,012750,에스원,17.00,"1,305,600","1,348,100",0.04
364690,KODEX 혁신기술테마액티브,20260824,302440,SK바이오사이언스,35.00,"1,277,500","1,340,500",0.04
364690,KODEX 혁신기술테마액티브,20260824,097950,CJ제일제당,7.00,"1,288,000","1,327,200",0.03
364690,KODEX 혁신기술테마액티브,20260824,383220,F&F,20.00,"1,244,000","1,270,000",0.03
364690,KODEX 혁신기술테마액티브,20260824,181710,NHN,18.00,"1,353,600","1,260,000",0.03
364690,KODEX 혁신기술테마액티브,20260824,375500,DL이앤씨,18.00,"1,227,600","1,234,800",0.03
364690,KODEX 혁신기술테마액티브,20260824,018880,한온시스템,343.00,"1,166,200","1,209,075",0.03
364690,KODEX 혁신기술테마액티브,20260824,026960,동서,46.00,"1,182,200","1,207,500",0.03
364690,KODEX 혁신기술테마액티브,20260824,081660,미스토홀딩스,28.00,"1,169,000","1,184,400",0.03
364690,KODEX 혁신기술테마액티브,20260824,005850,에스엘,22.00,"1,152,800","1,177,000",0.03
364690,KODEX 혁신기술테마액티브,20260824,336260,두산퓨얼셀,30.00,"1,110,000","1,174,500",0.03
364690,KODEX 혁신기술테마액티브,20260824,282330,BGF리테일,8.00,"1,131,200","1,167,200",0.03
364690,KODEX 혁신기술테마액티브,20260824,003690,코리안리,79.00,"1,148,660","1,136,020",0.03
364690,KODEX 혁신기술테마액티브,20260824,004990,롯데지주,48.00,"1,094,400","1,108,800",0.03
364690,KODEX 혁신기술테마액티브,20260824,204320,HL만도,21.00,"1,081,500","1,073,100",0.03
364690,KODEX 혁신기술테마액티브,20260824,011170,롯데케미칼,19.00,"1,031,700","1,048,800",0.03
364690,KODEX 혁신기술테마액티브,20260824,069960,현대백화점,11.00,"1,027,400","1,030,700",0.03
364690,KODEX 혁신기술테마액티브,20260824,000240,한국앤컴퍼니,43.00,"999,750","1,027,700",0.03
364690,KODEX 혁신기술테마액티브,20260824,002790,아모레퍼시픽홀딩스,38.00,"988,000","1,007,000",0.03
364690,KODEX 혁신기술테마액티브,20260824,030000,제일기획,52.00,"982,800","993,720",0.03
364690,KODEX 혁신기술테마액티브,20260824,139480,이마트,13.00,"934,700","943,800",0.02
364690,KODEX 혁신기술테마액티브,20260824,073240,금호타이어,131.00,"949,750","941,890",0.02
364690,KODEX 혁신기술테마액티브,20260824,018670,SK가스,4.00,"934,000","936,000",0.02
364690,KODEX 혁신기술테마액티브,20260824,487570,HS효성,20.00,"900,000","905,000",0.02
364690,KODEX 혁신기술테마액티브,20260824,112610,씨에스윈드,19.00,"884,450","895,850",0.02
364690,KODEX 혁신기술테마액티브,20260824,003240,태광산업,1.00,"861,000","893,000",0.02
364690,KODEX 혁신기술테마액티브,20260824,023590,다우기술,21.00,"816,900","801,150",0.02
364690,KODEX 혁신기술테마액티브,20260824,001740,SK네트웍스,113.00,"769,530","766,140",0.02
364690,KODEX 혁신기술테마액티브,20260824,007070,GS리테일,28.00,"722,400","756,000",0.02
364690,KODEX 혁신기술테마액티브,20260824,001800,오리온홀딩스,29.00,"739,500","743,850",0.02
364690,KODEX 혁신기술테마액티브,20260824,000120,CJ대한통운,10.00,"734,000","739,000",0.02
364690,KODEX 혁신기술테마액티브,20260824,011210,현대위아,12.00,"712,800","724,800",0.02
364690,KODEX 혁신기술테마액티브,20260824,008770,호텔신라,17.00,"719,100","720,800",0.02
364690,KODEX 혁신기술테마액티브,20260824,001120,LX인터내셔널,18.00,"682,200","686,700",0.02
364690,KODEX 혁신기술테마액티브,20260824,020150,롯데에너지머티리얼즈,21.00,"618,450","679,350",0.02
364690,KODEX 혁신기술테마액티브,20260824,001430,세아베스틸지주,16.00,"629,600","668,800",0.02
364690,KODEX 혁신기술테마액티브,20260824,007310,오뚜기,2.00,"646,000","666,000",0.02
364690,KODEX 혁신기술테마액티브,20260824,006280,녹십자,5.00,"610,500","651,500",0.02
364690,KODEX 혁신기술테마액티브,20260824,298020,효성티앤씨,2.00,"624,000","635,000",0.02
364690,KODEX 혁신기술테마액티브,20260824,069620,대웅제약,5.00,"597,500","623,000",0.02
364690,KODEX 혁신기술테마액티브,20260824,120110,코오롱인더,12.00,"595,800","603,600",0.02
364690,KODEX 혁신기술테마액티브,20260824,004000,롯데정밀화학,12.00,"529,800","547,200",0.01
364690,KODEX 혁신기술테마액티브,20260824,192080,더블유게임즈,9.00,"534,600","529,200",0.01
364690,KODEX 혁신기술테마액티브,20260824,361610,SK아이이테크놀로지,33.00,"460,350","505,230",0.01
364690,KODEX 혁신기술테마액티브,20260824,000080,하이트진로,32.00,"487,680","496,000",0.01
364690,KODEX 혁신기술테마액티브,20260824,003530,한화투자증권,98.00,"477,260","475,300",0.01
364690,KODEX 혁신기술테마액티브,20260824,000210,DL,10.00,"467,000","469,000",0.01
364690,KODEX 혁신기술테마액티브,20260824,003090,대웅,27.00,"439,830","460,890",0.01
364690,KODEX 혁신기술테마액티브,20260824,006120,SK디스커버리,9.00,"460,800","459,000",0.01
364690,KODEX 혁신기술테마액티브,20260824,009240,한샘,11.00,"418,550","430,650",0.01
364690,KODEX 혁신기술테마액티브,20260824,285130,SK케미칼,8.00,"396,800","398,400",0.01
364690,KODEX 혁신기술테마액티브,20260824,000670,영풍,10.00,"373,000","394,500",0.01
364690,KODEX 혁신기술테마액티브,20260824,185750,종근당,5.00,"334,500","345,500",0.01
364690,KODEX 혁신기술테마액티브,20260824,004490,세방전지,6.00,"327,000","342,600",0.01
364690,KODEX 혁신기술테마액티브,20260824,214320,이노션,18.00,"338,220","340,200",0.01
364690,KODEX 혁신기술테마액티브,20260824,005440,현대지에프홀딩스,29.00,"330,600","339,010",0.01
364690,KODEX 혁신기술테마액티브,20260824,298050,HS효성첨단소재,2.00,"321,200","331,000",0.01
364690,KODEX 혁신기술테마액티브,20260824,456040,OCI,4.00,"320,400","320,800",0.01
364690,KODEX 혁신기술테마액티브,20260824,005880,대한해운,146.00,"298,570","309,520",0.01
364690,KODEX 혁신기술테마액티브,20260824,005690,파미셀,27.00,"287,820","299,970",0.01
364690,KODEX 혁신기술테마액티브,20260824,248070,솔루엠,23.00,"292,560","298,540",0.01
364690,KODEX 혁신기술테마액티브,20260824,001680,대상,16.00,"277,120","288,480",0.01
364690,KODEX 혁신기술테마액티브,20260824,453340,현대그린푸드,15.00,"269,550","287,100",0.01
364690,KODEX 혁신기술테마액티브,20260824,003850,보령,31.00,"277,140","279,000",0.01
364690,KODEX 혁신기술테마액티브,20260824,002840,미원상사,2.00,"248,600","263,600",0.01
364690,KODEX 혁신기술테마액티브,20260824,014820,동원시스템즈,12.00,"246,600","258,000",0.01
364690,KODEX 혁신기술테마액티브,20260824,016380,KG스틸,46.00,"243,340","250,240",0.01
364690,KODEX 혁신기술테마액티브,20260824,006650,대한유화,3.00,"240,900","248,700",0.01
364690,KODEX 혁신기술테마액티브,20260824,460860,동국제강,26.00,"237,640","241,280",0.01
364690,KODEX 혁신기술테마액티브,20260824,336370,솔루스첨단소재,32.00,"224,960","235,840",0.01
364690,KODEX 혁신기술테마액티브,20260824,499790,GS피앤엘,6.00,"238,800","234,300",0.01
364690,KODEX 혁신기술테마액티브,20260824,010780,아이에스동서,14.00,"210,840","225,120",0.01
364690,KODEX 혁신기술테마액티브,20260824,005250,녹십자홀딩스,21.00,"209,160","216,300",0.01
364690,KODEX 혁신기술테마액티브,20260824,003000,부광약품,43.00,"177,590","178,665",0.00
364690,KODEX 혁신기술테마액티브,20260824,031430,신세계인터내셔날,15.00,"152,850","154,500",0.00
364690,KODEX 혁신기술테마액티브,20260824,009900,명신산업,19.00,"145,160","153,900",0.00
364690,KODEX 혁신기술테마액티브,20260824,003520,영진약품,84.00,"99,708","100,884",0.00
364690,KODEX 혁신기술테마액티브,20260824,460850,동국씨엠,16.00,"82,400","83,200",0.00
364690,KODEX 혁신기술테마액티브,20260824,001230,동국홀딩스,41.00,"77,982","79,540",0.00
364690,KODEX 혁신기술테마액티브,20260824,013890,지누스,8.00,"58,720","59,040",0.00
364690,KODEX 혁신기술테마액티브,20260824,KRD010010001,원화현금,-,-,"93,605,954",2.46
364690,KODEX 혁신기술테마액티브,20260825,005930,삼성전자,"3,709.00","953,213,000","953,213,000",24.80
364690,KODEX 혁신기술테마액티브,20260825,000660,SK하이닉스,431.00,"720,201,000","723,218,000",18.82
364690,KODEX 혁신기술테마액티브,20260825,009150,삼성전기,201.00,"264,918,000","273,762,000",7.12
364690,KODEX 혁신기술테마액티브,20260825,402340,SK스퀘어,178.00,"191,528,000","188,680,000",4.91
364690,KODEX 혁신기술테마액티브,20260825,012450,한화에어로스페이스,156.00,"172,380,000","171,912,000",4.47
364690,KODEX 혁신기술테마액티브,20260825,011070,LG이노텍,228.00,"129,960,000","137,256,000",3.57
364690,KODEX 혁신기술테마액티브,20260825,207940,삼성바이오로직스,53.00,"83,369,000","84,005,000",2.19
364690,KODEX 혁신기술테마액티브,20260825,267260,HD현대일렉트릭,101.00,"72,720,000","72,619,000",1.89
364690,KODEX 혁신기술테마액티브,20260825,034020,두산에너빌리티,793.00,"57,889,000","63,995,100",1.67
364690,KODEX 혁신기술테마액티브,20260825,005380,현대차,152.00,"62,928,000","63,992,000",1.67
364690,KODEX 혁신기술테마액티브,20260825,047810,한국항공우주,462.00,"60,383,400","60,475,800",1.57
364690,KODEX 혁신기술테마액티브,20260825,000880,한화,428.00,"35,866,400","50,546,800",1.32
364690,KODEX 혁신기술테마액티브,20260825,034730,SK,81.00,"44,469,000","45,036,000",1.17
364690,KODEX 혁신기술테마액티브,20260825,009540,HD한국조선해양,118.00,"41,713,000","42,775,000",1.11
364690,KODEX 혁신기술테마액티브,20260825,012330,현대모비스,82.00,"40,877,000","40,836,000",1.06
364690,KODEX 혁신기술테마액티브,20260825,000270,기아,300.00,"39,450,000","40,470,000",1.05
364690,KODEX 혁신기술테마액티브,20260825,066570,LG전자,196.00,"39,160,800","39,298,000",1.02
364690,KODEX 혁신기술테마액티브,20260825,373220,LG에너지솔루션,91.00,"32,942,000","31,804,500",0.83
364690,KODEX 혁신기술테마액티브,20260825,105560,KB금융,190.00,"30,989,000","31,616,000",0.82
364690,KODEX 혁신기술테마액티브,20260825,003550,LG,264.00,"29,964,000","29,726,400",0.77
364690,KODEX 혁신기술테마액티브,20260825,005490,POSCO홀딩스,84.00,"27,510,000","27,888,000",0.73
364690,KODEX 혁신기술테마액티브,20260825,017670,SK텔레콤,276.00,"28,234,800","27,296,400",0.71
364690,KODEX 혁신기술테마액티브,20260825,032640,LG유플러스,"1,819.00","27,048,530","27,121,290",0.71
364690,KODEX 혁신기술테마액티브,20260825,032830,삼성생명,91.00,"25,980,500","25,935,000",0.67
364690,KODEX 혁신기술테마액티브,20260825,055550,신한지주,236.00,"24,378,800","25,134,000",0.65
364690,KODEX 혁신기술테마액티브,20260825,051910,LG화학,86.00,"23,478,000","22,618,000",0.59
364690,KODEX 혁신기술테마액티브,20260825,138040,메리츠금융지주,181.00,"20,887,400","21,864,800",0.57
364690,KODEX 혁신기술테마액티브,20260825,010950,S-Oil,139.00,"19,626,800","19,446,100",0.51
364690,KODEX 혁신기술테마액티브,20260825,030200,KT,298.00,"15,645,000","15,794,000",0.41
364690,KODEX 혁신기술테마액티브,20260825,004800,효성,93.00,"14,415,000","14,656,800",0.38
364690,KODEX 혁신기술테마액티브,20260825,010120,LS ELECTRIC,70.00,"13,461,000","13,678,000",0.36
364690,KODEX 혁신기술테마액티브,20260825,000810,삼성화재,21.00,"13,356,000","13,608,000",0.35
364690,KODEX 혁신기술테마액티브,20260825,0126Z0,삼성에피스홀딩스,36.00,"13,266,000","13,176,000",0.34
364690,KODEX 혁신기술테마액티브,20260825,010130,고려아연,9.00,"12,096,000","12,843,000",0.33
364690,KODEX 혁신기술테마액티브,20260825,009830,한화솔루션,380.00,"12,217,000","12,293,000",0.32
364690,KODEX 혁신기술테마액티브,20260825,000150,두산,11.00,"11,935,000","12,111,000",0.32
364690,KODEX 혁신기술테마액티브,20260825,033780,KT&G,63.00,"10,911,600","11,050,200",0.29
364690,KODEX 혁신기술테마액티브,20260825,489790,한화비전,208.00,"10,462,400","10,899,200",0.28
364690,KODEX 혁신기술테마액티브,20260825,014680,한솔케미칼,53.00,"10,865,000","10,865,000",0.28
364690,KODEX 혁신기술테마액티브,20260825,006800,미래에셋증권,292.00,"10,147,000","10,453,600",0.27
364690,KODEX 혁신기술테마액티브,20260825,035420,NAVER,45.00,"10,057,500","9,922,500",0.26
364690,KODEX 혁신기술테마액티브,20260825,074600,원익QnC,365.00,"9,526,500","9,818,500",0.26
364690,KODEX 혁신기술테마액티브,20260825,010140,삼성중공업,437.00,"8,783,700","8,936,650",0.23
364690,KODEX 혁신기술테마액티브,20260825,126700,하이비젼시스템,755.00,"8,682,500","8,878,800",0.23
364690,KODEX 혁신기술테마액티브,20260825,272210,한화시스템,116.00,"8,131,600","8,433,200",0.22
364690,KODEX 혁신기술테마액티브,20260825,018260,삼성에스디에스,35.00,"7,980,000","7,945,000",0.21
364690,KODEX 혁신기술테마액티브,20260825,267250,HD현대,36.00,"7,632,000","7,758,000",0.20
364690,KODEX 혁신기술테마액티브,20260825,086280,현대글로비스,34.00,"6,759,200","7,259,000",0.19
364690,KODEX 혁신기술테마액티브,20260825,0220W0,한화머시너리앤서비스홀딩스,690.00,"11,757,600","6,906,900",0.18
364690,KODEX 혁신기술테마액티브,20260825,064350,현대로템,50.00,"6,710,000","6,680,000",0.17
364690,KODEX 혁신기술테마액티브,20260825,003670,포스코퓨처엠,39.00,"6,665,100","6,544,200",0.17
364690,KODEX 혁신기술테마액티브,20260825,000720,현대건설,52.00,"5,491,200","6,307,600",0.16
364690,KODEX 혁신기술테마액티브,20260825,000990,DB하이텍,64.00,"5,574,400","5,932,800",0.15
364690,KODEX 혁신기술테마액티브,20260825,307950,현대오토에버,13.00,"5,947,500","5,928,000",0.15
364690,KODEX 혁신기술테마액티브,20260825,005830,DB손해보험,32.00,"5,776,000","5,840,000",0.15
364690,KODEX 혁신기술테마액티브,20260825,042660,한화오션,65.00,"5,421,000","5,629,000",0.15
364690,KODEX 혁신기술테마액티브,20260825,096770,SK이노베이션,45.00,"5,854,500","5,625,000",0.15
364690,KODEX 혁신기술테마액티브,20260825,035720,카카오,136.00,"4,868,800","4,902,800",0.13
364690,KODEX 혁신기술테마액티브,20260825,071050,한국금융지주,25.00,"4,582,500","4,787,500",0.12
364690,KODEX 혁신기술테마액티브,20260825,006260,LS,15.00,"4,327,500","4,417,500",0.11
364690,KODEX 혁신기술테마액티브,20260825,028050,삼성E&A,90.00,"4,032,000","4,126,500",0.11
364690,KODEX 혁신기술테마액티브,20260825,090430,아모레퍼시픽,27.00,"3,777,300","3,869,100",0.10
364690,KODEX 혁신기술테마액티브,20260825,161390,한국타이어앤테크놀로지,57.00,"3,807,600","3,813,300",0.10
364690,KODEX 혁신기술테마액티브,20260825,064800,포니링크,"1,253.00","3,433,220","3,715,145",0.10
364690,KODEX 혁신기술테마액티브,20260825,180640,한진칼,30.00,"3,645,000","3,669,000",0.10
364690,KODEX 혁신기술테마액티브,20260825,011200,HMM,158.00,"3,610,300","3,578,700",0.09
364690,KODEX 혁신기술테마액티브,20260825,016360,삼성증권,40.00,"3,464,000","3,536,000",0.09
364690,KODEX 혁신기술테마액티브,20260825,005940,NH투자증권,129.00,"3,347,550","3,431,400",0.09
364690,KODEX 혁신기술테마액티브,20260825,021240,코웨이,34.00,"3,315,000","3,355,800",0.09
364690,KODEX 혁신기술테마액티브,20260825,047040,대우건설,190.00,"2,994,400","3,347,800",0.09
364690,KODEX 혁신기술테마액티브,20260825,039490,키움증권,12.00,"3,210,000","3,312,000",0.09
364690,KODEX 혁신기술테마액티브,20260825,329180,HD현대중공업,7.00,"3,188,500","3,251,500",0.08
364690,KODEX 혁신기술테마액티브,20260825,006400,삼성SDI,6.00,"3,090,000","3,114,000",0.08
364690,KODEX 혁신기술테마액티브,20260825,326030,SK바이오팜,36.00,"3,110,400","3,038,400",0.08
364690,KODEX 혁신기술테마액티브,20260825,047050,포스코인터내셔널,56.00,"3,001,600","3,018,400",0.08
364690,KODEX 혁신기술테마액티브,20260825,128940,한미약품,6.00,"3,240,000","3,006,000",0.08
364690,KODEX 혁신기술테마액티브,20260825,000100,유한양행,36.00,"3,034,800","2,998,800",0.08
364690,KODEX 혁신기술테마액티브,20260825,352820,하이브,17.00,"2,968,200","2,927,400",0.08
364690,KODEX 혁신기술테마액티브,20260825,042700,한미반도체,13.00,"2,717,000","2,827,500",0.07
364690,KODEX 혁신기술테마액티브,20260825,241560,두산밥캣,46.00,"2,760,000","2,810,600",0.07
364690,KODEX 혁신기술테마액티브,20260825,029780,삼성카드,52.00,"2,407,600","2,399,800",0.06
364690,KODEX 혁신기술테마액티브,20260825,001440,대한전선,85.00,"2,269,500","2,337,500",0.06
364690,KODEX 혁신기술테마액티브,20260825,271560,오리온,18.00,"2,309,400","2,280,600",0.06
364690,KODEX 혁신기술테마액티브,20260825,036570,NC,10.00,"2,260,000","2,250,000",0.06
364690,KODEX 혁신기술테마액티브,20260825,051900,LG생활건강,7.00,"2,212,000","2,212,000",0.06
364690,KODEX 혁신기술테마액티브,20260825,138930,BNK금융지주,149.00,"2,139,640","2,211,160",0.06
364690,KODEX 혁신기술테마액티브,20260825,010060,OCI홀딩스,8.00,"2,152,000","2,200,000",0.06
364690,KODEX 혁신기술테마액티브,20260825,088350,한화생명,397.00,"2,080,280","2,131,890",0.06
364690,KODEX 혁신기술테마액티브,20260825,001450,현대해상,41.00,"2,074,600","2,082,800",0.05
364690,KODEX 혁신기술테마액티브,20260825,034220,LG디스플레이,216.00,"2,062,800","2,062,800",0.05
364690,KODEX 혁신기술테마액티브,20260825,246710,티앤알바이오팹,808.00,"1,963,440","2,024,040",0.05
364690,KODEX 혁신기술테마액티브,20260825,004170,신세계,5.00,"2,002,500","1,975,000",0.05
364690,KODEX 혁신기술테마액티브,20260825,011790,SKC,22.00,"1,872,200","1,889,800",0.05
364690,KODEX 혁신기술테마액티브,20260825,004020,현대제철,61.00,"1,708,000","1,836,100",0.05
364690,KODEX 혁신기술테마액티브,20260825,002380,KCC,4.00,"1,808,000","1,816,000",0.05
364690,KODEX 혁신기술테마액티브,20260825,011780,금호석유화학,14.00,"1,680,000","1,682,800",0.04
364690,KODEX 혁신기술테마액티브,20260825,001040,CJ,13.00,"1,653,600","1,666,600",0.04
364690,KODEX 혁신기술테마액티브,20260825,028670,팬오션,244.00,"1,542,080","1,556,720",0.04
364690,KODEX 혁신기술테마액티브,20260825,111770,영원무역,20.00,"1,518,000","1,512,000",0.04
364690,KODEX 혁신기술테마액티브,20260825,161890,한국콜마,10.00,"1,433,000","1,500,000",0.04
364690,KODEX 혁신기술테마액티브,20260825,267270,HD건설기계,11.00,"1,398,100","1,482,800",0.04
364690,KODEX 혁신기술테마액티브,20260825,008930,한미사이언스,32.00,"1,808,000","1,481,600",0.04
364690,KODEX 혁신기술테마액티브,20260825,009420,한올바이오파마,24.00,"1,435,200","1,456,800",0.04
364690,KODEX 혁신기술테마액티브,20260825,251270,넷마블,39.00,"1,478,100","1,446,900",0.04
364690,KODEX 혁신기술테마액티브,20260825,192820,코스맥스,5.00,"1,430,000","1,445,000",0.04
364690,KODEX 혁신기술테마액티브,20260825,035250,강원랜드,98.00,"1,420,020","1,417,080",0.04
364690,KODEX 혁신기술테마액티브,20260825,017800,현대엘리베이터,19.00,"1,396,500","1,415,500",0.04
364690,KODEX 혁신기술테마액티브,20260825,012750,에스원,17.00,"1,348,100","1,356,600",0.04
364690,KODEX 혁신기술테마액티브,20260825,004370,농심,3.00,"1,366,500","1,353,000",0.04
364690,KODEX 혁신기술테마액티브,20260825,302440,SK바이오사이언스,35.00,"1,340,500","1,314,250",0.03
364690,KODEX 혁신기술테마액티브,20260825,097950,CJ제일제당,7.00,"1,327,200","1,309,700",0.03
364690,KODEX 혁신기술테마액티브,20260825,336260,두산퓨얼셀,30.00,"1,174,500","1,270,500",0.03
364690,KODEX 혁신기술테마액티브,20260825,375500,DL이앤씨,18.00,"1,234,800","1,265,400",0.03
364690,KODEX 혁신기술테마액티브,20260825,383220,F&F,20.00,"1,270,000","1,256,000",0.03
364690,KODEX 혁신기술테마액티브,20260825,018880,한온시스템,343.00,"1,209,075","1,209,075",0.03
364690,KODEX 혁신기술테마액티브,20260825,026960,동서,46.00,"1,207,500","1,193,700",0.03
364690,KODEX 혁신기술테마액티브,20260825,181710,NHN,18.00,"1,260,000","1,188,000",0.03
364690,KODEX 혁신기술테마액티브,20260825,005850,에스엘,22.00,"1,177,000","1,177,000",0.03
364690,KODEX 혁신기술테마액티브,20260825,081660,미스토홀딩스,28.00,"1,184,400","1,170,400",0.03
364690,KODEX 혁신기술테마액티브,20260825,282330,BGF리테일,8.00,"1,167,200","1,162,400",0.03
364690,KODEX 혁신기술테마액티브,20260825,003690,코리안리,79.00,"1,136,020","1,140,760",0.03
364690,KODEX 혁신기술테마액티브,20260825,004990,롯데지주,48.00,"1,108,800","1,118,400",0.03
364690,KODEX 혁신기술테마액티브,20260825,204320,HL만도,21.00,"1,073,100","1,079,400",0.03
364690,KODEX 혁신기술테마액티브,20260825,011170,롯데케미칼,19.00,"1,048,800","1,043,100",0.03
364690,KODEX 혁신기술테마액티브,20260825,000240,한국앤컴퍼니,43.00,"1,027,700","1,034,150",0.03
364690,KODEX 혁신기술테마액티브,20260825,069960,현대백화점,11.00,"1,030,700","1,024,100",0.03
364690,KODEX 혁신기술테마액티브,20260825,002790,아모레퍼시픽홀딩스,38.00,"1,007,000","1,020,300",0.03
364690,KODEX 혁신기술테마액티브,20260825,030000,제일기획,52.00,"993,720","994,760",0.03
364690,KODEX 혁신기술테마액티브,20260825,139480,이마트,13.00,"943,800","946,400",0.02
364690,KODEX 혁신기술테마액티브,20260825,018670,SK가스,4.00,"936,000","944,000",0.02
364690,KODEX 혁신기술테마액티브,20260825,487570,HS효성,20.00,"905,000","927,000",0.02
364690,KODEX 혁신기술테마액티브,20260825,073240,금호타이어,131.00,"941,890","917,000",0.02
364690,KODEX 혁신기술테마액티브,20260825,112610,씨에스윈드,19.00,"895,850","912,950",0.02
364690,KODEX 혁신기술테마액티브,20260825,003240,태광산업,1.00,"893,000","902,000",0.02
364690,KODEX 혁신기술테마액티브,20260825,023590,다우기술,21.00,"801,150","807,450",0.02
364690,KODEX 혁신기술테마액티브,20260825,001740,SK네트웍스,113.00,"766,140","775,180",0.02
364690,KODEX 혁신기술테마액티브,20260825,007070,GS리테일,28.00,"756,000","744,800",0.02
364690,KODEX 혁신기술테마액티브,20260825,001800,오리온홀딩스,29.00,"743,850","739,500",0.02
364690,KODEX 혁신기술테마액티브,20260825,011210,현대위아,12.00,"724,800","736,800",0.02
364690,KODEX 혁신기술테마액티브,20260825,000120,CJ대한통운,10.00,"739,000","735,000",0.02
364690,KODEX 혁신기술테마액티브,20260825,008770,호텔신라,17.00,"720,800","712,300",0.02
364690,KODEX 혁신기술테마액티브,20260825,001430,세아베스틸지주,16.00,"668,800","710,400",0.02
364690,KODEX 혁신기술테마액티브,20260825,001120,LX인터내셔널,18.00,"686,700","689,400",0.02
364690,KODEX 혁신기술테마액티브,20260825,020150,롯데에너지머티리얼즈,21.00,"679,350","670,950",0.02
364690,KODEX 혁신기술테마액티브,20260825,007310,오뚜기,2.00,"666,000","663,000",0.02
364690,KODEX 혁신기술테마액티브,20260825,120110,코오롱인더,12.00,"603,600","662,400",0.02
364690,KODEX 혁신기술테마액티브,20260825,298020,효성티앤씨,2.00,"635,000","648,000",0.02
364690,KODEX 혁신기술테마액티브,20260825,006280,녹십자,5.00,"651,500","631,500",0.02
364690,KODEX 혁신기술테마액티브,20260825,069620,대웅제약,5.00,"623,000","611,000",0.02
364690,KODEX 혁신기술테마액티브,20260825,004000,롯데정밀화학,12.00,"547,200","550,200",0.01
364690,KODEX 혁신기술테마액티브,20260825,192080,더블유게임즈,9.00,"529,200","522,900",0.01
364690,KODEX 혁신기술테마액티브,20260825,361610,SK아이이테크놀로지,33.00,"505,230","506,880",0.01
364690,KODEX 혁신기술테마액티브,20260825,003530,한화투자증권,98.00,"475,300","492,940",0.01
364690,KODEX 혁신기술테마액티브,20260825,000080,하이트진로,32.00,"496,000","491,840",0.01
364690,KODEX 혁신기술테마액티브,20260825,000210,DL,10.00,"469,000","481,500",0.01
364690,KODEX 혁신기술테마액티브,20260825,006120,SK디스커버리,9.00,"459,000","461,700",0.01
364690,KODEX 혁신기술테마액티브,20260825,003090,대웅,27.00,"460,890","455,760",0.01
364690,KODEX 혁신기술테마액티브,20260825,009240,한샘,11.00,"430,650","429,550",0.01
364690,KODEX 혁신기술테마액티브,20260825,000670,영풍,10.00,"394,500","403,500",0.01
364690,KODEX 혁신기술테마액티브,20260825,285130,SK케미칼,8.00,"398,400","400,000",0.01
364690,KODEX 혁신기술테마액티브,20260825,004490,세방전지,6.00,"342,600","342,600",0.01
364690,KODEX 혁신기술테마액티브,20260825,214320,이노션,18.00,"340,200","339,480",0.01
364690,KODEX 혁신기술테마액티브,20260825,005440,현대지에프홀딩스,29.00,"339,010","338,720",0.01
364690,KODEX 혁신기술테마액티브,20260825,185750,종근당,5.00,"345,500","337,500",0.01
364690,KODEX 혁신기술테마액티브,20260825,298050,HS효성첨단소재,2.00,"331,000","336,200",0.01
364690,KODEX 혁신기술테마액티브,20260825,456040,OCI,4.00,"320,800","322,800",0.01
364690,KODEX 혁신기술테마액티브,20260825,005880,대한해운,146.00,"309,520","313,900",0.01
364690,KODEX 혁신기술테마액티브,20260825,248070,솔루엠,23.00,"298,540","303,830",0.01
364690,KODEX 혁신기술테마액티브,20260825,005690,파미셀,27.00,"299,970","291,600",0.01
364690,KODEX 혁신기술테마액티브,20260825,001680,대상,16.00,"288,480","286,080",0.01
364690,KODEX 혁신기술테마액티브,20260825,003850,보령,31.00,"279,000","280,240",0.01
364690,KODEX 혁신기술테마액티브,20260825,453340,현대그린푸드,15.00,"287,100","279,000",0.01
364690,KODEX 혁신기술테마액티브,20260825,002840,미원상사,2.00,"263,600","269,000",0.01
364690,KODEX 혁신기술테마액티브,20260825,014820,동원시스템즈,12.00,"258,000","263,400",0.01
364690,KODEX 혁신기술테마액티브,20260825,016380,KG스틸,46.00,"250,240","262,200",0.01
364690,KODEX 혁신기술테마액티브,20260825,460860,동국제강,26.00,"241,280","252,200",0.01
364690,KODEX 혁신기술테마액티브,20260825,006650,대한유화,3.00,"248,700","246,000",0.01
364690,KODEX 혁신기술테마액티브,20260825,499790,GS피앤엘,6.00,"234,300","237,600",0.01
364690,KODEX 혁신기술테마액티브,20260825,336370,솔루스첨단소재,32.00,"235,840","237,120",0.01
364690,KODEX 혁신기술테마액티브,20260825,010780,아이에스동서,14.00,"225,120","226,240",0.01
364690,KODEX 혁신기술테마액티브,20260825,005250,녹십자홀딩스,21.00,"216,300","210,840",0.01
364690,KODEX 혁신기술테마액티브,20260825,003000,부광약품,43.00,"178,665","178,450",0.00
364690,KODEX 혁신기술테마액티브,20260825,031430,신세계인터내셔날,15.00,"154,500","157,200",0.00
364690,KODEX 혁신기술테마액티브,20260825,009900,명신산업,19.00,"153,900","153,520",0.00
364690,KODEX 혁신기술테마액티브,20260825,003520,영진약품,84.00,"100,884","97,440",0.00
364690,KODEX 혁신기술테마액티브,20260825,460850,동국씨엠,16.00,"83,200","84,160",0.00
364690,KODEX 혁신기술테마액티브,20260825,001230,동국홀딩스,41.00,"79,540","83,025",0.00
364690,KODEX 혁신기술테마액티브,20260825,013890,지누스,8.00,"59,040","59,200",0.00
364690,KODEX 혁신기술테마액티브,20260825,KRD010010001,원화현금,-,-,"41,442,995",1.08
364690,KODEX 혁신기술테마액티브,20260826,005930,삼성전자,"3,709.00","953,213,000","969,903,500",25.12
364690,KODEX 혁신기술테마액티브,20260826,000660,SK하이닉스,431.00,"723,218,000","727,528,000",18.85
364690,KODEX 혁신기술테마액티브,20260826,009150,삼성전기,201.00,"273,762,000","267,330,000",6.92
364690,KODEX 혁신기술테마액티브,20260826,402340,SK스퀘어,178.00,"188,680,000","188,324,000",4.88
364690,KODEX 혁신기술테마액티브,20260826,012450,한화에어로스페이스,156.00,"171,912,000","169,572,000",4.39
364690,KODEX 혁신기술테마액티브,20260826,011070,LG이노텍,228.00,"137,256,000","132,924,000",3.44
364690,KODEX 혁신기술테마액티브,20260826,207940,삼성바이오로직스,53.00,"84,005,000","84,747,000",2.20
364690,KODEX 혁신기술테마액티브,20260826,267260,HD현대일렉트릭,101.00,"72,619,000","74,033,000",1.92
364690,KODEX 혁신기술테마액티브,20260826,034020,두산에너빌리티,793.00,"63,995,100","68,039,400",1.76
364690,KODEX 혁신기술테마액티브,20260826,005380,현대차,152.00,"63,992,000","62,016,000",1.61
364690,KODEX 혁신기술테마액티브,20260826,047810,한국항공우주,462.00,"60,475,800","61,030,200",1.58
364690,KODEX 혁신기술테마액티브,20260826,000880,한화,428.00,"50,546,800","50,889,200",1.32
364690,KODEX 혁신기술테마액티브,20260826,034730,SK,81.00,"45,036,000","44,874,000",1.16
364690,KODEX 혁신기술테마액티브,20260826,009540,HD한국조선해양,118.00,"42,775,000","42,539,000",1.10
364690,KODEX 혁신기술테마액티브,20260826,000270,기아,300.00,"40,470,000","39,420,000",1.02
364690,KODEX 혁신기술테마액티브,20260826,066570,LG전자,196.00,"39,298,000","39,298,000",1.02
364690,KODEX 혁신기술테마액티브,20260826,012330,현대모비스,82.00,"40,836,000","38,048,000",0.99
364690,KODEX 혁신기술테마액티브,20260826,373220,LG에너지솔루션,91.00,"31,804,500","31,941,000",0.83
364690,KODEX 혁신기술테마액티브,20260826,105560,KB금융,190.00,"31,616,000","31,654,000",0.82
364690,KODEX 혁신기술테마액티브,20260826,003550,LG,264.00,"29,726,400","30,201,600",0.78
364690,KODEX 혁신기술테마액티브,20260826,032830,삼성생명,91.00,"25,935,000","28,164,500",0.73
364690,KODEX 혁신기술테마액티브,20260826,005490,POSCO홀딩스,84.00,"27,888,000","27,552,000",0.71
364690,KODEX 혁신기술테마액티브,20260826,017670,SK텔레콤,276.00,"27,296,400","27,489,600",0.71
364690,KODEX 혁신기술테마액티브,20260826,032640,LG유플러스,"1,819.00","27,121,290","27,103,100",0.70
364690,KODEX 혁신기술테마액티브,20260826,055550,신한지주,236.00,"25,134,000","25,346,400",0.66
364690,KODEX 혁신기술테마액티브,20260826,051910,LG화학,86.00,"22,618,000","22,661,000",0.59
364690,KODEX 혁신기술테마액티브,20260826,138040,메리츠금융지주,181.00,"21,864,800","21,358,000",0.55
364690,KODEX 혁신기술테마액티브,20260826,010950,S-Oil,139.00,"19,446,100","19,599,000",0.51
364690,KODEX 혁신기술테마액티브,20260826,030200,KT,298.00,"15,794,000","15,883,400",0.41
364690,KODEX 혁신기술테마액티브,20260826,004800,효성,93.00,"14,656,800","14,917,200",0.39
364690,KODEX 혁신기술테마액티브,20260826,000810,삼성화재,21.00,"13,608,000","14,280,000",0.37
364690,KODEX 혁신기술테마액티브,20260826,010120,LS ELECTRIC,70.00,"13,678,000","14,105,000",0.37
364690,KODEX 혁신기술테마액티브,20260826,0126Z0,삼성에피스홀딩스,36.00,"13,176,000","13,680,000",0.35
364690,KODEX 혁신기술테마액티브,20260826,000150,두산,11.00,"12,111,000","12,980,000",0.34
364690,KODEX 혁신기술테마액티브,20260826,009830,한화솔루션,380.00,"12,293,000","12,502,000",0.32
364690,KODEX 혁신기술테마액티브,20260826,010130,고려아연,9.00,"12,843,000","12,348,000",0.32
364690,KODEX 혁신기술테마액티브,20260826,033780,KT&G,63.00,"11,050,200","11,006,100",0.29
364690,KODEX 혁신기술테마액티브,20260826,489790,한화비전,208.00,"10,899,200","10,899,200",0.28
364690,KODEX 혁신기술테마액티브,20260826,014680,한솔케미칼,53.00,"10,865,000","10,732,500",0.28
364690,KODEX 혁신기술테마액티브,20260826,006800,미래에셋증권,292.00,"10,453,600","10,599,600",0.27
364690,KODEX 혁신기술테마액티브,20260826,035420,NAVER,45.00,"9,922,500","9,900,000",0.26
364690,KODEX 혁신기술테마액티브,20260826,074600,원익QnC,365.00,"9,818,500","9,745,500",0.25
364690,KODEX 혁신기술테마액티브,20260826,010140,삼성중공업,437.00,"8,936,650","9,045,900",0.23
364690,KODEX 혁신기술테마액티브,20260826,126700,하이비젼시스템,755.00,"8,878,800","8,909,000",0.23
364690,KODEX 혁신기술테마액티브,20260826,272210,한화시스템,116.00,"8,433,200","8,514,400",0.22
364690,KODEX 혁신기술테마액티브,20260826,018260,삼성에스디에스,35.00,"7,945,000","7,980,000",0.21
364690,KODEX 혁신기술테마액티브,20260826,267250,HD현대,36.00,"7,758,000","7,812,000",0.20
364690,KODEX 혁신기술테마액티브,20260826,086280,현대글로비스,34.00,"7,259,000","6,953,000",0.18
364690,KODEX 혁신기술테마액티브,20260826,064350,현대로템,50.00,"6,680,000","6,820,000",0.18
364690,KODEX 혁신기술테마액티브,20260826,000720,현대건설,52.00,"6,307,600","6,780,800",0.18
364690,KODEX 혁신기술테마액티브,20260826,003670,포스코퓨처엠,39.00,"6,544,200","6,579,300",0.17
364690,KODEX 혁신기술테마액티브,20260826,0220W0,한화머시너리앤서비스홀딩스,690.00,"6,906,900","6,216,900",0.16
364690,KODEX 혁신기술테마액티브,20260826,005830,DB손해보험,32.00,"5,840,000","5,974,400",0.15
364690,KODEX 혁신기술테마액티브,20260826,000990,DB하이텍,64.00,"5,932,800","5,856,000",0.15
364690,KODEX 혁신기술테마액티브,20260826,042660,한화오션,65.00,"5,629,000","5,674,500",0.15
364690,KODEX 혁신기술테마액티브,20260826,307950,현대오토에버,13.00,"5,928,000","5,388,500",0.14
364690,KODEX 혁신기술테마액티브,20260826,096770,SK이노베이션,45.00,"5,625,000","5,004,000",0.13
364690,KODEX 혁신기술테마액티브,20260826,035720,카카오,136.00,"4,902,800","4,943,600",0.13
364690,KODEX 혁신기술테마액티브,20260826,071050,한국금융지주,25.00,"4,787,500","4,780,000",0.12
364690,KODEX 혁신기술테마액티브,20260826,006260,LS,15.00,"4,417,500","4,402,500",0.11
364690,KODEX 혁신기술테마액티브,20260826,028050,삼성E&A,90.00,"4,126,500","4,342,500",0.11
364690,KODEX 혁신기술테마액티브,20260826,064800,포니링크,"1,253.00","3,715,145","4,065,985",0.11
364690,KODEX 혁신기술테마액티브,20260826,161390,한국타이어앤테크놀로지,57.00,"3,813,300","3,893,100",0.10
364690,KODEX 혁신기술테마액티브,20260826,090430,아모레퍼시픽,27.00,"3,869,100","3,874,500",0.10
364690,KODEX 혁신기술테마액티브,20260826,180640,한진칼,30.00,"3,669,000","3,864,000",0.10
364690,KODEX 혁신기술테마액티브,20260826,047040,대우건설,190.00,"3,347,800","3,629,000",0.09
364690,KODEX 혁신기술테마액티브,20260826,016360,삼성증권,40.00,"3,536,000","3,540,000",0.09
364690,KODEX 혁신기술테마액티브,20260826,005940,NH투자증권,129.00,"3,431,400","3,437,850",0.09
364690,KODEX 혁신기술테마액티브,20260826,021240,코웨이,34.00,"3,355,800","3,400,000",0.09
364690,KODEX 혁신기술테마액티브,20260826,011200,HMM,158.00,"3,578,700","3,373,300",0.09
364690,KODEX 혁신기술테마액티브,20260826,039490,키움증권,12.00,"3,312,000","3,342,000",0.09
364690,KODEX 혁신기술테마액티브,20260826,326030,SK바이오팜,36.00,"3,038,400","3,297,600",0.09
364690,KODEX 혁신기술테마액티브,20260826,329180,HD현대중공업,7.00,"3,251,500","3,251,500",0.08
364690,KODEX 혁신기술테마액티브,20260826,128940,한미약품,6.00,"3,006,000","3,180,000",0.08
364690,KODEX 혁신기술테마액티브,20260826,000100,유한양행,36.00,"2,998,800","3,121,200",0.08
364690,KODEX 혁신기술테마액티브,20260826,006400,삼성SDI,6.00,"3,114,000","3,096,000",0.08
364690,KODEX 혁신기술테마액티브,20260826,352820,하이브,17.00,"2,927,400","3,044,700",0.08
364690,KODEX 혁신기술테마액티브,20260826,047050,포스코인터내셔널,56.00,"3,018,400","2,940,000",0.08
364690,KODEX 혁신기술테마액티브,20260826,241560,두산밥캣,46.00,"2,810,600","2,865,800",0.07
364690,KODEX 혁신기술테마액티브,20260826,042700,한미반도체,13.00,"2,827,500","2,853,500",0.07
364690,KODEX 혁신기술테마액티브,20260826,029780,삼성카드,52.00,"2,399,800","2,431,000",0.06
364690,KODEX 혁신기술테마액티브,20260826,001440,대한전선,85.00,"2,337,500","2,397,000",0.06
364690,KODEX 혁신기술테마액티브,20260826,271560,오리온,18.00,"2,280,600","2,322,000",0.06
364690,KODEX 혁신기술테마액티브,20260826,036570,NC,10.00,"2,250,000","2,265,000",0.06
364690,KODEX 혁신기술테마액티브,20260826,138930,BNK금융지주,149.00,"2,211,160","2,217,120",0.06
364690,KODEX 혁신기술테마액티브,20260826,088350,한화생명,397.00,"2,131,890","2,215,260",0.06
364690,KODEX 혁신기술테마액티브,20260826,010060,OCI홀딩스,8.00,"2,200,000","2,204,000",0.06
364690,KODEX 혁신기술테마액티브,20260826,051900,LG생활건강,7.00,"2,212,000","2,177,000",0.06
364690,KODEX 혁신기술테마액티브,20260826,004170,신세계,5.00,"1,975,000","2,120,000",0.05
364690,KODEX 혁신기술테마액티브,20260826,001450,현대해상,41.00,"2,082,800","2,111,500",0.05
364690,KODEX 혁신기술테마액티브,20260826,034220,LG디스플레이,216.00,"2,062,800","2,049,840",0.05
364690,KODEX 혁신기술테마액티브,20260826,246710,티앤알바이오팹,808.00,"2,024,040","2,003,840",0.05
364690,KODEX 혁신기술테마액티브,20260826,011790,SKC,22.00,"1,889,800","1,942,600",0.05
364690,KODEX 혁신기술테마액티브,20260826,002380,KCC,4.00,"1,816,000","1,888,000",0.05
364690,KODEX 혁신기술테마액티브,20260826,004020,현대제철,61.00,"1,836,100","1,811,700",0.05
364690,KODEX 혁신기술테마액티브,20260826,011780,금호석유화학,14.00,"1,682,800","1,736,000",0.04
364690,KODEX 혁신기술테마액티브,20260826,001040,CJ,13.00,"1,666,600","1,700,400",0.04
364690,KODEX 혁신기술테마액티브,20260826,267270,HD건설기계,11.00,"1,482,800","1,537,800",0.04
364690,KODEX 혁신기술테마액티브,20260826,009420,한올바이오파마,24.00,"1,456,800","1,519,200",0.04
364690,KODEX 혁신기술테마액티브,20260826,111770,영원무역,20.00,"1,512,000","1,518,000",0.04
364690,KODEX 혁신기술테마액티브,20260826,161890,한국콜마,10.00,"1,500,000","1,488,000",0.04
364690,KODEX 혁신기술테마액티브,20260826,251270,넷마블,39.00,"1,446,900","1,466,400",0.04
364690,KODEX 혁신기술테마액티브,20260826,192820,코스맥스,5.00,"1,445,000","1,440,000",0.04
364690,KODEX 혁신기술테마액티브,20260826,017800,현대엘리베이터,19.00,"1,415,500","1,436,400",0.04
364690,KODEX 혁신기술테마액티브,20260826,035250,강원랜드,98.00,"1,417,080","1,434,720",0.04
364690,KODEX 혁신기술테마액티브,20260826,008930,한미사이언스,32.00,"1,481,600","1,420,800",0.04
364690,KODEX 혁신기술테마액티브,20260826,004370,농심,3.00,"1,353,000","1,377,000",0.04
364690,KODEX 혁신기술테마액티브,20260826,028670,팬오션,244.00,"1,556,720","1,368,840",0.04
364690,KODEX 혁신기술테마액티브,20260826,336260,두산퓨얼셀,30.00,"1,270,500","1,365,000",0.04
364690,KODEX 혁신기술테마액티브,20260826,012750,에스원,17.00,"1,356,600","1,358,300",0.04
364690,KODEX 혁신기술테마액티브,20260826,302440,SK바이오사이언스,35.00,"1,314,250","1,333,500",0.03
364690,KODEX 혁신기술테마액티브,20260826,097950,CJ제일제당,7.00,"1,309,700","1,324,400",0.03
364690,KODEX 혁신기술테마액티브,20260826,375500,DL이앤씨,18.00,"1,265,400","1,319,400",0.03
364690,KODEX 혁신기술테마액티브,20260826,383220,F&F,20.00,"1,256,000","1,276,000",0.03
364690,KODEX 혁신기술테마액티브,20260826,026960,동서,46.00,"1,193,700","1,219,000",0.03
364690,KODEX 혁신기술테마액티브,20260826,018880,한온시스템,343.00,"1,209,075","1,215,935",0.03
364690,KODEX 혁신기술테마액티브,20260826,282330,BGF리테일,8.00,"1,162,400","1,185,600",0.03
364690,KODEX 혁신기술테마액티브,20260826,081660,미스토홀딩스,28.00,"1,170,400","1,177,400",0.03
364690,KODEX 혁신기술테마액티브,20260826,181710,NHN,18.00,"1,188,000","1,175,400",0.03
364690,KODEX 혁신기술테마액티브,20260826,005850,에스엘,22.00,"1,177,000","1,166,000",0.03
364690,KODEX 혁신기술테마액티브,20260826,004990,롯데지주,48.00,"1,118,400","1,156,800",0.03
364690,KODEX 혁신기술테마액티브,20260826,003690,코리안리,79.00,"1,140,760","1,146,290",0.03
364690,KODEX 혁신기술테마액티브,20260826,011170,롯데케미칼,19.00,"1,043,100","1,083,000",0.03
364690,KODEX 혁신기술테마액티브,20260826,204320,HL만도,21.00,"1,079,400","1,058,400",0.03
364690,KODEX 혁신기술테마액티브,20260826,000240,한국앤컴퍼니,43.00,"1,034,150","1,053,500",0.03
364690,KODEX 혁신기술테마액티브,20260826,069960,현대백화점,11.00,"1,024,100","1,050,500",0.03
364690,KODEX 혁신기술테마액티브,20260826,002790,아모레퍼시픽홀딩스,38.00,"1,020,300","1,016,500",0.03
364690,KODEX 혁신기술테마액티브,20260826,030000,제일기획,52.00,"994,760","1,000,480",0.03
364690,KODEX 혁신기술테마액티브,20260826,139480,이마트,13.00,"946,400","976,300",0.03
364690,KODEX 혁신기술테마액티브,20260826,112610,씨에스윈드,19.00,"912,950","950,000",0.02
364690,KODEX 혁신기술테마액티브,20260826,487570,HS효성,20.00,"927,000","946,000",0.02
364690,KODEX 혁신기술테마액티브,20260826,018670,SK가스,4.00,"944,000","944,000",0.02
364690,KODEX 혁신기술테마액티브,20260826,073240,금호타이어,131.00,"917,000","927,480",0.02
364690,KODEX 혁신기술테마액티브,20260826,003240,태광산업,1.00,"902,000","902,000",0.02
364690,KODEX 혁신기술테마액티브,20260826,023590,다우기술,21.00,"807,450","813,750",0.02
364690,KODEX 혁신기술테마액티브,20260826,001740,SK네트웍스,113.00,"775,180","772,920",0.02
364690,KODEX 혁신기술테마액티브,20260826,007070,GS리테일,28.00,"744,800","763,000",0.02
364690,KODEX 혁신기술테마액티브,20260826,001800,오리온홀딩스,29.00,"739,500","756,900",0.02
364690,KODEX 혁신기술테마액티브,20260826,000120,CJ대한통운,10.00,"735,000","746,000",0.02
364690,KODEX 혁신기술테마액티브,20260826,011210,현대위아,12.00,"736,800","724,800",0.02
364690,KODEX 혁신기술테마액티브,20260826,008770,호텔신라,17.00,"712,300","723,350",0.02
364690,KODEX 혁신기술테마액티브,20260826,001120,LX인터내셔널,18.00,"689,400","693,000",0.02
364690,KODEX 혁신기술테마액티브,20260826,020150,롯데에너지머티리얼즈,21.00,"670,950","690,900",0.02
364690,KODEX 혁신기술테마액티브,20260826,001430,세아베스틸지주,16.00,"710,400","686,400",0.02
364690,KODEX 혁신기술테마액티브,20260826,007310,오뚜기,2.00,"663,000","675,000",0.02
364690,KODEX 혁신기술테마액티브,20260826,361610,SK아이이테크놀로지,33.00,"506,880","658,680",0.02
364690,KODEX 혁신기술테마액티브,20260826,298020,효성티앤씨,2.00,"648,000","655,000",0.02
364690,KODEX 혁신기술테마액티브,20260826,006280,녹십자,5.00,"631,500","652,500",0.02
364690,KODEX 혁신기술테마액티브,20260826,069620,대웅제약,5.00,"611,000","640,000",0.02
364690,KODEX 혁신기술테마액티브,20260826,120110,코오롱인더,12.00,"662,400","631,200",0.02
364690,KODEX 혁신기술테마액티브,20260826,004000,롯데정밀화학,12.00,"550,200","567,000",0.01
364690,KODEX 혁신기술테마액티브,20260826,192080,더블유게임즈,9.00,"522,900","530,100",0.01
364690,KODEX 혁신기술테마액티브,20260826,000210,DL,10.00,"481,500","496,500",0.01
364690,KODEX 혁신기술테마액티브,20260826,000080,하이트진로,32.00,"491,840","496,000",0.01
364690,KODEX 혁신기술테마액티브,20260826,003530,한화투자증권,98.00,"492,940","489,020",0.01
364690,KODEX 혁신기술테마액티브,20260826,003090,대웅,27.00,"455,760","477,900",0.01
364690,KODEX 혁신기술테마액티브,20260826,006120,SK디스커버리,9.00,"461,700","461,700",0.01
364690,KODEX 혁신기술테마액티브,20260826,009240,한샘,11.00,"429,550","439,450",0.01
364690,KODEX 혁신기술테마액티브,20260826,285130,SK케미칼,8.00,"400,000","416,000",0.01
364690,KODEX 혁신기술테마액티브,20260826,000670,영풍,10.00,"403,500","398,500",0.01
364690,KODEX 혁신기술테마액티브,20260826,004490,세방전지,6.00,"342,600","358,800",0.01
364690,KODEX 혁신기술테마액티브,20260826,005440,현대지에프홀딩스,29.00,"338,720","354,380",0.01
364690,KODEX 혁신기술테마액티브,20260826,185750,종근당,5.00,"337,500","344,000",0.01
364690,KODEX 혁신기술테마액티브,20260826,298050,HS효성첨단소재,2.00,"336,200","342,800",0.01
364690,KODEX 혁신기술테마액티브,20260826,214320,이노션,18.00,"339,480","339,300",0.01
364690,KODEX 혁신기술테마액티브,20260826,456040,OCI,4.00,"322,800","322,400",0.01
364690,KODEX 혁신기술테마액티브,20260826,248070,솔루엠,23.00,"303,830","304,520",0.01
364690,KODEX 혁신기술테마액티브,20260826,005880,대한해운,146.00,"313,900","300,030",0.01
364690,KODEX 혁신기술테마액티브,20260826,005690,파미셀,27.00,"291,600","294,030",0.01
364690,KODEX 혁신기술테마액티브,20260826,001680,대상,16.00,"286,080","290,400",0.01
364690,KODEX 혁신기술테마액티브,20260826,003850,보령,31.00,"280,240","280,240",0.01
364690,KODEX 혁신기술테마액티브,20260826,453340,현대그린푸드,15.00,"279,000","276,450",0.01
364690,KODEX 혁신기술테마액티브,20260826,002840,미원상사,2.00,"269,000","274,400",0.01
364690,KODEX 혁신기술테마액티브,20260826,006650,대한유화,3.00,"246,000","264,000",0.01
364690,KODEX 혁신기술테마액티브,20260826,014820,동원시스템즈,12.00,"263,400","262,200",0.01
364690,KODEX 혁신기술테마액티브,20260826,016380,KG스틸,46.00,"262,200","259,900",0.01
364690,KODEX 혁신기술테마액티브,20260826,460860,동국제강,26.00,"252,200","251,160",0.01
364690,KODEX 혁신기술테마액티브,20260826,499790,GS피앤엘,6.00,"237,600","250,500",0.01
364690,KODEX 혁신기술테마액티브,20260826,336370,솔루스첨단소재,32.00,"237,120","241,280",0.01
364690,KODEX 혁신기술테마액티브,20260826,010780,아이에스동서,14.00,"226,240","225,960",0.01
364690,KODEX 혁신기술테마액티브,20260826,005250,녹십자홀딩스,21.00,"210,840","216,510",0.01
364690,KODEX 혁신기술테마액티브,20260826,003000,부광약품,43.00,"178,450","181,030",0.00
364690,KODEX 혁신기술테마액티브,20260826,031430,신세계인터내셔날,15.00,"157,200","159,000",0.00
364690,KODEX 혁신기술테마액티브,20260826,009900,명신산업,19.00,"153,520","153,330",0.00
364690,KODEX 혁신기술테마액티브,20260826,003520,영진약품,84.00,"97,440","96,768",0.00
364690,KODEX 혁신기술테마액티브,20260826,460850,동국씨엠,16.00,"84,160","84,320",0.00
364690,KODEX 혁신기술테마액티브,20260826,001230,동국홀딩스,41.00,"83,025","82,820",0.00
364690,KODEX 혁신기술테마액티브,20260826,013890,지누스,8.00,"59,200","59,120",0.00
364690,KODEX 혁신기술테마액티브,20260826,KRD010010001,원화현금,-,-,"43,498,275",1.13
364690,KODEX 혁신기술테마액티브,20260827,005930,삼성전자,"3,709.00","969,903,500","986,594,000",25.05
364690,KODEX 혁신기술테마액티브,20260827,000660,SK하이닉스,431.00,"727,528,000","745,630,000",18.93
364690,KODEX 혁신기술테마액티브,20260827,009150,삼성전기,201.00,"267,330,000","278,385,000",7.07
364690,KODEX 혁신기술테마액티브,20260827,402340,SK스퀘어,178.00,"188,324,000","190,104,000",4.83
364690,KODEX 혁신기술테마액티브,20260827,012450,한화에어로스페이스,156.00,"169,572,000","179,400,000",4.55
364690,KODEX 혁신기술테마액티브,20260827,011070,LG이노텍,228.00,"132,924,000","136,116,000",3.46
364690,KODEX 혁신기술테마액티브,20260827,207940,삼성바이오로직스,53.00,"84,747,000","84,482,000",2.14
364690,KODEX 혁신기술테마액티브,20260827,267260,HD현대일렉트릭,101.00,"74,033,000","82,921,000",2.11
364690,KODEX 혁신기술테마액티브,20260827,034020,두산에너빌리티,793.00,"68,039,400","68,118,700",1.73
364690,KODEX 혁신기술테마액티브,20260827,047810,한국항공우주,462.00,"61,030,200","63,571,200",1.61
364690,KODEX 혁신기술테마액티브,20260827,005380,현대차,152.00,"62,016,000","60,496,000",1.54
364690,KODEX 혁신기술테마액티브,20260827,000880,한화,428.00,"50,889,200","55,725,600",1.41
364690,KODEX 혁신기술테마액티브,20260827,034730,SK,81.00,"44,874,000","45,036,000",1.14
364690,KODEX 혁신기술테마액티브,20260827,009540,HD한국조선해양,118.00,"42,539,000","42,539,000",1.08
364690,KODEX 혁신기술테마액티브,20260827,066570,LG전자,196.00,"39,298,000","38,866,800",0.99
364690,KODEX 혁신기술테마액티브,20260827,000270,기아,300.00,"39,420,000","37,830,000",0.96
364690,KODEX 혁신기술테마액티브,20260827,012330,현대모비스,82.00,"38,048,000","37,023,000",0.94
364690,KODEX 혁신기술테마액티브,20260827,373220,LG에너지솔루션,91.00,"31,941,000","33,715,500",0.86
364690,KODEX 혁신기술테마액티브,20260827,105560,KB금융,190.00,"31,654,000","31,939,000",0.81
364690,KODEX 혁신기술테마액티브,20260827,003550,LG,264.00,"30,201,600","30,228,000",0.77
364690,KODEX 혁신기술테마액티브,20260827,005490,POSCO홀딩스,84.00,"27,552,000","28,518,000",0.72
364690,KODEX 혁신기술테마액티브,20260827,032830,삼성생명,91.00,"28,164,500","27,937,000",0.71
364690,KODEX 혁신기술테마액티브,20260827,017670,SK텔레콤,276.00,"27,489,600","27,351,600",0.69
364690,KODEX 혁신기술테마액티브,20260827,032640,LG유플러스,"1,819.00","27,103,100","26,812,060",0.68
364690,KODEX 혁신기술테마액티브,20260827,055550,신한지주,236.00,"25,346,400","25,676,800",0.65
364690,KODEX 혁신기술테마액티브,20260827,051910,LG화학,86.00,"22,661,000","23,607,000",0.60
364690,KODEX 혁신기술테마액티브,20260827,138040,메리츠금융지주,181.00,"21,358,000","21,539,000",0.55
364690,KODEX 혁신기술테마액티브,20260827,010950,S-Oil,139.00,"19,599,000","19,001,300",0.48
364690,KODEX 혁신기술테마액티브,20260827,030200,KT,298.00,"15,883,400","16,062,200",0.41
364690,KODEX 혁신기술테마액티브,20260827,004800,효성,93.00,"14,917,200","15,531,000",0.39
364690,KODEX 혁신기술테마액티브,20260827,010120,LS ELECTRIC,70.00,"14,105,000","15,365,000",0.39
364690,KODEX 혁신기술테마액티브,20260827,000810,삼성화재,21.00,"14,280,000","14,322,000",0.36
364690,KODEX 혁신기술테마액티브,20260827,0126Z0,삼성에피스홀딩스,36.00,"13,680,000","13,896,000",0.35
364690,KODEX 혁신기술테마액티브,20260827,000150,두산,11.00,"12,980,000","13,354,000",0.34
364690,KODEX 혁신기술테마액티브,20260827,009830,한화솔루션,380.00,"12,502,000","12,692,000",0.32
364690,KODEX 혁신기술테마액티브,20260827,010130,고려아연,9.00,"12,348,000","12,348,000",0.31
364690,KODEX 혁신기술테마액티브,20260827,033780,KT&G,63.00,"11,006,100","10,993,500",0.28
364690,KODEX 혁신기술테마액티브,20260827,014680,한솔케미칼,53.00,"10,732,500","10,918,000",0.28
364690,KODEX 혁신기술테마액티브,20260827,489790,한화비전,208.00,"10,899,200","10,732,800",0.27
364690,KODEX 혁신기술테마액티브,20260827,006800,미래에셋증권,292.00,"10,599,600","10,541,200",0.27
364690,KODEX 혁신기술테마액티브,20260827,074600,원익QnC,365.00,"9,745,500","9,745,500",0.25
364690,KODEX 혁신기술테마액티브,20260827,035420,NAVER,45.00,"9,900,000","9,742,500",0.25
364690,KODEX 혁신기술테마액티브,20260827,010140,삼성중공업,437.00,"9,045,900","9,177,000",0.23
364690,KODEX 혁신기술테마액티브,20260827,126700,하이비젼시스템,755.00,"8,909,000","9,112,850",0.23
364690,KODEX 혁신기술테마액티브,20260827,272210,한화시스템,116.00,"8,514,400","9,036,400",0.23
364690,KODEX 혁신기술테마액티브,20260827,018260,삼성에스디에스,35.00,"7,980,000","8,190,000",0.21
364690,KODEX 혁신기술테마액티브,20260827,267250,HD현대,36.00,"7,812,000","7,776,000",0.20
364690,KODEX 혁신기술테마액티브,20260827,003670,포스코퓨처엠,39.00,"6,579,300","7,176,000",0.18
364690,KODEX 혁신기술테마액티브,20260827,064350,현대로템,50.00,"6,820,000","6,930,000",0.18
364690,KODEX 혁신기술테마액티브,20260827,086280,현대글로비스,34.00,"6,953,000","6,919,000",0.18
364690,KODEX 혁신기술테마액티브,20260827,000720,현대건설,52.00,"6,780,800","6,723,600",0.17
364690,KODEX 혁신기술테마액티브,20260827,000990,DB하이텍,64.00,"5,856,000","6,105,600",0.16
364690,KODEX 혁신기술테마액티브,20260827,005830,DB손해보험,32.00,"5,974,400","5,888,000",0.15
364690,KODEX 혁신기술테마액티브,20260827,042660,한화오션,65.00,"5,674,500","5,824,000",0.15
364690,KODEX 혁신기술테마액티브,20260827,307950,현대오토에버,13.00,"5,388,500","5,375,500",0.14
364690,KODEX 혁신기술테마액티브,20260827,0220W0,한화머시너리앤서비스홀딩스,690.00,"6,216,900","5,250,900",0.13
364690,KODEX 혁신기술테마액티브,20260827,096770,SK이노베이션,45.00,"5,004,000","5,040,000",0.13
364690,KODEX 혁신기술테마액티브,20260827,035720,카카오,136.00,"4,943,600","4,896,000",0.12
364690,KODEX 혁신기술테마액티브,20260827,071050,한국금융지주,25.00,"4,780,000","4,785,000",0.12
364690,KODEX 혁신기술테마액티브,20260827,006260,LS,15.00,"4,402,500","4,695,000",0.12
364690,KODEX 혁신기술테마액티브,20260827,028050,삼성E&A,90.00,"4,342,500","4,509,000",0.11
364690,KODEX 혁신기술테마액티브,20260827,064800,포니링크,"1,253.00","4,065,985","4,216,345",0.11
364690,KODEX 혁신기술테마액티브,20260827,090430,아모레퍼시픽,27.00,"3,874,500","3,844,800",0.10
364690,KODEX 혁신기술테마액티브,20260827,047040,대우건설,190.00,"3,629,000","3,800,000",0.10
364690,KODEX 혁신기술테마액티브,20260827,180640,한진칼,30.00,"3,864,000","3,798,000",0.10
364690,KODEX 혁신기술테마액티브,20260827,161390,한국타이어앤테크놀로지,57.00,"3,893,100","3,739,200",0.09
364690,KODEX 혁신기술테마액티브,20260827,016360,삼성증권,40.00,"3,540,000","3,532,000",0.09
364690,KODEX 혁신기술테마액티브,20260827,005940,NH투자증권,129.00,"3,437,850","3,431,400",0.09
364690,KODEX 혁신기술테마액티브,20260827,006400,삼성SDI,6.00,"3,096,000","3,414,000",0.09
364690,KODEX 혁신기술테마액티브,20260827,011200,HMM,158.00,"3,373,300","3,389,100",0.09
364690,KODEX 혁신기술테마액티브,20260827,039490,키움증권,12.00,"3,342,000","3,354,000",0.09
364690,KODEX 혁신기술테마액티브,20260827,021240,코웨이,34.00,"3,400,000","3,342,200",0.08
364690,KODEX 혁신기술테마액티브,20260827,329180,HD현대중공업,7.00,"3,251,500","3,290,000",0.08
364690,KODEX 혁신기술테마액티브,20260827,326030,SK바이오팜,36.00,"3,297,600","3,168,000",0.08
364690,KODEX 혁신기술테마액티브,20260827,352820,하이브,17.00,"3,044,700","3,034,500",0.08
364690,KODEX 혁신기술테마액티브,20260827,128940,한미약품,6.00,"3,180,000","3,024,000",0.08
364690,KODEX 혁신기술테마액티브,20260827,000100,유한양행,36.00,"3,121,200","2,977,200",0.08
364690,KODEX 혁신기술테마액티브,20260827,047050,포스코인터내셔널,56.00,"2,940,000","2,940,000",0.07
364690,KODEX 혁신기술테마액티브,20260827,042700,한미반도체,13.00,"2,853,500","2,886,000",0.07
364690,KODEX 혁신기술테마액티브,20260827,241560,두산밥캣,46.00,"2,865,800","2,847,400",0.07
364690,KODEX 혁신기술테마액티브,20260827,001440,대한전선,85.00,"2,397,000","2,533,000",0.06
364690,KODEX 혁신기술테마액티브,20260827,029780,삼성카드,52.00,"2,431,000","2,410,200",0.06
364690,KODEX 혁신기술테마액티브,20260827,271560,오리온,18.00,"2,322,000","2,271,600",0.06
364690,KODEX 혁신기술테마액티브,20260827,138930,BNK금융지주,149.00,"2,217,120","2,230,530",0.06
364690,KODEX 혁신기술테마액티브,20260827,036570,NC,10.00,"2,265,000","2,230,000",0.06
364690,KODEX 혁신기술테마액티브,20260827,010060,OCI홀딩스,8.00,"2,204,000","2,208,000",0.06
364690,KODEX 혁신기술테마액티브,20260827,088350,한화생명,397.00,"2,215,260","2,175,560",0.06
364690,KODEX 혁신기술테마액티브,20260827,004170,신세계,5.00,"2,120,000","2,125,000",0.05
364690,KODEX 혁신기술테마액티브,20260827,051900,LG생활건강,7.00,"2,177,000","2,089,500",0.05
364690,KODEX 혁신기술테마액티브,20260827,034220,LG디스플레이,216.00,"2,049,840","2,071,440",0.05
364690,KODEX 혁신기술테마액티브,20260827,001450,현대해상,41.00,"2,111,500","2,006,950",0.05
364690,KODEX 혁신기술테마액티브,20260827,011790,SKC,22.00,"1,942,600","1,982,200",0.05
364690,KODEX 혁신기술테마액티브,20260827,246710,티앤알바이오팹,808.00,"2,003,840","1,931,120",0.05
364690,KODEX 혁신기술테마액티브,20260827,004020,현대제철,61.00,"1,811,700","1,918,450",0.05
364690,KODEX 혁신기술테마액티브,20260827,002380,KCC,4.00,"1,888,000","1,878,000",0.05
364690,KODEX 혁신기술테마액티브,20260827,011780,금호석유화학,14.00,"1,736,000","1,730,400",0.04
364690,KODEX 혁신기술테마액티브,20260827,001040,CJ,13.00,"1,700,400","1,645,800",0.04
364690,KODEX 혁신기술테마액티브,20260827,267270,HD건설기계,11.00,"1,537,800","1,546,600",0.04
364690,KODEX 혁신기술테마액티브,20260827,009420,한올바이오파마,24.00,"1,519,200","1,543,200",0.04
364690,KODEX 혁신기술테마액티브,20260827,111770,영원무역,20.00,"1,518,000","1,468,000",0.04
364690,KODEX 혁신기술테마액티브,20260827,161890,한국콜마,10.00,"1,488,000","1,458,000",0.04
364690,KODEX 혁신기술테마액티브,20260827,012750,에스원,17.00,"1,358,300","1,453,500",0.04
364690,KODEX 혁신기술테마액티브,20260827,017800,현대엘리베이터,19.00,"1,436,400","1,434,500",0.04
364690,KODEX 혁신기술테마액티브,20260827,035250,강원랜드,98.00,"1,434,720","1,424,920",0.04
364690,KODEX 혁신기술테마액티브,20260827,251270,넷마블,39.00,"1,466,400","1,415,700",0.04
364690,KODEX 혁신기술테마액티브,20260827,192820,코스맥스,5.00,"1,440,000","1,415,000",0.04
364690,KODEX 혁신기술테마액티브,20260827,028670,팬오션,244.00,"1,368,840","1,371,280",0.03
364690,KODEX 혁신기술테마액티브,20260827,336260,두산퓨얼셀,30.00,"1,365,000","1,356,000",0.03
364690,KODEX 혁신기술테마액티브,20260827,008930,한미사이언스,32.00,"1,420,800","1,347,200",0.03
364690,KODEX 혁신기술테마액티브,20260827,302440,SK바이오사이언스,35.00,"1,333,500","1,345,750",0.03
364690,KODEX 혁신기술테마액티브,20260827,375500,DL이앤씨,18.00,"1,319,400","1,337,400",0.03
364690,KODEX 혁신기술테마액티브,20260827,097950,CJ제일제당,7.00,"1,324,400","1,304,100",0.03
364690,KODEX 혁신기술테마액티브,20260827,004370,농심,3.00,"1,377,000","1,281,000",0.03
364690,KODEX 혁신기술테마액티브,20260827,383220,F&F,20.00,"1,276,000","1,262,000",0.03
364690,KODEX 혁신기술테마액티브,20260827,181710,NHN,18.00,"1,175,400","1,261,800",0.03
364690,KODEX 혁신기술테마액티브,20260827,018880,한온시스템,343.00,"1,215,935","1,193,640",0.03
364690,KODEX 혁신기술테마액티브,20260827,026960,동서,46.00,"1,219,000","1,189,100",0.03
364690,KODEX 혁신기술테마액티브,20260827,005850,에스엘,22.00,"1,166,000","1,157,200",0.03
364690,KODEX 혁신기술테마액티브,20260827,003690,코리안리,79.00,"1,146,290","1,145,500",0.03
364690,KODEX 혁신기술테마액티브,20260827,004990,롯데지주,48.00,"1,156,800","1,142,400",0.03
364690,KODEX 혁신기술테마액티브,20260827,081660,미스토홀딩스,28.00,"1,177,400","1,142,400",0.03
364690,KODEX 혁신기술테마액티브,20260827,282330,BGF리테일,8.00,"1,185,600","1,117,600",0.03
364690,KODEX 혁신기술테마액티브,20260827,011170,롯데케미칼,19.00,"1,083,000","1,090,600",0.03
364690,KODEX 혁신기술테마액티브,20260827,204320,HL만도,21.00,"1,058,400","1,058,400",0.03
364690,KODEX 혁신기술테마액티브,20260827,069960,현대백화점,11.00,"1,050,500","1,047,200",0.03
364690,KODEX 혁신기술테마액티브,20260827,000240,한국앤컴퍼니,43.00,"1,053,500","1,038,450",0.03
364690,KODEX 혁신기술테마액티브,20260827,002790,아모레퍼시픽홀딩스,38.00,"1,016,500","999,400",0.03
364690,KODEX 혁신기술테마액티브,20260827,030000,제일기획,52.00,"1,000,480","988,000",0.03
364690,KODEX 혁신기술테마액티브,20260827,139480,이마트,13.00,"976,300","962,000",0.02
364690,KODEX 혁신기술테마액티브,20260827,112610,씨에스윈드,19.00,"950,000","947,150",0.02
364690,KODEX 혁신기술테마액티브,20260827,487570,HS효성,20.00,"946,000","946,000",0.02
364690,KODEX 혁신기술테마액티브,20260827,073240,금호타이어,131.00,"927,480","931,410",0.02
364690,KODEX 혁신기술테마액티브,20260827,018670,SK가스,4.00,"944,000","922,000",0.02
364690,KODEX 혁신기술테마액티브,20260827,003240,태광산업,1.00,"902,000","899,000",0.02
364690,KODEX 혁신기술테마액티브,20260827,023590,다우기술,21.00,"813,750","807,450",0.02
364690,KODEX 혁신기술테마액티브,20260827,001740,SK네트웍스,113.00,"772,920","775,180",0.02
364690,KODEX 혁신기술테마액티브,20260827,020150,롯데에너지머티리얼즈,21.00,"690,900","739,200",0.02
364690,KODEX 혁신기술테마액티브,20260827,001800,오리온홀딩스,29.00,"756,900","733,700",0.02
364690,KODEX 혁신기술테마액티브,20260827,000120,CJ대한통운,10.00,"746,000","733,000",0.02
364690,KODEX 혁신기술테마액티브,20260827,007070,GS리테일,28.00,"763,000","721,000",0.02
364690,KODEX 혁신기술테마액티브,20260827,008770,호텔신라,17.00,"723,350","717,400",0.02
364690,KODEX 혁신기술테마액티브,20260827,011210,현대위아,12.00,"724,800","711,600",0.02
364690,KODEX 혁신기술테마액티브,20260827,001430,세아베스틸지주,16.00,"686,400","695,200",0.02
364690,KODEX 혁신기술테마액티브,20260827,001120,LX인터내셔널,18.00,"693,000","686,700",0.02
364690,KODEX 혁신기술테마액티브,20260827,298020,효성티앤씨,2.00,"655,000","666,000",0.02
364690,KODEX 혁신기술테마액티브,20260827,007310,오뚜기,2.00,"675,000","652,000",0.02
364690,KODEX 혁신기술테마액티브,20260827,120110,코오롱인더,12.00,"631,200","636,000",0.02
364690,KODEX 혁신기술테마액티브,20260827,006280,녹십자,5.00,"652,500","635,500",0.02
364690,KODEX 혁신기술테마액티브,20260827,069620,대웅제약,5.00,"640,000","624,500",0.02
364690,KODEX 혁신기술테마액티브,20260827,361610,SK아이이테크놀로지,33.00,"658,680","601,260",0.02
364690,KODEX 혁신기술테마액티브,20260827,004000,롯데정밀화학,12.00,"567,000","566,400",0.01
364690,KODEX 혁신기술테마액티브,20260827,192080,더블유게임즈,9.00,"530,100","514,800",0.01
364690,KODEX 혁신기술테마액티브,20260827,000210,DL,10.00,"496,500","500,000",0.01
364690,KODEX 혁신기술테마액티브,20260827,000080,하이트진로,32.00,"496,000","485,760",0.01
364690,KODEX 혁신기술테마액티브,20260827,003090,대웅,27.00,"477,900","471,960",0.01
364690,KODEX 혁신기술테마액티브,20260827,003530,한화투자증권,98.00,"489,020","470,400",0.01
364690,KODEX 혁신기술테마액티브,20260827,006120,SK디스커버리,9.00,"461,700","444,150",0.01
364690,KODEX 혁신기술테마액티브,20260827,009240,한샘,11.00,"439,450","427,350",0.01
364690,KODEX 혁신기술테마액티브,20260827,000670,영풍,10.00,"398,500","402,500",0.01
364690,KODEX 혁신기술테마액티브,20260827,285130,SK케미칼,8.00,"416,000","399,600",0.01
364690,KODEX 혁신기술테마액티브,20260827,004490,세방전지,6.00,"358,800","360,600",0.01
364690,KODEX 혁신기술테마액티브,20260827,005440,현대지에프홀딩스,29.00,"354,380","348,580",0.01
364690,KODEX 혁신기술테마액티브,20260827,298050,HS효성첨단소재,2.00,"342,800","342,800",0.01
364690,KODEX 혁신기술테마액티브,20260827,214320,이노션,18.00,"339,300","336,060",0.01
364690,KODEX 혁신기술테마액티브,20260827,185750,종근당,5.00,"344,000","335,500",0.01
364690,KODEX 혁신기술테마액티브,20260827,456040,OCI,4.00,"322,400","320,400",0.01
364690,KODEX 혁신기술테마액티브,20260827,005880,대한해운,146.00,"300,030","308,790",0.01
364690,KODEX 혁신기술테마액티브,20260827,248070,솔루엠,23.00,"304,520","301,990",0.01
364690,KODEX 혁신기술테마액티브,20260827,005690,파미셀,27.00,"294,030","293,220",0.01
364690,KODEX 혁신기술테마액티브,20260827,460860,동국제강,26.00,"251,160","281,840",0.01
364690,KODEX 혁신기술테마액티브,20260827,001680,대상,16.00,"290,400","279,840",0.01
364690,KODEX 혁신기술테마액티브,20260827,003850,보령,31.00,"280,240","275,900",0.01
364690,KODEX 혁신기술테마액티브,20260827,453340,현대그린푸드,15.00,"276,450","274,200",0.01
364690,KODEX 혁신기술테마액티브,20260827,002840,미원상사,2.00,"274,400","271,600",0.01
364690,KODEX 혁신기술테마액티브,20260827,006650,대한유화,3.00,"264,000","268,500",0.01
364690,KODEX 혁신기술테마액티브,20260827,014820,동원시스템즈,12.00,"262,200","259,200",0.01
364690,KODEX 혁신기술테마액티브,20260827,016380,KG스틸,46.00,"259,900","257,600",0.01
364690,KODEX 혁신기술테마액티브,20260827,499790,GS피앤엘,6.00,"250,500","254,400",0.01
364690,KODEX 혁신기술테마액티브,20260827,336370,솔루스첨단소재,32.00,"241,280","249,920",0.01
364690,KODEX 혁신기술테마액티브,20260827,010780,아이에스동서,14.00,"225,960","226,800",0.01
364690,KODEX 혁신기술테마액티브,20260827,005250,녹십자홀딩스,21.00,"216,510","210,210",0.01
364690,KODEX 혁신기술테마액티브,20260827,003000,부광약품,43.00,"181,030","179,310",0.00
364690,KODEX 혁신기술테마액티브,20260827,031430,신세계인터내셔날,15.00,"159,000","156,900",0.00
364690,KODEX 혁신기술테마액티브,20260827,009900,명신산업,19.00,"153,330","151,810",0.00
364690,KODEX 혁신기술테마액티브,20260827,003520,영진약품,84.00,"96,768","95,004",0.00
364690,KODEX 혁신기술테마액티브,20260827,460850,동국씨엠,16.00,"84,320","85,120",0.00
364690,KODEX 혁신기술테마액티브,20260827,001230,동국홀딩스,41.00,"82,820","83,230",0.00
364690,KODEX 혁신기술테마액티브,20260827,013890,지누스,8.00,"59,120","60,080",0.00
364690,KODEX 혁신기술테마액티브,20260827,KRD010010001,원화현금,-,-,"42,933,192",1.09
364690,KODEX 혁신기술테마액티브,20260828,005930,삼성전자,"3,709.00","986,594,000","953,213,000",24.56
364690,KODEX 혁신기술테마액티브,20260828,000660,SK하이닉스,431.00,"745,630,000","712,443,000",18.36
364690,KODEX 혁신기술테마액티브,20260828,009150,삼성전기,201.00,"278,385,000","285,621,000",7.36
364690,KODEX 혁신기술테마액티브,20260828,402340,SK스퀘어,178.00,"190,104,000","182,984,000",4.72
364690,KODEX 혁신기술테마액티브,20260828,012450,한화에어로스페이스,156.00,"179,400,000","180,492,000",4.65
364690,KODEX 혁신기술테마액티브,20260828,011070,LG이노텍,228.00,"136,116,000","139,308,000",3.59
364690,KODEX 혁신기술테마액티브,20260828,267260,HD현대일렉트릭,101.00,"82,921,000","82,214,000",2.12
364690,KODEX 혁신기술테마액티브,20260828,207940,삼성바이오로직스,53.00,"84,482,000","78,758,000",2.03
364690,KODEX 혁신기술테마액티브,20260828,034020,두산에너빌리티,793.00,"68,118,700","69,942,600",1.80
364690,KODEX 혁신기술테마액티브,20260828,047810,한국항공우주,462.00,"63,571,200","61,492,200",1.58
364690,KODEX 혁신기술테마액티브,20260828,005380,현대차,152.00,"60,496,000","60,724,000",1.56
364690,KODEX 혁신기술테마액티브,20260828,000880,한화,428.00,"55,725,600","57,737,200",1.49
364690,KODEX 혁신기술테마액티브,20260828,034730,SK,81.00,"45,036,000","43,983,000",1.13
364690,KODEX 혁신기술테마액티브,20260828,009540,HD한국조선해양,118.00,"42,539,000","41,831,000",1.08
364690,KODEX 혁신기술테마액티브,20260828,066570,LG전자,196.00,"38,866,800","39,494,000",1.02
364690,KODEX 혁신기술테마액티브,20260828,000270,기아,300.00,"37,830,000","38,400,000",0.99
364690,KODEX 혁신기술테마액티브,20260828,012330,현대모비스,82.00,"37,023,000","36,941,000",0.95
364690,KODEX 혁신기술테마액티브,20260828,373220,LG에너지솔루션,91.00,"33,715,500","33,670,000",0.87
364690,KODEX 혁신기술테마액티브,20260828,105560,KB금융,190.00,"31,939,000","32,604,000",0.84
364690,KODEX 혁신기술테마액티브,20260828,003550,LG,264.00,"30,228,000","30,703,200",0.79
364690,KODEX 혁신기술테마액티브,20260828,005490,POSCO홀딩스,84.00,"28,518,000","28,350,000",0.73
364690,KODEX 혁신기술테마액티브,20260828,032830,삼성생명,91.00,"27,937,000","28,210,000",0.73
364690,KODEX 혁신기술테마액티브,20260828,032640,LG유플러스,"1,819.00","26,812,060","27,321,380",0.70
364690,KODEX 혁신기술테마액티브,20260828,017670,SK텔레콤,276.00,"27,351,600","27,213,600",0.70
364690,KODEX 혁신기술테마액티브,20260828,055550,신한지주,236.00,"25,676,800","25,889,200",0.67
364690,KODEX 혁신기술테마액티브,20260828,051910,LG화학,86.00,"23,607,000","23,822,000",0.61
364690,KODEX 혁신기술테마액티브,20260828,138040,메리츠금융지주,181.00,"21,539,000","22,082,000",0.57
364690,KODEX 혁신기술테마액티브,20260828,010950,S-Oil,139.00,"19,001,300","20,738,800",0.53
364690,KODEX 혁신기술테마액티브,20260828,030200,KT,298.00,"16,062,200","16,241,000",0.42
364690,KODEX 혁신기술테마액티브,20260828,004800,효성,93.00,"15,531,000","15,958,800",0.41
364690,KODEX 혁신기술테마액티브,20260828,010120,LS ELECTRIC,70.00,"15,365,000","15,015,000",0.39
364690,KODEX 혁신기술테마액티브,20260828,000810,삼성화재,21.00,"14,322,000","14,427,000",0.37
364690,KODEX 혁신기술테마액티브,20260828,000150,두산,11.00,"13,354,000","13,618,000",0.35
364690,KODEX 혁신기술테마액티브,20260828,0126Z0,삼성에피스홀딩스,36.00,"13,896,000","13,446,000",0.35
364690,KODEX 혁신기술테마액티브,20260828,009830,한화솔루션,380.00,"12,692,000","12,825,000",0.33
364690,KODEX 혁신기술테마액티브,20260828,010130,고려아연,9.00,"12,348,000","12,375,000",0.32
364690,KODEX 혁신기술테마액티브,20260828,033780,KT&G,63.00,"10,993,500","11,106,900",0.29
364690,KODEX 혁신기술테마액티브,20260828,014680,한솔케미칼,53.00,"10,918,000","10,759,000",0.28
364690,KODEX 혁신기술테마액티브,20260828,006800,미래에셋증권,292.00,"10,541,200","10,555,800",0.27
364690,KODEX 혁신기술테마액티브,20260828,489790,한화비전,208.00,"10,732,800","10,441,600",0.27
364690,KODEX 혁신기술테마액티브,20260828,035420,NAVER,45.00,"9,742,500","9,922,500",0.26
364690,KODEX 혁신기술테마액티브,20260828,074600,원익QnC,365.00,"9,745,500","9,544,750",0.25
364690,KODEX 혁신기술테마액티브,20260828,010140,삼성중공업,437.00,"9,177,000","9,264,400",0.24
364690,KODEX 혁신기술테마액티브,20260828,126700,하이비젼시스템,755.00,"9,112,850","9,127,950",0.24
364690,KODEX 혁신기술테마액티브,20260828,272210,한화시스템,116.00,"9,036,400","8,792,800",0.23
364690,KODEX 혁신기술테마액티브,20260828,018260,삼성에스디에스,35.00,"8,190,000","8,505,000",0.22
364690,KODEX 혁신기술테마액티브,20260828,267250,HD현대,36.00,"7,776,000","7,848,000",0.20
364690,KODEX 혁신기술테마액티브,20260828,003670,포스코퓨처엠,39.00,"7,176,000","7,265,700",0.19
364690,KODEX 혁신기술테마액티브,20260828,086280,현대글로비스,34.00,"6,919,000","6,970,000",0.18
364690,KODEX 혁신기술테마액티브,20260828,064350,현대로템,50.00,"6,930,000","6,955,000",0.18
364690,KODEX 혁신기술테마액티브,20260828,000720,현대건설,52.00,"6,723,600","6,702,800",0.17
364690,KODEX 혁신기술테마액티브,20260828,000990,DB하이텍,64.00,"6,105,600","6,009,600",0.15
364690,KODEX 혁신기술테마액티브,20260828,005830,DB손해보험,32.00,"5,888,000","5,996,800",0.15
364690,KODEX 혁신기술테마액티브,20260828,042660,한화오션,65.00,"5,824,000","5,752,500",0.15
364690,KODEX 혁신기술테마액티브,20260828,307950,현대오토에버,13.00,"5,375,500","5,408,000",0.14
364690,KODEX 혁신기술테마액티브,20260828,096770,SK이노베이션,45.00,"5,040,000","5,260,500",0.14
364690,KODEX 혁신기술테마액티브,20260828,0220W0,한화머시너리앤서비스홀딩스,690.00,"5,250,900","5,133,600",0.13
364690,KODEX 혁신기술테마액티브,20260828,035720,카카오,136.00,"4,896,000","5,011,600",0.13
364690,KODEX 혁신기술테마액티브,20260828,071050,한국금융지주,25.00,"4,785,000","4,782,500",0.12
364690,KODEX 혁신기술테마액티브,20260828,006260,LS,15.00,"4,695,000","4,695,000",0.12
364690,KODEX 혁신기술테마액티브,20260828,028050,삼성E&A,90.00,"4,509,000","4,387,500",0.11
364690,KODEX 혁신기술테마액티브,20260828,064800,포니링크,"1,253.00","4,216,345","4,316,585",0.11
364690,KODEX 혁신기술테마액티브,20260828,090430,아모레퍼시픽,27.00,"3,844,800","4,066,200",0.10
364690,KODEX 혁신기술테마액티브,20260828,180640,한진칼,30.00,"3,798,000","3,939,000",0.10
364690,KODEX 혁신기술테마액티브,20260828,161390,한국타이어앤테크놀로지,57.00,"3,739,200","3,784,800",0.10
364690,KODEX 혁신기술테마액티브,20260828,047040,대우건설,190.00,"3,800,000","3,741,100",0.10
364690,KODEX 혁신기술테마액티브,20260828,016360,삼성증권,40.00,"3,532,000","3,540,000",0.09
364690,KODEX 혁신기술테마액티브,20260828,005940,NH투자증권,129.00,"3,431,400","3,437,850",0.09
364690,KODEX 혁신기술테마액티브,20260828,011200,HMM,158.00,"3,389,100","3,428,600",0.09
364690,KODEX 혁신기술테마액티브,20260828,006400,삼성SDI,6.00,"3,414,000","3,426,000",0.09
364690,KODEX 혁신기술테마액티브,20260828,021240,코웨이,34.00,"3,342,200","3,413,600",0.09
364690,KODEX 혁신기술테마액티브,20260828,039490,키움증권,12.00,"3,354,000","3,342,000",0.09
364690,KODEX 혁신기술테마액티브,20260828,329180,HD현대중공업,7.00,"3,290,000","3,199,000",0.08
364690,KODEX 혁신기술테마액티브,20260828,326030,SK바이오팜,36.00,"3,168,000","3,168,000",0.08
364690,KODEX 혁신기술테마액티브,20260828,352820,하이브,17.00,"3,034,500","3,060,000",0.08
364690,KODEX 혁신기술테마액티브,20260828,000100,유한양행,36.00,"2,977,200","3,056,400",0.08
364690,KODEX 혁신기술테마액티브,20260828,128940,한미약품,6.00,"3,024,000","3,054,000",0.08
364690,KODEX 혁신기술테마액티브,20260828,047050,포스코인터내셔널,56.00,"2,940,000","2,951,200",0.08
364690,KODEX 혁신기술테마액티브,20260828,241560,두산밥캣,46.00,"2,847,400","2,902,600",0.07
364690,KODEX 혁신기술테마액티브,20260828,042700,한미반도체,13.00,"2,886,000","2,853,500",0.07
364690,KODEX 혁신기술테마액티브,20260828,001440,대한전선,85.00,"2,533,000","2,524,500",0.07
364690,KODEX 혁신기술테마액티브,20260828,029780,삼성카드,52.00,"2,410,200","2,459,600",0.06
364690,KODEX 혁신기술테마액티브,20260828,088350,한화생명,397.00,"2,175,560","2,362,150",0.06
364690,KODEX 혁신기술테마액티브,20260828,271560,오리온,18.00,"2,271,600","2,331,000",0.06
364690,KODEX 혁신기술테마액티브,20260828,138930,BNK금융지주,149.00,"2,230,530","2,252,880",0.06
364690,KODEX 혁신기술테마액티브,20260828,036570,NC,10.00,"2,230,000","2,250,000",0.06
364690,KODEX 혁신기술테마액티브,20260828,051900,LG생활건강,7.00,"2,089,500","2,226,000",0.06
364690,KODEX 혁신기술테마액티브,20260828,010060,OCI홀딩스,8.00,"2,208,000","2,196,000",0.06
364690,KODEX 혁신기술테마액티브,20260828,001450,현대해상,41.00,"2,006,950","2,148,400",0.06
364690,KODEX 혁신기술테마액티브,20260828,034220,LG디스플레이,216.00,"2,071,440","2,077,920",0.05
364690,KODEX 혁신기술테마액티브,20260828,004170,신세계,5.00,"2,125,000","2,027,500",0.05
364690,KODEX 혁신기술테마액티브,20260828,011790,SKC,22.00,"1,982,200","2,008,600",0.05
364690,KODEX 혁신기술테마액티브,20260828,246710,티앤알바이오팹,808.00,"1,931,120","1,910,920",0.05
364690,KODEX 혁신기술테마액티브,20260828,002380,KCC,4.00,"1,878,000","1,894,000",0.05
364690,KODEX 혁신기술테마액티브,20260828,004020,현대제철,61.00,"1,918,450","1,891,000",0.05
364690,KODEX 혁신기술테마액티브,20260828,011780,금호석유화학,14.00,"1,730,400","1,762,600",0.05
364690,KODEX 혁신기술테마액티브,20260828,001040,CJ,13.00,"1,645,800","1,696,500",0.04
364690,KODEX 혁신기술테마액티브,20260828,161890,한국콜마,10.00,"1,458,000","1,617,000",0.04
364690,KODEX 혁신기술테마액티브,20260828,009420,한올바이오파마,24.00,"1,543,200","1,550,400",0.04
364690,KODEX 혁신기술테마액티브,20260828,192820,코스맥스,5.00,"1,415,000","1,515,000",0.04
364690,KODEX 혁신기술테마액티브,20260828,267270,HD건설기계,11.00,"1,546,600","1,502,600",0.04
364690,KODEX 혁신기술테마액티브,20260828,111770,영원무역,20.00,"1,468,000","1,486,000",0.04
364690,KODEX 혁신기술테마액티브,20260828,251270,넷마블,39.00,"1,415,700","1,460,550",0.04
364690,KODEX 혁신기술테마액티브,20260828,035250,강원랜드,98.00,"1,424,920","1,449,420",0.04
364690,KODEX 혁신기술테마액티브,20260828,017800,현대엘리베이터,19.00,"1,434,500","1,436,400",0.04
364690,KODEX 혁신기술테마액티브,20260828,008930,한미사이언스,32.00,"1,347,200","1,424,000",0.04
364690,KODEX 혁신기술테마액티브,20260828,012750,에스원,17.00,"1,453,500","1,419,500",0.04
364690,KODEX 혁신기술테마액티브,20260828,028670,팬오션,244.00,"1,371,280","1,412,760",0.04
364690,KODEX 혁신기술테마액티브,20260828,302440,SK바이오사이언스,35.00,"1,345,750","1,363,250",0.04
364690,KODEX 혁신기술테마액티브,20260828,336260,두산퓨얼셀,30.00,"1,356,000","1,362,000",0.04
364690,KODEX 혁신기술테마액티브,20260828,004370,농심,3.00,"1,281,000","1,351,500",0.03
364690,KODEX 혁신기술테마액티브,20260828,383220,F&F,20.00,"1,262,000","1,338,000",0.03
364690,KODEX 혁신기술테마액티브,20260828,097950,CJ제일제당,7.00,"1,304,100","1,325,100",0.03
364690,KODEX 혁신기술테마액티브,20260828,375500,DL이앤씨,18.00,"1,337,400","1,319,400",0.03
364690,KODEX 혁신기술테마액티브,20260828,181710,NHN,18.00,"1,261,800","1,254,600",0.03
364690,KODEX 혁신기술테마액티브,20260828,026960,동서,46.00,"1,189,100","1,202,900",0.03
364690,KODEX 혁신기술테마액티브,20260828,018880,한온시스템,343.00,"1,193,640","1,197,070",0.03
364690,KODEX 혁신기술테마액티브,20260828,282330,BGF리테일,8.00,"1,117,600","1,176,000",0.03
364690,KODEX 혁신기술테마액티브,20260828,004990,롯데지주,48.00,"1,142,400","1,159,200",0.03
364690,KODEX 혁신기술테마액티브,20260828,081660,미스토홀딩스,28.00,"1,142,400","1,157,800",0.03
364690,KODEX 혁신기술테마액티브,20260828,003690,코리안리,79.00,"1,145,500","1,156,560",0.03
364690,KODEX 혁신기술테마액티브,20260828,005850,에스엘,22.00,"1,157,200","1,152,800",0.03
364690,KODEX 혁신기술테마액티브,20260828,011170,롯데케미칼,19.00,"1,090,600","1,130,500",0.03
364690,KODEX 혁신기술테마액티브,20260828,000240,한국앤컴퍼니,43.00,"1,038,450","1,064,250",0.03
364690,KODEX 혁신기술테마액티브,20260828,002790,아모레퍼시픽홀딩스,38.00,"999,400","1,064,000",0.03
364690,KODEX 혁신기술테마액티브,20260828,204320,HL만도,21.00,"1,058,400","1,056,300",0.03
364690,KODEX 혁신기술테마액티브,20260828,069960,현대백화점,11.00,"1,047,200","1,027,400",0.03
364690,KODEX 혁신기술테마액티브,20260828,030000,제일기획,52.00,"988,000","1,005,680",0.03
364690,KODEX 혁신기술테마액티브,20260828,139480,이마트,13.00,"962,000","976,300",0.03
364690,KODEX 혁신기술테마액티브,20260828,073240,금호타이어,131.00,"931,410","964,160",0.02
364690,KODEX 혁신기술테마액티브,20260828,487570,HS효성,20.00,"946,000","958,000",0.02
364690,KODEX 혁신기술테마액티브,20260828,112610,씨에스윈드,19.00,"947,150","938,600",0.02
364690,KODEX 혁신기술테마액티브,20260828,018670,SK가스,4.00,"922,000","920,000",0.02
364690,KODEX 혁신기술테마액티브,20260828,003240,태광산업,1.00,"899,000","918,000",0.02
364690,KODEX 혁신기술테마액티브,20260828,023590,다우기술,21.00,"807,450","828,450",0.02
364690,KODEX 혁신기술테마액티브,20260828,001800,오리온홀딩스,29.00,"733,700","759,800",0.02
364690,KODEX 혁신기술테마액티브,20260828,001740,SK네트웍스,113.00,"775,180","755,970",0.02
364690,KODEX 혁신기술테마액티브,20260828,000120,CJ대한통운,10.00,"733,000","747,000",0.02
364690,KODEX 혁신기술테마액티브,20260828,007070,GS리테일,28.00,"721,000","746,200",0.02
364690,KODEX 혁신기술테마액티브,20260828,020150,롯데에너지머티리얼즈,21.00,"739,200","741,300",0.02
364690,KODEX 혁신기술테마액티브,20260828,008770,호텔신라,17.00,"717,400","731,000",0.02
364690,KODEX 혁신기술테마액티브,20260828,011210,현대위아,12.00,"711,600","716,400",0.02
364690,KODEX 혁신기술테마액티브,20260828,001120,LX인터내셔널,18.00,"686,700","694,800",0.02
364690,KODEX 혁신기술테마액티브,20260828,298020,효성티앤씨,2.00,"666,000","692,000",0.02
364690,KODEX 혁신기술테마액티브,20260828,001430,세아베스틸지주,16.00,"695,200","681,600",0.02
364690,KODEX 혁신기술테마액티브,20260828,007310,오뚜기,2.00,"652,000","678,000",0.02
364690,KODEX 혁신기술테마액티브,20260828,120110,코오롱인더,12.00,"636,000","678,000",0.02
364690,KODEX 혁신기술테마액티브,20260828,006280,녹십자,5.00,"635,500","652,500",0.02
364690,KODEX 혁신기술테마액티브,20260828,069620,대웅제약,5.00,"624,500","644,000",0.02
364690,KODEX 혁신기술테마액티브,20260828,004000,롯데정밀화학,12.00,"566,400","580,200",0.01
364690,KODEX 혁신기술테마액티브,20260828,361610,SK아이이테크놀로지,33.00,"601,260","550,440",0.01
364690,KODEX 혁신기술테마액티브,20260828,192080,더블유게임즈,9.00,"514,800","532,800",0.01
364690,KODEX 혁신기술테마액티브,20260828,000080,하이트진로,32.00,"485,760","503,040",0.01
364690,KODEX 혁신기술테마액티브,20260828,000210,DL,10.00,"500,000","500,000",0.01
364690,KODEX 혁신기술테마액티브,20260828,003530,한화투자증권,98.00,"470,400","490,000",0.01
364690,KODEX 혁신기술테마액티브,20260828,003090,대웅,27.00,"471,960","485,730",0.01
364690,KODEX 혁신기술테마액티브,20260828,006120,SK디스커버리,9.00,"444,150","452,700",0.01
364690,KODEX 혁신기술테마액티브,20260828,009240,한샘,11.00,"427,350","436,700",0.01
364690,KODEX 혁신기술테마액티브,20260828,285130,SK케미칼,8.00,"399,600","433,600",0.01
364690,KODEX 혁신기술테마액티브,20260828,000670,영풍,10.00,"402,500","412,000",0.01
364690,KODEX 혁신기술테마액티브,20260828,004490,세방전지,6.00,"360,600","397,800",0.01
364690,KODEX 혁신기술테마액티브,20260828,298050,HS효성첨단소재,2.00,"342,800","357,600",0.01
364690,KODEX 혁신기술테마액티브,20260828,005440,현대지에프홀딩스,29.00,"348,580","343,940",0.01
364690,KODEX 혁신기술테마액티브,20260828,185750,종근당,5.00,"335,500","342,500",0.01
364690,KODEX 혁신기술테마액티브,20260828,214320,이노션,18.00,"336,060","342,180",0.01
364690,KODEX 혁신기술테마액티브,20260828,456040,OCI,4.00,"320,400","328,000",0.01
364690,KODEX 혁신기술테마액티브,20260828,005880,대한해운,146.00,"308,790","315,360",0.01
364690,KODEX 혁신기술테마액티브,20260828,248070,솔루엠,23.00,"301,990","305,900",0.01
364690,KODEX 혁신기술테마액티브,20260828,005690,파미셀,27.00,"293,220","302,940",0.01
364690,KODEX 혁신기술테마액티브,20260828,001680,대상,16.00,"279,840","291,200",0.01
364690,KODEX 혁신기술테마액티브,20260828,006650,대한유화,3.00,"268,500","287,400",0.01
364690,KODEX 혁신기술테마액티브,20260828,453340,현대그린푸드,15.00,"274,200","283,050",0.01
364690,KODEX 혁신기술테마액티브,20260828,003850,보령,31.00,"275,900","281,170",0.01
364690,KODEX 혁신기술테마액티브,20260828,002840,미원상사,2.00,"271,600","277,600",0.01
364690,KODEX 혁신기술테마액티브,20260828,460860,동국제강,26.00,"281,840","269,880",0.01
364690,KODEX 혁신기술테마액티브,20260828,014820,동원시스템즈,12.00,"259,200","269,400",0.01
364690,KODEX 혁신기술테마액티브,20260828,499790,GS피앤엘,6.00,"254,400","259,500",0.01
364690,KODEX 혁신기술테마액티브,20260828,016380,KG스틸,46.00,"257,600","258,520",0.01
364690,KODEX 혁신기술테마액티브,20260828,336370,솔루스첨단소재,32.00,"249,920","251,200",0.01
364690,KODEX 혁신기술테마액티브,20260828,010780,아이에스동서,14.00,"226,800","228,760",0.01
364690,KODEX 혁신기술테마액티브,20260828,005250,녹십자홀딩스,21.00,"210,210","212,940",0.01
364690,KODEX 혁신기술테마액티브,20260828,003000,부광약품,43.00,"179,310","180,600",0.00
364690,KODEX 혁신기술테마액티브,20260828,031430,신세계인터내셔날,15.00,"156,900","160,650",0.00
364690,KODEX 혁신기술테마액티브,20260828,009900,명신산업,19.00,"151,810","151,050",0.00
364690,KODEX 혁신기술테마액티브,20260828,003520,영진약품,84.00,"95,004","97,020",0.00
364690,KODEX 혁신기술테마액티브,20260828,460850,동국씨엠,16.00,"85,120","85,760",0.00
364690,KODEX 혁신기술테마액티브,20260828,001230,동국홀딩스,41.00,"83,230","83,845",0.00
364690,KODEX 혁신기술테마액티브,20260828,013890,지누스,8.00,"60,080","60,320",0.00
364690,KODEX 혁신기술테마액티브,20260828,KRD010010001,원화현금,-,-,"44,932,747",1.16
0172Y0,ACE K수출핵심TOP10산업액티브,20260824,005930,삼성전자,348.00,"97,962,000","89,436,000",18.96
0172Y0,ACE K수출핵심TOP10산업액티브,20260824,000660,SK하이닉스,53.00,"91,690,000","88,563,000",18.77
0172Y0,ACE K수출핵심TOP10산업액티브,20260824,214450,파마리서치,47.00,"18,823,500","19,552,000",4.14
0172Y0,ACE K수출핵심TOP10산업액티브,20260824,298040,효성중공업,7.00,"19,047,000","19,544,000",4.14
0172Y0,ACE K수출핵심TOP10산업액티브,20260824,012450,한화에어로스페이스,17.00,"18,445,000","18,785,000",3.98
0172Y0,ACE K수출핵심TOP10산업액티브,20260824,009150,삼성전기,14.00,"18,424,000","18,452,000",3.91
0172Y0,ACE K수출핵심TOP10산업액티브,20260824,000720,현대건설,169.00,"17,846,400","17,846,400",3.78
0172Y0,ACE K수출핵심TOP10산업액티브,20260824,373220,LG에너지솔루션,49.00,"16,831,500","17,738,000",3.76
0172Y0,ACE K수출핵심TOP10산업액티브,20260824,034020,두산에너빌리티,238.00,"17,445,400","17,374,000",3.68
0172Y0,ACE K수출핵심TOP10산업액티브,20260824,207940,삼성바이오로직스,11.00,"17,061,000","17,303,000",3.67
0172Y0,ACE K수출핵심TOP10산업액티브,20260824,005380,현대차,41.00,"17,015,000","16,974,000",3.60
0172Y0,ACE K수출핵심TOP10산업액티브,20260824,010120,LS ELECTRIC,87.00,"16,269,000","16,730,100",3.55
0172Y0,ACE K수출핵심TOP10산업액티브,20260824,095610,테스,123.00,"16,346,700","16,408,200",3.48
0172Y0,ACE K수출핵심TOP10산업액티브,20260824,028260,삼성물산,45.00,"17,797,500","16,402,500",3.48
0172Y0,ACE K수출핵심TOP10산업액티브,20260824,402340,SK스퀘어,15.00,"16,845,000","16,140,000",3.42
0172Y0,ACE K수출핵심TOP10산업액티브,20260824,000150,두산,14.00,"15,092,000","15,190,000",3.22
0172Y0,ACE K수출핵심TOP10산업액티브,20260824,329180,HD현대중공업,33.00,"14,949,000","15,031,500",3.19
0172Y0,ACE K수출핵심TOP10산업액티브,20260824,012330,현대모비스,29.00,"14,384,000","14,456,500",3.06
0172Y0,ACE K수출핵심TOP10산업액티브,20260824,000270,기아,104.00,"13,613,600","13,676,000",2.90
0172Y0,ACE K수출핵심TOP10산업액티브,20260824,003230,삼양식품,2.00,"2,732,000","2,808,000",0.60
0172Y0,ACE K수출핵심TOP10산업액티브,20260824,KRD010010001,원화현금,-,-,"3,375,839",0.72
0172Y0,ACE K수출핵심TOP10산업액티브,20260825,005930,삼성전자,348.00,"89,436,000","89,436,000",18.70
0172Y0,ACE K수출핵심TOP10산업액티브,20260825,000660,SK하이닉스,53.00,"88,563,000","88,934,000",18.60
0172Y0,ACE K수출핵심TOP10산업액티브,20260825,000720,현대건설,169.00,"17,846,400","20,499,700",4.29
0172Y0,ACE K수출핵심TOP10산업액티브,20260825,214450,파마리서치,47.00,"19,552,000","19,481,500",4.07
0172Y0,ACE K수출핵심TOP10산업액티브,20260825,298040,효성중공업,7.00,"19,544,000","19,285,000",4.03
0172Y0,ACE K수출핵심TOP10산업액티브,20260825,034020,두산에너빌리티,238.00,"17,374,000","19,206,600",4.02
0172Y0,ACE K수출핵심TOP10산업액티브,20260825,009150,삼성전기,14.00,"18,452,000","19,068,000",3.99
0172Y0,ACE K수출핵심TOP10산업액티브,20260825,012450,한화에어로스페이스,17.00,"18,785,000","18,734,000",3.92
0172Y0,ACE K수출핵심TOP10산업액티브,20260825,207940,삼성바이오로직스,11.00,"17,303,000","17,435,000",3.65
0172Y0,ACE K수출핵심TOP10산업액티브,20260825,005380,현대차,41.00,"16,974,000","17,261,000",3.61
0172Y0,ACE K수출핵심TOP10산업액티브,20260825,373220,LG에너지솔루션,49.00,"17,738,000","17,125,500",3.58
0172Y0,ACE K수출핵심TOP10산업액티브,20260825,095610,테스,123.00,"16,408,200","17,097,000",3.58
0172Y0,ACE K수출핵심TOP10산업액티브,20260825,010120,LS ELECTRIC,87.00,"16,730,100","16,999,800",3.55
0172Y0,ACE K수출핵심TOP10산업액티브,20260825,028260,삼성물산,45.00,"16,402,500","16,515,000",3.45
0172Y0,ACE K수출핵심TOP10산업액티브,20260825,402340,SK스퀘어,15.00,"16,140,000","15,900,000",3.32
0172Y0,ACE K수출핵심TOP10산업액티브,20260825,000150,두산,14.00,"15,190,000","15,414,000",3.22
0172Y0,ACE K수출핵심TOP10산업액티브,20260825,329180,HD현대중공업,33.00,"15,031,500","15,328,500",3.21
0172Y0,ACE K수출핵심TOP10산업액티브,20260825,012330,현대모비스,29.00,"14,456,500","14,442,000",3.02
0172Y0,ACE K수출핵심TOP10산업액티브,20260825,000270,기아,104.00,"13,676,000","14,029,600",2.93
0172Y0,ACE K수출핵심TOP10산업액티브,20260825,003230,삼양식품,2.00,"2,808,000","2,860,000",0.60
0172Y0,ACE K수출핵심TOP10산업액티브,20260825,KRD010010001,원화현금,-,-,"3,167,740",0.66
0172Y0,ACE K수출핵심TOP10산업액티브,20260826,005930,삼성전자,348.00,"89,436,000","91,002,000",18.76
0172Y0,ACE K수출핵심TOP10산업액티브,20260826,000660,SK하이닉스,53.00,"88,934,000","89,464,000",18.45
0172Y0,ACE K수출핵심TOP10산업액티브,20260826,000720,현대건설,169.00,"20,499,700","22,037,600",4.54
0172Y0,ACE K수출핵심TOP10산업액티브,20260826,214450,파마리서치,47.00,"19,481,500","20,774,000",4.28
0172Y0,ACE K수출핵심TOP10산업액티브,20260826,034020,두산에너빌리티,238.00,"19,206,600","20,420,400",4.21
0172Y0,ACE K수출핵심TOP10산업액티브,20260826,298040,효성중공업,7.00,"19,285,000","19,579,000",4.04
0172Y0,ACE K수출핵심TOP10산업액티브,20260826,009150,삼성전기,14.00,"19,068,000","18,620,000",3.84
0172Y0,ACE K수출핵심TOP10산업액티브,20260826,012450,한화에어로스페이스,17.00,"18,734,000","18,479,000",3.81
0172Y0,ACE K수출핵심TOP10산업액티브,20260826,207940,삼성바이오로직스,11.00,"17,435,000","17,589,000",3.63
0172Y0,ACE K수출핵심TOP10산업액티브,20260826,010120,LS ELECTRIC,87.00,"16,999,800","17,530,500",3.61
0172Y0,ACE K수출핵심TOP10산업액티브,20260826,028260,삼성물산,45.00,"16,515,000","17,437,500",3.60
0172Y0,ACE K수출핵심TOP10산업액티브,20260826,373220,LG에너지솔루션,49.00,"17,125,500","17,199,000",3.55
0172Y0,ACE K수출핵심TOP10산업액티브,20260826,095610,테스,123.00,"17,097,000","16,986,300",3.50
0172Y0,ACE K수출핵심TOP10산업액티브,20260826,005380,현대차,41.00,"17,261,000","16,728,000",3.45
0172Y0,ACE K수출핵심TOP10산업액티브,20260826,000150,두산,14.00,"15,414,000","16,520,000",3.41
0172Y0,ACE K수출핵심TOP10산업액티브,20260826,402340,SK스퀘어,15.00,"15,900,000","15,870,000",3.27
0172Y0,ACE K수출핵심TOP10산업액티브,20260826,329180,HD현대중공업,33.00,"15,328,500","15,328,500",3.16
0172Y0,ACE K수출핵심TOP10산업액티브,20260826,000270,기아,104.00,"14,029,600","13,665,600",2.82
0172Y0,ACE K수출핵심TOP10산업액티브,20260826,012330,현대모비스,29.00,"14,442,000","13,456,000",2.77
0172Y0,ACE K수출핵심TOP10산업액티브,20260826,003230,삼양식품,2.00,"2,860,000","3,014,000",0.62
0172Y0,ACE K수출핵심TOP10산업액티브,20260826,KRD010010001,원화현금,-,-,"3,285,758",0.68
0172Y0,ACE K수출핵심TOP10산업액티브,20260827,005930,삼성전자,348.00,"91,002,000","92,568,000",18.73
0172Y0,ACE K수출핵심TOP10산업액티브,20260827,000660,SK하이닉스,53.00,"89,464,000","91,690,000",18.55
0172Y0,ACE K수출핵심TOP10산업액티브,20260827,000720,현대건설,169.00,"22,037,600","21,851,700",4.42
0172Y0,ACE K수출핵심TOP10산업액티브,20260827,298040,효성중공업,7.00,"19,579,000","21,553,000",4.36
0172Y0,ACE K수출핵심TOP10산업액티브,20260827,034020,두산에너빌리티,238.00,"20,420,400","20,444,200",4.14
0172Y0,ACE K수출핵심TOP10산업액티브,20260827,214450,파마리서치,47.00,"20,774,000","20,327,500",4.11
0172Y0,ACE K수출핵심TOP10산업액티브,20260827,012450,한화에어로스페이스,17.00,"18,479,000","19,550,000",3.95
0172Y0,ACE K수출핵심TOP10산업액티브,20260827,009150,삼성전기,14.00,"18,620,000","19,390,000",3.92
0172Y0,ACE K수출핵심TOP10산업액티브,20260827,010120,LS ELECTRIC,87.00,"17,530,500","19,096,500",3.86
0172Y0,ACE K수출핵심TOP10산업액티브,20260827,373220,LG에너지솔루션,49.00,"17,199,000","18,154,500",3.67
0172Y0,ACE K수출핵심TOP10산업액티브,20260827,095610,테스,123.00,"16,986,300","17,958,000",3.63
0172Y0,ACE K수출핵심TOP10산업액티브,20260827,207940,삼성바이오로직스,11.00,"17,589,000","17,534,000",3.55
0172Y0,ACE K수출핵심TOP10산업액티브,20260827,000150,두산,14.00,"16,520,000","16,996,000",3.44
0172Y0,ACE K수출핵심TOP10산업액티브,20260827,028260,삼성물산,45.00,"17,437,500","16,897,500",3.42
0172Y0,ACE K수출핵심TOP10산업액티브,20260827,005380,현대차,41.00,"16,728,000","16,318,000",3.30
0172Y0,ACE K수출핵심TOP10산업액티브,20260827,402340,SK스퀘어,15.00,"15,870,000","16,020,000",3.24
0172Y0,ACE K수출핵심TOP10산업액티브,20260827,329180,HD현대중공업,33.00,"15,328,500","15,510,000",3.14
0172Y0,ACE K수출핵심TOP10산업액티브,20260827,000270,기아,104.00,"13,665,600","13,114,400",2.65
0172Y0,ACE K수출핵심TOP10산업액티브,20260827,012330,현대모비스,29.00,"13,456,000","13,093,500",2.65
0172Y0,ACE K수출핵심TOP10산업액티브,20260827,003230,삼양식품,2.00,"3,014,000","2,960,000",0.60
0172Y0,ACE K수출핵심TOP10산업액티브,20260827,KRD010010001,원화현금,-,-,"3,285,352",0.66
0172Y0,ACE K수출핵심TOP10산업액티브,20260828,005930,삼성전자,348.00,"92,568,000","89,436,000",18.34
0172Y0,ACE K수출핵심TOP10산업액티브,20260828,000660,SK하이닉스,53.00,"91,690,000","87,609,000",17.97
0172Y0,ACE K수출핵심TOP10산업액티브,20260828,298040,효성중공업,7.00,"21,553,000","22,071,000",4.53
0172Y0,ACE K수출핵심TOP10산업액티브,20260828,000720,현대건설,169.00,"21,851,700","21,784,100",4.47
0172Y0,ACE K수출핵심TOP10산업액티브,20260828,214450,파마리서치,47.00,"20,327,500","21,690,500",4.45
0172Y0,ACE K수출핵심TOP10산업액티브,20260828,034020,두산에너빌리티,238.00,"20,444,200","20,991,600",4.31
0172Y0,ACE K수출핵심TOP10산업액티브,20260828,009150,삼성전기,14.00,"19,390,000","19,894,000",4.08
0172Y0,ACE K수출핵심TOP10산업액티브,20260828,012450,한화에어로스페이스,17.00,"19,550,000","19,669,000",4.03
0172Y0,ACE K수출핵심TOP10산업액티브,20260828,010120,LS ELECTRIC,87.00,"19,096,500","18,661,500",3.83
0172Y0,ACE K수출핵심TOP10산업액티브,20260828,373220,LG에너지솔루션,49.00,"18,154,500","18,130,000",3.72
0172Y0,ACE K수출핵심TOP10산업액티브,20260828,095610,테스,123.00,"17,958,000","17,552,100",3.60
0172Y0,ACE K수출핵심TOP10산업액티브,20260828,000150,두산,14.00,"16,996,000","17,332,000",3.55
0172Y0,ACE K수출핵심TOP10산업액티브,20260828,028260,삼성물산,45.00,"16,897,500","16,875,000",3.46
0172Y0,ACE K수출핵심TOP10산업액티브,20260828,005380,현대차,41.00,"16,318,000","16,379,500",3.36
0172Y0,ACE K수출핵심TOP10산업액티브,20260828,207940,삼성바이오로직스,11.00,"17,534,000","16,346,000",3.35
0172Y0,ACE K수출핵심TOP10산업액티브,20260828,402340,SK스퀘어,15.00,"16,020,000","15,420,000",3.16
0172Y0,ACE K수출핵심TOP10산업액티브,20260828,329180,HD현대중공업,33.00,"15,510,000","15,081,000",3.09
0172Y0,ACE K수출핵심TOP10산업액티브,20260828,000270,기아,104.00,"13,114,400","13,312,000",2.73
0172Y0,ACE K수출핵심TOP10산업액티브,20260828,012330,현대모비스,29.00,"13,093,500","13,064,500",2.68
0172Y0,ACE K수출핵심TOP10산업액티브,20260828,003230,삼양식품,2.00,"2,960,000","3,094,000",0.63
0172Y0,ACE K수출핵심TOP10산업액티브,20260828,KRD010010001,원화현금,-,-,"3,196,643",0.66
0074K0,KoAct K수출핵심기업TOP30액티브,20260824,005930,삼성전자,414.00,"116,541,000","106,398,000",12.59
0074K0,KoAct K수출핵심기업TOP30액티브,20260824,080220,제주반도체,"1,145.00","84,157,500","83,356,000",9.87
0074K0,KoAct K수출핵심기업TOP30액티브,20260824,000660,SK하이닉스,43.00,"74,390,000","71,853,000",8.50
0074K0,KoAct K수출핵심기업TOP30액티브,20260824,272210,한화시스템,677.00,"47,593,100","47,457,700",5.62
0074K0,KoAct K수출핵심기업TOP30액티브,20260824,278470,에이피알,102.00,"39,270,000","41,769,000",4.94
0074K0,KoAct K수출핵심기업TOP30액티브,20260824,012450,한화에어로스페이스,37.00,"40,145,000","40,885,000",4.84
0074K0,KoAct K수출핵심기업TOP30액티브,20260824,079550,LIG디펜스앤에어로스페이스,53.00,"36,835,000","38,001,000",4.50
0074K0,KoAct K수출핵심기업TOP30액티브,20260824,329180,HD현대중공업,81.00,"36,693,000","36,895,500",4.37
0074K0,KoAct K수출핵심기업TOP30액티브,20260824,353200,대덕전자,346.00,"36,087,800","36,191,600",4.28
0074K0,KoAct K수출핵심기업TOP30액티브,20260824,066970,엘앤에프,265.00,"27,692,500","32,224,000",3.81
0074K0,KoAct K수출핵심기업TOP30액티브,20260824,241710,코스메카코리아,229.00,"31,441,700","32,060,000",3.79
0074K0,KoAct K수출핵심기업TOP30액티브,20260824,009150,삼성전기,24.00,"31,584,000","31,632,000",3.74
0074K0,KoAct K수출핵심기업TOP30액티브,20260824,012330,현대모비스,57.00,"28,272,000","28,414,500",3.36
0074K0,KoAct K수출핵심기업TOP30액티브,20260824,005380,현대차,59.00,"24,485,000","24,426,000",2.89
0074K0,KoAct K수출핵심기업TOP30액티브,20260824,006400,삼성SDI,41.00,"19,598,000","21,115,000",2.50
0074K0,KoAct K수출핵심기업TOP30액티브,20260824,062040,산일전기,126.00,"20,764,800","20,802,600",2.46
0074K0,KoAct K수출핵심기업TOP30액티브,20260824,066570,LG전자,102.00,"19,839,000","20,379,600",2.41
0074K0,KoAct K수출핵심기업TOP30액티브,20260824,007660,이수페타시스,173.00,"17,178,900","17,403,800",2.06
0074K0,KoAct K수출핵심기업TOP30액티브,20260824,298040,효성중공업,6.00,"16,326,000","16,752,000",1.98
0074K0,KoAct K수출핵심기업TOP30액티브,20260824,207940,삼성바이오로직스,10.00,"15,510,000","15,730,000",1.86
0074K0,KoAct K수출핵심기업TOP30액티브,20260824,042660,한화오션,162.00,"13,640,400","13,510,800",1.60
0074K0,KoAct K수출핵심기업TOP30액티브,20260824,267260,HD현대일렉트릭,17.00,"12,206,000","12,240,000",1.45
0074K0,KoAct K수출핵심기업TOP30액티브,20260824,068270,셀트리온,62.00,"11,922,600","12,028,000",1.42
0074K0,KoAct K수출핵심기업TOP30액티브,20260824,126340,비나텍,161.00,"9,998,100","10,207,400",1.21
0074K0,KoAct K수출핵심기업TOP30액티브,20260824,373220,LG에너지솔루션,28.00,"9,618,000","10,136,000",1.20
0074K0,KoAct K수출핵심기업TOP30액티브,20260824,214450,파마리서치,21.00,"8,410,500","8,736,000",1.03
0074K0,KoAct K수출핵심기업TOP30액티브,20260824,093370,후성,442.00,"5,277,480","5,401,240",0.64
0074K0,KoAct K수출핵심기업TOP30액티브,20260824,058470,리노공업,40.00,"2,628,000","2,584,000",0.31
0074K0,KoAct K수출핵심기업TOP30액티브,20260824,043260,성호전자,104.00,"1,884,480","1,865,760",0.22
0074K0,KoAct K수출핵심기업TOP30액티브,20260824,047810,한국항공우주,9.00,"1,170,000","1,176,300",0.14
0074K0,KoAct K수출핵심기업TOP30액티브,20260824,237690,에스티팜,8.00,"797,600","881,600",0.10
0074K0,KoAct K수출핵심기업TOP30액티브,20260824,KRD010010001,원화현금,-,-,"2,354,038",0.28
0074K0,KoAct K수출핵심기업TOP30액티브,20260825,005930,삼성전자,414.00,"106,398,000","106,398,000",12.36
0074K0,KoAct K수출핵심기업TOP30액티브,20260825,080220,제주반도체,"1,145.00","83,356,000","88,050,500",10.23
0074K0,KoAct K수출핵심기업TOP30액티브,20260825,000660,SK하이닉스,43.00,"71,853,000","72,154,000",8.38
0074K0,KoAct K수출핵심기업TOP30액티브,20260825,272210,한화시스템,677.00,"47,457,700","49,217,900",5.72
0074K0,KoAct K수출핵심기업TOP30액티브,20260825,278470,에이피알,102.00,"41,769,000","44,931,000",5.22
0074K0,KoAct K수출핵심기업TOP30액티브,20260825,012450,한화에어로스페이스,37.00,"40,885,000","40,774,000",4.74
0074K0,KoAct K수출핵심기업TOP30액티브,20260825,353200,대덕전자,346.00,"36,191,600","38,336,800",4.45
0074K0,KoAct K수출핵심기업TOP30액티브,20260825,079550,LIG디펜스앤에어로스페이스,53.00,"38,001,000","38,054,000",4.42
0074K0,KoAct K수출핵심기업TOP30액티브,20260825,329180,HD현대중공업,81.00,"36,895,500","37,624,500",4.37
0074K0,KoAct K수출핵심기업TOP30액티브,20260825,009150,삼성전기,24.00,"31,632,000","32,688,000",3.80
0074K0,KoAct K수출핵심기업TOP30액티브,20260825,241710,코스메카코리아,229.00,"32,060,000","31,945,500",3.71
0074K0,KoAct K수출핵심기업TOP30액티브,20260825,066970,엘앤에프,265.00,"32,224,000","31,906,000",3.71
0074K0,KoAct K수출핵심기업TOP30액티브,20260825,012330,현대모비스,57.00,"28,414,500","28,386,000",3.30
0074K0,KoAct K수출핵심기업TOP30액티브,20260825,005380,현대차,59.00,"24,426,000","24,839,000",2.89
0074K0,KoAct K수출핵심기업TOP30액티브,20260825,062040,산일전기,126.00,"20,802,600","21,331,800",2.48
0074K0,KoAct K수출핵심기업TOP30액티브,20260825,006400,삼성SDI,41.00,"21,115,000","21,279,000",2.47
0074K0,KoAct K수출핵심기업TOP30액티브,20260825,066570,LG전자,102.00,"20,379,600","20,451,000",2.38
0074K0,KoAct K수출핵심기업TOP30액티브,20260825,007660,이수페타시스,173.00,"17,403,800","18,493,700",2.15
0074K0,KoAct K수출핵심기업TOP30액티브,20260825,298040,효성중공업,6.00,"16,752,000","16,530,000",1.92
0074K0,KoAct K수출핵심기업TOP30액티브,20260825,207940,삼성바이오로직스,10.00,"15,730,000","15,850,000",1.84
0074K0,KoAct K수출핵심기업TOP30액티브,20260825,042660,한화오션,162.00,"13,510,800","14,029,200",1.63
0074K0,KoAct K수출핵심기업TOP30액티브,20260825,267260,HD현대일렉트릭,17.00,"12,240,000","12,223,000",1.42
0074K0,KoAct K수출핵심기업TOP30액티브,20260825,068270,셀트리온,62.00,"12,028,000","11,755,200",1.37
0074K0,KoAct K수출핵심기업TOP30액티브,20260825,126340,비나텍,161.00,"10,207,400","10,577,700",1.23
0074K0,KoAct K수출핵심기업TOP30액티브,20260825,373220,LG에너지솔루션,28.00,"10,136,000","9,786,000",1.14
0074K0,KoAct K수출핵심기업TOP30액티브,20260825,214450,파마리서치,21.00,"8,736,000","8,704,500",1.01
0074K0,KoAct K수출핵심기업TOP30액티브,20260825,093370,후성,442.00,"5,401,240","5,507,320",0.64
0074K0,KoAct K수출핵심기업TOP30액티브,20260825,058470,리노공업,40.00,"2,584,000","2,696,000",0.31
0074K0,KoAct K수출핵심기업TOP30액티브,20260825,043260,성호전자,104.00,"1,865,760","1,839,760",0.21
0074K0,KoAct K수출핵심기업TOP30액티브,20260825,047810,한국항공우주,9.00,"1,176,300","1,178,100",0.14
0074K0,KoAct K수출핵심기업TOP30액티브,20260825,237690,에스티팜,8.00,"881,600","853,600",0.10
0074K0,KoAct K수출핵심기업TOP30액티브,20260825,KRD010010001,원화현금,-,-,"2,341,671",0.27
0074K0,KoAct K수출핵심기업TOP30액티브,20260826,005930,삼성전자,414.00,"106,398,000","108,261,000",12.58
0074K0,KoAct K수출핵심기업TOP30액티브,20260826,080220,제주반도체,"1,145.00","88,050,500","87,134,500",10.13
0074K0,KoAct K수출핵심기업TOP30액티브,20260826,000660,SK하이닉스,43.00,"72,154,000","72,584,000",8.44
0074K0,KoAct K수출핵심기업TOP30액티브,20260826,272210,한화시스템,677.00,"49,217,900","49,691,800",5.78
0074K0,KoAct K수출핵심기업TOP30액티브,20260826,278470,에이피알,102.00,"44,931,000","45,084,000",5.24
0074K0,KoAct K수출핵심기업TOP30액티브,20260826,012450,한화에어로스페이스,37.00,"40,774,000","40,219,000",4.67
0074K0,KoAct K수출핵심기업TOP30액티브,20260826,079550,LIG디펜스앤에어로스페이스,53.00,"38,054,000","37,630,000",4.37
0074K0,KoAct K수출핵심기업TOP30액티브,20260826,329180,HD현대중공업,81.00,"37,624,500","37,624,500",4.37
0074K0,KoAct K수출핵심기업TOP30액티브,20260826,353200,대덕전자,346.00,"38,336,800","37,022,000",4.30
0074K0,KoAct K수출핵심기업TOP30액티브,20260826,066970,엘앤에프,265.00,"31,906,000","32,383,000",3.76
0074K0,KoAct K수출핵심기업TOP30액티브,20260826,009150,삼성전기,24.00,"32,688,000","31,920,000",3.71
0074K0,KoAct K수출핵심기업TOP30액티브,20260826,241710,코스메카코리아,229.00,"31,945,500","31,762,300",3.69
0074K0,KoAct K수출핵심기업TOP30액티브,20260826,012330,현대모비스,57.00,"28,386,000","26,448,000",3.07
0074K0,KoAct K수출핵심기업TOP30액티브,20260826,005380,현대차,59.00,"24,839,000","24,072,000",2.80
0074K0,KoAct K수출핵심기업TOP30액티브,20260826,062040,산일전기,126.00,"21,331,800","22,289,400",2.59
0074K0,KoAct K수출핵심기업TOP30액티브,20260826,006400,삼성SDI,41.00,"21,279,000","21,156,000",2.46
0074K0,KoAct K수출핵심기업TOP30액티브,20260826,066570,LG전자,102.00,"20,451,000","20,451,000",2.38
0074K0,KoAct K수출핵심기업TOP30액티브,20260826,007660,이수페타시스,173.00,"18,493,700","19,168,400",2.23
0074K0,KoAct K수출핵심기업TOP30액티브,20260826,298040,효성중공업,6.00,"16,530,000","16,782,000",1.95
0074K0,KoAct K수출핵심기업TOP30액티브,20260826,207940,삼성바이오로직스,10.00,"15,850,000","15,990,000",1.86
0074K0,KoAct K수출핵심기업TOP30액티브,20260826,042660,한화오션,162.00,"14,029,200","14,142,600",1.64
0074K0,KoAct K수출핵심기업TOP30액티브,20260826,267260,HD현대일렉트릭,17.00,"12,223,000","12,461,000",1.45
0074K0,KoAct K수출핵심기업TOP30액티브,20260826,068270,셀트리온,62.00,"11,755,200","11,990,800",1.39
0074K0,KoAct K수출핵심기업TOP30액티브,20260826,126340,비나텍,161.00,"10,577,700","10,738,700",1.25
0074K0,KoAct K수출핵심기업TOP30액티브,20260826,373220,LG에너지솔루션,28.00,"9,786,000","9,828,000",1.14
0074K0,KoAct K수출핵심기업TOP30액티브,20260826,214450,파마리서치,21.00,"8,704,500","9,282,000",1.08
0074K0,KoAct K수출핵심기업TOP30액티브,20260826,093370,후성,442.00,"5,507,320","5,494,060",0.64
0074K0,KoAct K수출핵심기업TOP30액티브,20260826,058470,리노공업,40.00,"2,696,000","2,656,000",0.31
0074K0,KoAct K수출핵심기업TOP30액티브,20260826,043260,성호전자,104.00,"1,839,760","1,762,800",0.20
0074K0,KoAct K수출핵심기업TOP30액티브,20260826,047810,한국항공우주,9.00,"1,178,100","1,188,900",0.14
0074K0,KoAct K수출핵심기업TOP30액티브,20260826,237690,에스티팜,8.00,"853,600","880,000",0.10
0074K0,KoAct K수출핵심기업TOP30액티브,20260826,KRD010010001,원화현금,-,-,"2,311,036",0.27
0074K0,KoAct K수출핵심기업TOP30액티브,20260827,005930,삼성전자,414.00,"108,261,000","110,124,000",12.43
0074K0,KoAct K수출핵심기업TOP30액티브,20260827,080220,제주반도체,"1,145.00","87,134,500","88,966,500",10.04
0074K0,KoAct K수출핵심기업TOP30액티브,20260827,000660,SK하이닉스,43.00,"72,584,000","74,390,000",8.40
0074K0,KoAct K수출핵심기업TOP30액티브,20260827,272210,한화시스템,677.00,"49,691,800","52,738,300",5.95
0074K0,KoAct K수출핵심기업TOP30액티브,20260827,278470,에이피알,102.00,"45,084,000","44,319,000",5.00
0074K0,KoAct K수출핵심기업TOP30액티브,20260827,012450,한화에어로스페이스,37.00,"40,219,000","42,550,000",4.80
0074K0,KoAct K수출핵심기업TOP30액티브,20260827,079550,LIG디펜스앤에어로스페이스,53.00,"37,630,000","39,485,000",4.46
0074K0,KoAct K수출핵심기업TOP30액티브,20260827,353200,대덕전자,346.00,"37,022,000","38,509,800",4.35
0074K0,KoAct K수출핵심기업TOP30액티브,20260827,329180,HD현대중공업,81.00,"37,624,500","38,070,000",4.30
0074K0,KoAct K수출핵심기업TOP30액티브,20260827,066970,엘앤에프,265.00,"32,383,000","34,397,000",3.88
0074K0,KoAct K수출핵심기업TOP30액티브,20260827,009150,삼성전기,24.00,"31,920,000","33,240,000",3.75
0074K0,KoAct K수출핵심기업TOP30액티브,20260827,241710,코스메카코리아,229.00,"31,762,300","31,831,000",3.59
0074K0,KoAct K수출핵심기업TOP30액티브,20260827,012330,현대모비스,57.00,"26,448,000","25,735,500",2.90
0074K0,KoAct K수출핵심기업TOP30액티브,20260827,062040,산일전기,126.00,"22,289,400","25,389,000",2.87
0074K0,KoAct K수출핵심기업TOP30액티브,20260827,005380,현대차,59.00,"24,072,000","23,482,000",2.65
0074K0,KoAct K수출핵심기업TOP30액티브,20260827,006400,삼성SDI,41.00,"21,156,000","23,329,000",2.63
0074K0,KoAct K수출핵심기업TOP30액티브,20260827,066570,LG전자,102.00,"20,451,000","20,226,600",2.28
0074K0,KoAct K수출핵심기업TOP30액티브,20260827,007660,이수페타시스,173.00,"19,168,400","19,514,400",2.20
0074K0,KoAct K수출핵심기업TOP30액티브,20260827,298040,효성중공업,6.00,"16,782,000","18,474,000",2.09
0074K0,KoAct K수출핵심기업TOP30액티브,20260827,207940,삼성바이오로직스,10.00,"15,990,000","15,940,000",1.80
0074K0,KoAct K수출핵심기업TOP30액티브,20260827,042660,한화오션,162.00,"14,142,600","14,515,200",1.64
0074K0,KoAct K수출핵심기업TOP30액티브,20260827,267260,HD현대일렉트릭,17.00,"12,461,000","13,957,000",1.58
0074K0,KoAct K수출핵심기업TOP30액티브,20260827,068270,셀트리온,62.00,"11,990,800","11,860,600",1.34
0074K0,KoAct K수출핵심기업TOP30액티브,20260827,126340,비나텍,161.00,"10,738,700","10,835,300",1.22
0074K0,KoAct K수출핵심기업TOP30액티브,20260827,373220,LG에너지솔루션,28.00,"9,828,000","10,374,000",1.17
0074K0,KoAct K수출핵심기업TOP30액티브,20260827,214450,파마리서치,21.00,"9,282,000","9,082,500",1.03
0074K0,KoAct K수출핵심기업TOP30액티브,20260827,093370,후성,442.00,"5,494,060","5,772,520",0.65
0074K0,KoAct K수출핵심기업TOP30액티브,20260827,058470,리노공업,40.00,"2,656,000","2,668,000",0.30
0074K0,KoAct K수출핵심기업TOP30액티브,20260827,043260,성호전자,104.00,"1,762,800","1,718,080",0.19
0074K0,KoAct K수출핵심기업TOP30액티브,20260827,047810,한국항공우주,9.00,"1,188,900","1,238,400",0.14
0074K0,KoAct K수출핵심기업TOP30액티브,20260827,237690,에스티팜,8.00,"880,000","887,200",0.10
0074K0,KoAct K수출핵심기업TOP30액티브,20260827,KRD010010001,원화현금,-,-,"2,312,049",0.26
0074K0,KoAct K수출핵심기업TOP30액티브,20260828,005930,삼성전자,414.00,"110,124,000","106,398,000",12.07
0074K0,KoAct K수출핵심기업TOP30액티브,20260828,080220,제주반도체,"1,145.00","88,966,500","87,821,500",9.96
0074K0,KoAct K수출핵심기업TOP30액티브,20260828,000660,SK하이닉스,43.00,"74,390,000","71,079,000",8.06
0074K0,KoAct K수출핵심기업TOP30액티브,20260828,272210,한화시스템,677.00,"52,738,300","51,316,600",5.82
0074K0,KoAct K수출핵심기업TOP30액티브,20260828,278470,에이피알,102.00,"44,319,000","47,073,000",5.34
0074K0,KoAct K수출핵심기업TOP30액티브,20260828,012450,한화에어로스페이스,37.00,"42,550,000","42,809,000",4.86
0074K0,KoAct K수출핵심기업TOP30액티브,20260828,079550,LIG디펜스앤에어로스페이스,53.00,"39,485,000","38,902,000",4.41
0074K0,KoAct K수출핵심기업TOP30액티브,20260828,353200,대덕전자,346.00,"38,509,800","37,229,600",4.22
0074K0,KoAct K수출핵심기업TOP30액티브,20260828,329180,HD현대중공업,81.00,"38,070,000","37,017,000",4.20
0074K0,KoAct K수출핵심기업TOP30액티브,20260828,066970,엘앤에프,265.00,"34,397,000","35,722,000",4.05
0074K0,KoAct K수출핵심기업TOP30액티브,20260828,241710,코스메카코리아,229.00,"31,831,000","35,243,100",4.00
0074K0,KoAct K수출핵심기업TOP30액티브,20260828,009150,삼성전기,24.00,"33,240,000","34,104,000",3.87
0074K0,KoAct K수출핵심기업TOP30액티브,20260828,012330,현대모비스,57.00,"25,735,500","25,678,500",2.91
0074K0,KoAct K수출핵심기업TOP30액티브,20260828,062040,산일전기,126.00,"25,389,000","25,515,000",2.89
0074K0,KoAct K수출핵심기업TOP30액티브,20260828,005380,현대차,59.00,"23,482,000","23,570,500",2.67
0074K0,KoAct K수출핵심기업TOP30액티브,20260828,006400,삼성SDI,41.00,"23,329,000","23,411,000",2.66
0074K0,KoAct K수출핵심기업TOP30액티브,20260828,066570,LG전자,102.00,"20,226,600","20,553,000",2.33
0074K0,KoAct K수출핵심기업TOP30액티브,20260828,007660,이수페타시스,173.00,"19,514,400","19,514,400",2.21
0074K0,KoAct K수출핵심기업TOP30액티브,20260828,298040,효성중공업,6.00,"18,474,000","18,918,000",2.15
0074K0,KoAct K수출핵심기업TOP30액티브,20260828,207940,삼성바이오로직스,10.00,"15,940,000","14,860,000",1.69
0074K0,KoAct K수출핵심기업TOP30액티브,20260828,042660,한화오션,162.00,"14,515,200","14,337,000",1.63
0074K0,KoAct K수출핵심기업TOP30액티브,20260828,267260,HD현대일렉트릭,17.00,"13,957,000","13,838,000",1.57
0074K0,KoAct K수출핵심기업TOP30액티브,20260828,068270,셀트리온,62.00,"11,860,600","11,823,400",1.34
0074K0,KoAct K수출핵심기업TOP30액티브,20260828,373220,LG에너지솔루션,28.00,"10,374,000","10,360,000",1.18
0074K0,KoAct K수출핵심기업TOP30액티브,20260828,126340,비나텍,161.00,"10,835,300","10,239,600",1.16
0074K0,KoAct K수출핵심기업TOP30액티브,20260828,214450,파마리서치,21.00,"9,082,500","9,691,500",1.10
0074K0,KoAct K수출핵심기업TOP30액티브,20260828,093370,후성,442.00,"5,772,520","5,533,840",0.63
0074K0,KoAct K수출핵심기업TOP30액티브,20260828,058470,리노공업,40.00,"2,668,000","2,672,000",0.30
0074K0,KoAct K수출핵심기업TOP30액티브,20260828,043260,성호전자,104.00,"1,718,080","1,636,960",0.19
0074K0,KoAct K수출핵심기업TOP30액티브,20260828,047810,한국항공우주,9.00,"1,238,400","1,197,900",0.14
0074K0,KoAct K수출핵심기업TOP30액티브,20260828,237690,에스티팜,8.00,"887,200","881,600",0.10
0074K0,KoAct K수출핵심기업TOP30액티브,20260828,KRD010010001,원화현금,-,-,"2,443,086",0.28
487130,KoAct AI인프라액티브,20260824,005930,삼성전자,600.00,"168,900,000","154,200,000",11.64
487130,KoAct AI인프라액티브,20260824,000660,SK하이닉스,86.00,"148,780,000","143,706,000",10.85
487130,KoAct AI인프라액티브,20260824,009150,삼성전기,84.00,"110,544,000","110,712,000",8.36
487130,KoAct AI인프라액티브,20260824,010120,LS ELECTRIC,363.00,"67,881,000","69,804,900",5.27
487130,KoAct AI인프라액티브,20260824,353200,대덕전자,528.00,"55,070,400","55,228,800",4.17
487130,KoAct AI인프라액티브,20260824,095610,테스,388.00,"51,565,200","51,759,200",3.91
487130,KoAct AI인프라액티브,20260824,403870,HPSP,"1,123.00","50,422,700","49,355,850",3.73
487130,KoAct AI인프라액티브,20260824,006400,삼성SDI,94.00,"44,932,000","48,410,000",3.65
487130,KoAct AI인프라액티브,20260824,039030,이오테크닉스,119.00,"48,135,500","46,172,000",3.49
487130,KoAct AI인프라액티브,20260824,267260,HD현대일렉트릭,60.00,"43,080,000","43,200,000",3.26
487130,KoAct AI인프라액티브,20260824,240810,원익IPS,385.00,"41,541,500","40,964,000",3.09
487130,KoAct AI인프라액티브,20260824,036930,주성엔지니어링,223.00,"37,597,800","37,018,000",2.79
487130,KoAct AI인프라액티브,20260824,298040,효성중공업,13.00,"35,373,000","36,296,000",2.74
487130,KoAct AI인프라액티브,20260824,062040,산일전기,219.00,"36,091,200","36,156,900",2.73
487130,KoAct AI인프라액티브,20260824,001440,대한전선,"1,341.00","35,737,650","35,804,700",2.70
487130,KoAct AI인프라액티브,20260824,064760,티씨케이,151.00,"34,050,500","34,352,500",2.59
487130,KoAct AI인프라액티브,20260824,336260,두산퓨얼셀,874.00,"32,338,000","34,217,100",2.58
487130,KoAct AI인프라액티브,20260824,319660,피에스케이,235.00,"28,717,000","29,445,500",2.22
487130,KoAct AI인프라액티브,20260824,031980,피에스케이홀딩스,256.00,"27,520,000","28,211,200",2.13
487130,KoAct AI인프라액티브,20260824,000720,현대건설,253.00,"26,716,800","26,716,800",2.02
487130,KoAct AI인프라액티브,20260824,035420,NAVER,114.00,"25,308,000","25,479,000",1.92
487130,KoAct AI인프라액티브,20260824,420770,기가비스,242.00,"25,482,600","25,313,200",1.91
487130,KoAct AI인프라액티브,20260824,078350,한양디지텍,"1,196.00","25,474,800","25,116,000",1.90
487130,KoAct AI인프라액티브,20260824,083650,비에이치아이,420.00,"23,730,000","23,436,000",1.77
487130,KoAct AI인프라액티브,20260824,131290,티에스이,63.00,"13,986,000","15,466,500",1.17
487130,KoAct AI인프라액티브,20260824,373220,LG에너지솔루션,42.00,"14,427,000","15,204,000",1.15
487130,KoAct AI인프라액티브,20260824,356860,티엘비,444.00,"13,808,400","14,985,000",1.13
487130,KoAct AI인프라액티브,20260824,218410,RFHIC,280.00,"13,202,000","12,936,000",0.98
487130,KoAct AI인프라액티브,20260824,399720,가온칩스,286.00,"12,870,000","12,555,400",0.95
487130,KoAct AI인프라액티브,20260824,034020,두산에너빌리티,166.00,"12,167,800","12,118,000",0.91
487130,KoAct AI인프라액티브,20260824,017670,SK텔레콤,91.00,"9,300,200","9,309,300",0.70
487130,KoAct AI인프라액티브,20260824,018260,삼성에스디에스,34.00,"7,752,000","7,752,000",0.59
487130,KoAct AI인프라액티브,20260824,KRD010010001,원화현금,-,-,"13,133,202",0.99
487130,KoAct AI인프라액티브,20260825,000660,SK하이닉스,109.00,"182,139,000","182,902,000",13.37
487130,KoAct AI인프라액티브,20260825,009150,삼성전기,84.00,"110,712,000","114,408,000",8.36
487130,KoAct AI인프라액티브,20260825,005930,삼성전자,363.00,"93,291,000","93,291,000",6.82
487130,KoAct AI인프라액티브,20260825,010120,LS ELECTRIC,363.00,"69,804,900","70,930,200",5.18
487130,KoAct AI인프라액티브,20260825,006400,삼성SDI,121.00,"62,315,000","62,799,000",4.59
487130,KoAct AI인프라액티브,20260825,353200,대덕전자,528.00,"55,228,800","58,502,400",4.28
487130,KoAct AI인프라액티브,20260825,403870,HPSP,"1,123.00","49,355,850","54,465,500",3.98
487130,KoAct AI인프라액티브,20260825,095610,테스,388.00,"51,759,200","53,932,000",3.94
487130,KoAct AI인프라액티브,20260825,039030,이오테크닉스,119.00,"46,172,000","47,778,500",3.49
487130,KoAct AI인프라액티브,20260825,240810,원익IPS,385.00,"40,964,000","43,235,500",3.16
487130,KoAct AI인프라액티브,20260825,267260,HD현대일렉트릭,60.00,"43,200,000","43,140,000",3.15
487130,KoAct AI인프라액티브,20260825,036930,주성엔지니어링,223.00,"37,018,000","39,872,400",2.91
487130,KoAct AI인프라액티브,20260825,062040,산일전기,219.00,"36,156,900","37,076,700",2.71
487130,KoAct AI인프라액티브,20260825,336260,두산퓨얼셀,874.00,"34,217,100","37,013,900",2.71
487130,KoAct AI인프라액티브,20260825,001440,대한전선,"1,341.00","35,804,700","36,877,500",2.70
487130,KoAct AI인프라액티브,20260825,064760,티씨케이,151.00,"34,352,500","36,466,500",2.67
487130,KoAct AI인프라액티브,20260825,298040,효성중공업,13.00,"36,296,000","35,815,000",2.62
487130,KoAct AI인프라액티브,20260825,017670,SK텔레콤,352.00,"36,009,600","34,812,800",2.54
487130,KoAct AI인프라액티브,20260825,031980,피에스케이홀딩스,256.00,"28,211,200","30,899,200",2.26
487130,KoAct AI인프라액티브,20260825,000720,현대건설,253.00,"26,716,800","30,688,900",2.24
487130,KoAct AI인프라액티브,20260825,319660,피에스케이,235.00,"29,445,500","30,526,500",2.23
487130,KoAct AI인프라액티브,20260825,083650,비에이치아이,420.00,"23,436,000","26,670,000",1.95
487130,KoAct AI인프라액티브,20260825,420770,기가비스,242.00,"25,313,200","26,039,200",1.90
487130,KoAct AI인프라액티브,20260825,035420,NAVER,114.00,"25,479,000","25,137,000",1.84
487130,KoAct AI인프라액티브,20260825,356860,티엘비,444.00,"14,985,000","17,182,800",1.26
487130,KoAct AI인프라액티브,20260825,131290,티에스이,63.00,"15,466,500","15,687,000",1.15
487130,KoAct AI인프라액티브,20260825,373220,LG에너지솔루션,42.00,"15,204,000","14,679,000",1.07
487130,KoAct AI인프라액티브,20260825,034020,두산에너빌리티,166.00,"12,118,000","13,396,200",0.98
487130,KoAct AI인프라액티브,20260825,218410,RFHIC,280.00,"12,936,000","13,146,000",0.96
487130,KoAct AI인프라액티브,20260825,399720,가온칩스,286.00,"12,555,400","12,998,700",0.95
487130,KoAct AI인프라액티브,20260825,078350,한양디지텍,570.00,"11,970,000","12,654,000",0.92
487130,KoAct AI인프라액티브,20260825,018260,삼성에스디에스,34.00,"7,752,000","7,718,000",0.56
487130,KoAct AI인프라액티브,20260825,KRD010010001,원화현금,-,-,"7,292,763",0.53
487130,KoAct AI인프라액티브,20260826,000660,SK하이닉스,98.00,"164,444,000","165,424,000",12.02
487130,KoAct AI인프라액티브,20260826,009150,삼성전기,74.00,"100,788,000","98,420,000",7.15
487130,KoAct AI인프라액티브,20260826,010120,LS ELECTRIC,363.00,"70,930,200","73,144,500",5.31
487130,KoAct AI인프라액티브,20260826,006400,삼성SDI,121.00,"62,799,000","62,436,000",4.54
487130,KoAct AI인프라액티브,20260826,403870,HPSP,"1,183.00","57,375,500","57,375,500",4.17
487130,KoAct AI인프라액티브,20260826,353200,대덕전자,528.00,"58,502,400","56,496,000",4.10
487130,KoAct AI인프라액티브,20260826,005930,삼성전자,209.00,"53,713,000","54,653,500",3.97
487130,KoAct AI인프라액티브,20260826,095610,테스,388.00,"53,932,000","53,582,800",3.89
487130,KoAct AI인프라액티브,20260826,039030,이오테크닉스,132.00,"52,998,000","52,866,000",3.84
487130,KoAct AI인프라액티브,20260826,007660,이수페타시스,460.00,"49,174,000","50,968,000",3.70
487130,KoAct AI인프라액티브,20260826,000720,현대건설,353.00,"42,818,900","46,031,200",3.34
487130,KoAct AI인프라액티브,20260826,031980,피에스케이홀딩스,376.00,"45,383,200","44,819,200",3.26
487130,KoAct AI인프라액티브,20260826,267260,HD현대일렉트릭,60.00,"43,140,000","43,980,000",3.20
487130,KoAct AI인프라액티브,20260826,240810,원익IPS,385.00,"43,235,500","42,080,500",3.06
487130,KoAct AI인프라액티브,20260826,336260,두산퓨얼셀,874.00,"37,013,900","39,767,000",2.89
487130,KoAct AI인프라액티브,20260826,062040,산일전기,219.00,"37,076,700","38,741,100",2.81
487130,KoAct AI인프라액티브,20260826,036930,주성엔지니어링,223.00,"39,872,400","38,668,200",2.81
487130,KoAct AI인프라액티브,20260826,001440,대한전선,"1,341.00","36,877,500","37,816,200",2.75
487130,KoAct AI인프라액티브,20260826,064760,티씨케이,151.00,"36,466,500","36,013,500",2.62
487130,KoAct AI인프라액티브,20260826,017670,SK텔레콤,352.00,"34,812,800","35,059,200",2.55
487130,KoAct AI인프라액티브,20260826,319660,피에스케이,235.00,"30,526,500","30,432,500",2.21
487130,KoAct AI인프라액티브,20260826,298040,효성중공업,10.00,"27,550,000","27,970,000",2.03
487130,KoAct AI인프라액티브,20260826,083650,비에이치아이,420.00,"26,670,000","27,216,000",1.98
487130,KoAct AI인프라액티브,20260826,420770,기가비스,242.00,"26,039,200","25,289,000",1.84
487130,KoAct AI인프라액티브,20260826,035420,NAVER,114.00,"25,137,000","25,080,000",1.82
487130,KoAct AI인프라액티브,20260826,356860,티엘비,444.00,"17,182,800","17,382,600",1.26
487130,KoAct AI인프라액티브,20260826,131290,티에스이,63.00,"15,687,000","15,844,500",1.15
487130,KoAct AI인프라액티브,20260826,373220,LG에너지솔루션,42.00,"14,679,000","14,742,000",1.07
487130,KoAct AI인프라액티브,20260826,034020,두산에너빌리티,166.00,"13,396,200","14,242,800",1.03
487130,KoAct AI인프라액티브,20260826,218410,RFHIC,280.00,"13,146,000","13,300,000",0.97
487130,KoAct AI인프라액티브,20260826,078350,한양디지텍,570.00,"12,654,000","12,853,500",0.93
487130,KoAct AI인프라액티브,20260826,399720,가온칩스,286.00,"12,998,700","12,698,400",0.92
487130,KoAct AI인프라액티브,20260826,018260,삼성에스디에스,34.00,"7,718,000","7,752,000",0.56
487130,KoAct AI인프라액티브,20260826,KRD010010001,원화현금,-,-,"3,348,382",0.24
487130,KoAct AI인프라액티브,20260827,000660,SK하이닉스,98.00,"165,424,000","169,540,000",11.84
487130,KoAct AI인프라액티브,20260827,009150,삼성전기,74.00,"98,420,000","102,490,000",7.16
487130,KoAct AI인프라액티브,20260827,010120,LS ELECTRIC,363.00,"73,144,500","79,678,500",5.57
487130,KoAct AI인프라액티브,20260827,006400,삼성SDI,121.00,"62,436,000","68,849,000",4.81
487130,KoAct AI인프라액티브,20260827,403870,HPSP,"1,183.00","57,375,500","59,741,500",4.17
487130,KoAct AI인프라액티브,20260827,353200,대덕전자,528.00,"56,496,000","58,766,400",4.11
487130,KoAct AI인프라액티브,20260827,095610,테스,388.00,"53,582,800","56,648,000",3.96
487130,KoAct AI인프라액티브,20260827,005930,삼성전자,204.00,"53,346,000","54,264,000",3.79
487130,KoAct AI인프라액티브,20260827,039030,이오테크닉스,132.00,"52,866,000","53,658,000",3.75
487130,KoAct AI인프라액티브,20260827,007660,이수페타시스,460.00,"50,968,000","51,888,000",3.62
487130,KoAct AI인프라액티브,20260827,267260,HD현대일렉트릭,60.00,"43,980,000","49,260,000",3.44
487130,KoAct AI인프라액티브,20260827,031980,피에스케이홀딩스,376.00,"44,819,200","47,752,000",3.34
487130,KoAct AI인프라액티브,20260827,000720,현대건설,353.00,"46,031,200","45,642,900",3.19
487130,KoAct AI인프라액티브,20260827,062040,산일전기,219.00,"38,741,100","44,128,500",3.08
487130,KoAct AI인프라액티브,20260827,336260,두산퓨얼셀,970.00,"44,135,000","43,844,000",3.06
487130,KoAct AI인프라액티브,20260827,240810,원익IPS,385.00,"42,080,500","43,389,500",3.03
487130,KoAct AI인프라액티브,20260827,034020,두산에너빌리티,487.00,"41,784,600","41,833,300",2.92
487130,KoAct AI인프라액티브,20260827,001440,대한전선,"1,341.00","37,816,200","39,961,800",2.79
487130,KoAct AI인프라액티브,20260827,036930,주성엔지니어링,223.00,"38,668,200","39,939,300",2.79
487130,KoAct AI인프라액티브,20260827,017670,SK텔레콤,352.00,"35,059,200","34,883,200",2.44
487130,KoAct AI인프라액티브,20260827,319660,피에스케이,235.00,"30,432,500","31,349,000",2.19
487130,KoAct AI인프라액티브,20260827,064760,티씨케이,112.00,"26,712,000","27,160,000",1.90
487130,KoAct AI인프라액티브,20260827,083650,비에이치아이,420.00,"27,216,000","26,880,000",1.88
487130,KoAct AI인프라액티브,20260827,420770,기가비스,242.00,"25,289,000","26,184,400",1.83
487130,KoAct AI인프라액티브,20260827,035420,NAVER,114.00,"25,080,000","24,681,000",1.72
487130,KoAct AI인프라액티브,20260827,298040,효성중공업,6.00,"16,782,000","18,474,000",1.29
487130,KoAct AI인프라액티브,20260827,356860,티엘비,444.00,"17,382,600","18,426,000",1.29
487130,KoAct AI인프라액티브,20260827,131290,티에스이,63.00,"15,844,500","15,939,000",1.11
487130,KoAct AI인프라액티브,20260827,373220,LG에너지솔루션,42.00,"14,742,000","15,561,000",1.09
487130,KoAct AI인프라액티브,20260827,218410,RFHIC,280.00,"13,300,000","13,664,000",0.95
487130,KoAct AI인프라액티브,20260827,399720,가온칩스,286.00,"12,698,400","13,170,300",0.92
487130,KoAct AI인프라액티브,20260827,018260,삼성에스디에스,34.00,"7,752,000","7,956,000",0.56
487130,KoAct AI인프라액티브,20260827,KRD010010001,원화현금,-,-,"5,900,588",0.41
487130,KoAct AI인프라액티브,20260828,000660,SK하이닉스,98.00,"169,540,000","161,994,000",11.45
487130,KoAct AI인프라액티브,20260828,009150,삼성전기,74.00,"102,490,000","105,154,000",7.43
487130,KoAct AI인프라액티브,20260828,010120,LS ELECTRIC,363.00,"79,678,500","77,863,500",5.50
487130,KoAct AI인프라액티브,20260828,006400,삼성SDI,121.00,"68,849,000","69,091,000",4.88
487130,KoAct AI인프라액티브,20260828,403870,HPSP,"1,183.00","59,741,500","60,451,300",4.27
487130,KoAct AI인프라액티브,20260828,062040,산일전기,296.00,"59,644,000","59,940,000",4.24
487130,KoAct AI인프라액티브,20260828,353200,대덕전자,528.00,"58,766,400","56,812,800",4.02
487130,KoAct AI인프라액티브,20260828,095610,테스,388.00,"56,648,000","55,367,600",3.91
487130,KoAct AI인프라액티브,20260828,039030,이오테크닉스,132.00,"53,658,000","52,602,000",3.72
487130,KoAct AI인프라액티브,20260828,005930,삼성전자,204.00,"54,264,000","52,428,000",3.71
487130,KoAct AI인프라액티브,20260828,007660,이수페타시스,460.00,"51,888,000","51,888,000",3.67
487130,KoAct AI인프라액티브,20260828,267260,HD현대일렉트릭,60.00,"49,260,000","48,840,000",3.45
487130,KoAct AI인프라액티브,20260828,000720,현대건설,353.00,"45,642,900","45,501,700",3.22
487130,KoAct AI인프라액티브,20260828,031980,피에스케이홀딩스,376.00,"47,752,000","45,157,600",3.19
487130,KoAct AI인프라액티브,20260828,336260,두산퓨얼셀,970.00,"43,844,000","44,038,000",3.11
487130,KoAct AI인프라액티브,20260828,034020,두산에너빌리티,487.00,"41,833,300","42,953,400",3.04
487130,KoAct AI인프라액티브,20260828,240810,원익IPS,385.00,"43,389,500","42,773,500",3.02
487130,KoAct AI인프라액티브,20260828,001440,대한전선,"1,341.00","39,961,800","39,827,700",2.82
487130,KoAct AI인프라액티브,20260828,036930,주성엔지니어링,223.00,"39,939,300","39,426,400",2.79
487130,KoAct AI인프라액티브,20260828,319660,피에스케이,235.00,"31,349,000","30,221,000",2.14
487130,KoAct AI인프라액티브,20260828,083650,비에이치아이,420.00,"26,880,000","27,468,000",1.94
487130,KoAct AI인프라액티브,20260828,064760,티씨케이,112.00,"27,160,000","26,712,000",1.89
487130,KoAct AI인프라액티브,20260828,017670,SK텔레콤,270.00,"26,757,000","26,622,000",1.88
487130,KoAct AI인프라액티브,20260828,420770,기가비스,242.00,"26,184,400","26,571,600",1.88
487130,KoAct AI인프라액티브,20260828,298040,효성중공업,6.00,"18,474,000","18,918,000",1.34
487130,KoAct AI인프라액티브,20260828,356860,티엘비,444.00,"18,426,000","17,582,400",1.24
487130,KoAct AI인프라액티브,20260828,035420,NAVER,77.00,"16,670,500","16,978,500",1.20
487130,KoAct AI인프라액티브,20260828,373220,LG에너지솔루션,42.00,"15,561,000","15,540,000",1.10
487130,KoAct AI인프라액티브,20260828,131290,티에스이,63.00,"15,939,000","15,025,500",1.06
487130,KoAct AI인프라액티브,20260828,218410,RFHIC,280.00,"13,664,000","13,104,000",0.93
487130,KoAct AI인프라액티브,20260828,399720,가온칩스,286.00,"13,170,300","12,727,000",0.90
487130,KoAct AI인프라액티브,20260828,018260,삼성에스디에스,34.00,"7,956,000","8,262,000",0.58
487130,KoAct AI인프라액티브,20260828,KRD010010001,원화현금,-,-,"6,814,262",0.48
494220,UNICORN SK하이닉스밸류체인액티브,20260824,000660,SK하이닉스,299.00,"517,270,000","499,629,000",22.39
494220,UNICORN SK하이닉스밸류체인액티브,20260824,402340,SK스퀘어,418.00,"469,414,000","449,768,000",20.15
494220,UNICORN SK하이닉스밸류체인액티브,20260824,252990,샘씨엔에스,"7,076.00","91,138,880","94,323,080",4.23
494220,UNICORN SK하이닉스밸류체인액티브,20260824,009150,삼성전기,71.00,"93,436,000","93,578,000",4.19
494220,UNICORN SK하이닉스밸류체인액티브,20260824,031980,피에스케이홀딩스,798.00,"85,785,000","87,939,600",3.94
494220,UNICORN SK하이닉스밸류체인액티브,20260824,064760,티씨케이,379.00,"85,464,500","86,222,500",3.86
494220,UNICORN SK하이닉스밸류체인액티브,20260824,011070,LG이노텍,151.00,"83,050,000","86,070,000",3.86
494220,UNICORN SK하이닉스밸류체인액티브,20260824,084370,유진테크,563.00,"72,345,500","76,399,100",3.42
494220,UNICORN SK하이닉스밸류체인액티브,20260824,319660,피에스케이,600.00,"73,320,000","75,180,000",3.37
494220,UNICORN SK하이닉스밸류체인액티브,20260824,222800,심텍,708.00,"70,587,600","74,481,600",3.34
494220,UNICORN SK하이닉스밸류체인액티브,20260824,003160,디아이,"2,964.00","69,209,400","67,431,000",3.02
494220,UNICORN SK하이닉스밸류체인액티브,20260824,039030,이오테크닉스,170.00,"68,765,000","65,960,000",2.96
494220,UNICORN SK하이닉스밸류체인액티브,20260824,089970,브이엠,"1,064.00","61,818,400","62,244,000",2.79
494220,UNICORN SK하이닉스밸류체인액티브,20260824,000150,두산,51.00,"54,978,000","55,335,000",2.48
494220,UNICORN SK하이닉스밸류체인액티브,20260824,089030,테크윙,"1,168.00","56,531,200","54,487,200",2.44
494220,UNICORN SK하이닉스밸류체인액티브,20260824,080220,제주반도체,743.00,"54,610,500","54,090,400",2.42
494220,UNICORN SK하이닉스밸류체인액티브,20260824,067310,하나마이크론,"1,547.00","54,145,000","53,371,500",2.39
494220,UNICORN SK하이닉스밸류체인액티브,20260824,095610,테스,394.00,"52,362,600","52,559,600",2.36
494220,UNICORN SK하이닉스밸류체인액티브,20260824,403870,HPSP,803.00,"36,054,700","35,291,850",1.58
494220,UNICORN SK하이닉스밸류체인액티브,20260824,102710,이엔에프테크놀로지,706.00,"31,628,800","31,417,000",1.41
494220,UNICORN SK하이닉스밸류체인액티브,20260824,083450,GST,512.00,"22,016,000","22,860,800",1.02
494220,UNICORN SK하이닉스밸류체인액티브,20260824,322310,오로스테크놀로지,"1,005.00","13,205,700","13,286,100",0.60
494220,UNICORN SK하이닉스밸류체인액티브,20260824,KRD010010001,원화현금,-,-,"39,713,691",1.78
494220,UNICORN SK하이닉스밸류체인액티브,20260825,000660,SK하이닉스,299.00,"499,629,000","501,722,000",21.91
494220,UNICORN SK하이닉스밸류체인액티브,20260825,402340,SK스퀘어,418.00,"449,768,000","443,080,000",19.35
494220,UNICORN SK하이닉스밸류체인액티브,20260825,009150,삼성전기,71.00,"93,578,000","96,702,000",4.22
494220,UNICORN SK하이닉스밸류체인액티브,20260825,031980,피에스케이홀딩스,798.00,"87,939,600","96,318,600",4.21
494220,UNICORN SK하이닉스밸류체인액티브,20260825,064760,티씨케이,379.00,"86,222,500","91,528,500",4.00
494220,UNICORN SK하이닉스밸류체인액티브,20260825,011070,LG이노텍,151.00,"86,070,000","90,902,000",3.97
494220,UNICORN SK하이닉스밸류체인액티브,20260825,252990,샘씨엔에스,"7,076.00","94,323,080","90,502,040",3.95
494220,UNICORN SK하이닉스밸류체인액티브,20260825,222800,심텍,708.00,"74,481,600","82,765,200",3.62
494220,UNICORN SK하이닉스밸류체인액티브,20260825,319660,피에스케이,600.00,"75,180,000","77,940,000",3.40
494220,UNICORN SK하이닉스밸류체인액티브,20260825,084370,유진테크,563.00,"76,399,100","77,806,600",3.40
494220,UNICORN SK하이닉스밸류체인액티브,20260825,003160,디아이,"2,964.00","67,431,000","73,803,600",3.22
494220,UNICORN SK하이닉스밸류체인액티브,20260825,039030,이오테크닉스,170.00,"65,960,000","68,255,000",2.98
494220,UNICORN SK하이닉스밸류체인액티브,20260825,089970,브이엠,"1,064.00","62,244,000","63,946,400",2.79
494220,UNICORN SK하이닉스밸류체인액티브,20260825,089030,테크윙,"1,168.00","54,487,200","59,100,800",2.58
494220,UNICORN SK하이닉스밸류체인액티브,20260825,067310,하나마이크론,"1,547.00","53,371,500","58,167,200",2.54
494220,UNICORN SK하이닉스밸류체인액티브,20260825,080220,제주반도체,743.00,"54,090,400","57,136,700",2.50
494220,UNICORN SK하이닉스밸류체인액티브,20260825,000150,두산,51.00,"55,335,000","56,151,000",2.45
494220,UNICORN SK하이닉스밸류체인액티브,20260825,095610,테스,394.00,"52,559,600","54,766,000",2.39
494220,UNICORN SK하이닉스밸류체인액티브,20260825,403870,HPSP,803.00,"35,291,850","38,945,500",1.70
494220,UNICORN SK하이닉스밸류체인액티브,20260825,102710,이엔에프테크놀로지,706.00,"31,417,000","33,182,000",1.45
494220,UNICORN SK하이닉스밸류체인액티브,20260825,083450,GST,512.00,"22,860,800","23,065,600",1.01
494220,UNICORN SK하이닉스밸류체인액티브,20260825,322310,오로스테크놀로지,"1,005.00","13,286,100","14,009,700",0.61
494220,UNICORN SK하이닉스밸류체인액티브,20260825,KRD010010001,원화현금,-,-,"39,682,143",1.73
494220,UNICORN SK하이닉스밸류체인액티브,20260826,000660,SK하이닉스,299.00,"501,722,000","504,712,000",22.18
494220,UNICORN SK하이닉스밸류체인액티브,20260826,402340,SK스퀘어,418.00,"443,080,000","442,244,000",19.43
494220,UNICORN SK하이닉스밸류체인액티브,20260826,031980,피에스케이홀딩스,798.00,"96,318,600","95,121,600",4.18
494220,UNICORN SK하이닉스밸류체인액티브,20260826,009150,삼성전기,71.00,"96,702,000","94,430,000",4.15
494220,UNICORN SK하이닉스밸류체인액티브,20260826,252990,샘씨엔에스,"7,076.00","90,502,040","90,926,600",4.00
494220,UNICORN SK하이닉스밸류체인액티브,20260826,064760,티씨케이,379.00,"91,528,500","90,391,500",3.97
494220,UNICORN SK하이닉스밸류체인액티브,20260826,011070,LG이노텍,151.00,"90,902,000","88,033,000",3.87
494220,UNICORN SK하이닉스밸류체인액티브,20260826,222800,심텍,708.00,"82,765,200","79,791,600",3.51
494220,UNICORN SK하이닉스밸류체인액티브,20260826,319660,피에스케이,600.00,"77,940,000","77,700,000",3.41
494220,UNICORN SK하이닉스밸류체인액티브,20260826,084370,유진테크,563.00,"77,806,600","75,498,300",3.32
494220,UNICORN SK하이닉스밸류체인액티브,20260826,003160,디아이,"2,964.00","73,803,600","73,507,200",3.23
494220,UNICORN SK하이닉스밸류체인액티브,20260826,039030,이오테크닉스,170.00,"68,255,000","68,085,000",2.99
494220,UNICORN SK하이닉스밸류체인액티브,20260826,089970,브이엠,"1,064.00","63,946,400","62,669,600",2.75
494220,UNICORN SK하이닉스밸류체인액티브,20260826,000150,두산,51.00,"56,151,000","60,180,000",2.64
494220,UNICORN SK하이닉스밸류체인액티브,20260826,089030,테크윙,"1,168.00","59,100,800","57,465,600",2.53
494220,UNICORN SK하이닉스밸류체인액티브,20260826,067310,하나마이크론,"1,547.00","58,167,200","57,006,950",2.50
494220,UNICORN SK하이닉스밸류체인액티브,20260826,080220,제주반도체,743.00,"57,136,700","56,542,300",2.48
494220,UNICORN SK하이닉스밸류체인액티브,20260826,095610,테스,394.00,"54,766,000","54,411,400",2.39
494220,UNICORN SK하이닉스밸류체인액티브,20260826,403870,HPSP,803.00,"38,945,500","38,945,500",1.71
494220,UNICORN SK하이닉스밸류체인액티브,20260826,102710,이엔에프테크놀로지,706.00,"33,182,000","31,911,200",1.40
494220,UNICORN SK하이닉스밸류체인액티브,20260826,083450,GST,512.00,"23,065,600","22,937,600",1.01
494220,UNICORN SK하이닉스밸류체인액티브,20260826,322310,오로스테크놀로지,"1,005.00","14,009,700","13,607,700",0.60
494220,UNICORN SK하이닉스밸류체인액티브,20260826,KRD010010001,원화현금,-,-,"39,649,267",1.74
494220,UNICORN SK하이닉스밸류체인액티브,20260827,000660,SK하이닉스,299.00,"504,712,000","517,270,000",22.11
494220,UNICORN SK하이닉스밸류체인액티브,20260827,402340,SK스퀘어,418.00,"442,244,000","446,424,000",19.09
494220,UNICORN SK하이닉스밸류체인액티브,20260827,031980,피에스케이홀딩스,798.00,"95,121,600","101,346,000",4.33
494220,UNICORN SK하이닉스밸류체인액티브,20260827,009150,삼성전기,71.00,"94,430,000","98,335,000",4.20
494220,UNICORN SK하이닉스밸류체인액티브,20260827,252990,샘씨엔에스,"7,076.00","90,926,600","94,323,080",4.03
494220,UNICORN SK하이닉스밸류체인액티브,20260827,064760,티씨케이,379.00,"90,391,500","91,907,500",3.93
494220,UNICORN SK하이닉스밸류체인액티브,20260827,011070,LG이노텍,151.00,"88,033,000","90,147,000",3.85
494220,UNICORN SK하이닉스밸류체인액티브,20260827,222800,심텍,708.00,"79,791,600","89,845,200",3.84
494220,UNICORN SK하이닉스밸류체인액티브,20260827,319660,피에스케이,600.00,"77,700,000","80,040,000",3.42
494220,UNICORN SK하이닉스밸류체인액티브,20260827,084370,유진테크,563.00,"75,498,300","77,694,000",3.32
494220,UNICORN SK하이닉스밸류체인액티브,20260827,003160,디아이,"2,964.00","73,507,200","74,248,200",3.17
494220,UNICORN SK하이닉스밸류체인액티브,20260827,039030,이오테크닉스,170.00,"68,085,000","69,105,000",2.95
494220,UNICORN SK하이닉스밸류체인액티브,20260827,089970,브이엠,"1,064.00","62,669,600","64,372,000",2.75
494220,UNICORN SK하이닉스밸류체인액티브,20260827,000150,두산,51.00,"60,180,000","61,914,000",2.65
494220,UNICORN SK하이닉스밸류체인액티브,20260827,067310,하나마이크론,"1,547.00","57,006,950","59,946,250",2.56
494220,UNICORN SK하이닉스밸류체인액티브,20260827,089030,테크윙,"1,168.00","57,465,600","58,049,600",2.48
494220,UNICORN SK하이닉스밸류체인액티브,20260827,080220,제주반도체,743.00,"56,542,300","57,731,100",2.47
494220,UNICORN SK하이닉스밸류체인액티브,20260827,095610,테스,394.00,"54,411,400","57,524,000",2.46
494220,UNICORN SK하이닉스밸류체인액티브,20260827,403870,HPSP,803.00,"38,945,500","40,551,500",1.73
494220,UNICORN SK하이닉스밸류체인액티브,20260827,102710,이엔에프테크놀로지,706.00,"31,911,200","31,981,800",1.37
494220,UNICORN SK하이닉스밸류체인액티브,20260827,083450,GST,512.00,"22,937,600","23,091,200",0.99
494220,UNICORN SK하이닉스밸류체인액티브,20260827,322310,오로스테크놀로지,"1,005.00","13,607,700","13,547,400",0.58
494220,UNICORN SK하이닉스밸류체인액티브,20260827,KRD010010001,원화현금,-,-,"39,617,050",1.69
494220,UNICORN SK하이닉스밸류체인액티브,20260828,000660,SK하이닉스,299.00,"517,270,000","494,247,000",21.67
494220,UNICORN SK하이닉스밸류체인액티브,20260828,402340,SK스퀘어,418.00,"446,424,000","429,704,000",18.84
494220,UNICORN SK하이닉스밸류체인액티브,20260828,009150,삼성전기,71.00,"98,335,000","100,891,000",4.42
494220,UNICORN SK하이닉스밸류체인액티브,20260828,252990,샘씨엔에스,"7,076.00","94,323,080","98,285,640",4.31
494220,UNICORN SK하이닉스밸류체인액티브,20260828,031980,피에스케이홀딩스,798.00,"101,346,000","95,839,800",4.20
494220,UNICORN SK하이닉스밸류체인액티브,20260828,011070,LG이노텍,151.00,"90,147,000","92,261,000",4.05
494220,UNICORN SK하이닉스밸류체인액티브,20260828,064760,티씨케이,379.00,"91,907,500","90,391,500",3.96
494220,UNICORN SK하이닉스밸류체인액티브,20260828,222800,심텍,708.00,"89,845,200","86,942,400",3.81
494220,UNICORN SK하이닉스밸류체인액티브,20260828,319660,피에스케이,600.00,"80,040,000","77,160,000",3.38
494220,UNICORN SK하이닉스밸류체인액티브,20260828,084370,유진테크,563.00,"77,694,000","75,442,000",3.31
494220,UNICORN SK하이닉스밸류체인액티브,20260828,003160,디아이,"2,964.00","74,248,200","72,173,400",3.16
494220,UNICORN SK하이닉스밸류체인액티브,20260828,039030,이오테크닉스,170.00,"69,105,000","67,745,000",2.97
494220,UNICORN SK하이닉스밸류체인액티브,20260828,000150,두산,51.00,"61,914,000","63,138,000",2.77
494220,UNICORN SK하이닉스밸류체인액티브,20260828,089970,브이엠,"1,064.00","64,372,000","61,712,000",2.71
494220,UNICORN SK하이닉스밸류체인액티브,20260828,089030,테크윙,"1,168.00","58,049,600","58,283,200",2.56
494220,UNICORN SK하이닉스밸류체인액티브,20260828,080220,제주반도체,743.00,"57,731,100","56,988,100",2.50
494220,UNICORN SK하이닉스밸류체인액티브,20260828,095610,테스,394.00,"57,524,000","56,223,800",2.47
494220,UNICORN SK하이닉스밸류체인액티브,20260828,067310,하나마이크론,"1,547.00","59,946,250","54,686,450",2.40
494220,UNICORN SK하이닉스밸류체인액티브,20260828,403870,HPSP,803.00,"40,551,500","41,033,300",1.80
494220,UNICORN SK하이닉스밸류체인액티브,20260828,102710,이엔에프테크놀로지,706.00,"31,981,800","31,946,500",1.40
494220,UNICORN SK하이닉스밸류체인액티브,20260828,083450,GST,512.00,"23,091,200","22,707,200",1.00
494220,UNICORN SK하이닉스밸류체인액티브,20260828,322310,오로스테크놀로지,"1,005.00","13,547,400","13,225,800",0.58
494220,UNICORN SK하이닉스밸류체인액티브,20260828,KRD010010001,원화현금,-,-,"39,695,997",1.74
474590,WON 반도체밸류체인액티브,20260824,005930,삼성전자,"2,001.00","563,281,500","514,257,000",24.67
474590,WON 반도체밸류체인액티브,20260824,000660,SK하이닉스,280.00,"484,400,000","467,880,000",22.44
474590,WON 반도체밸류체인액티브,20260824,039030,이오테크닉스,287.00,"116,091,500","111,356,000",5.34
474590,WON 반도체밸류체인액티브,20260824,222800,심텍,918.00,"91,524,600","96,573,600",4.63
474590,WON 반도체밸류체인액티브,20260824,009150,삼성전기,73.00,"96,068,000","96,214,000",4.62
474590,WON 반도체밸류체인액티브,20260824,402340,SK스퀘어,89.00,"99,947,000","95,764,000",4.59
474590,WON 반도체밸류체인액티브,20260824,353200,대덕전자,768.00,"80,102,400","80,332,800",3.85
474590,WON 반도체밸류체인액티브,20260824,420770,기가비스,730.00,"76,869,000","76,358,000",3.66
474590,WON 반도체밸류체인액티브,20260824,031980,피에스케이홀딩스,689.00,"74,067,500","75,927,800",3.64
474590,WON 반도체밸류체인액티브,20260824,095610,테스,568.00,"75,487,200","75,771,200",3.63
474590,WON 반도체밸류체인액티브,20260824,319660,피에스케이,554.00,"67,698,800","69,416,200",3.33
474590,WON 반도체밸류체인액티브,20260824,064290,인텍플러스,"2,025.00","65,002,500","66,217,500",3.18
474590,WON 반도체밸류체인액티브,20260824,089970,브이엠,"1,104.00","64,142,400","64,584,000",3.10
474590,WON 반도체밸류체인액티브,20260824,252990,샘씨엔에스,"4,827.00","62,171,760","64,343,910",3.09
474590,WON 반도체밸류체인액티브,20260824,085910,네오티스,"3,839.00","63,420,280","63,689,010",3.05
474590,WON 반도체밸류체인액티브,20260824,219130,타이거일렉,598.00,"38,451,400","37,853,400",1.82
474590,WON 반도체밸류체인액티브,20260824,KRD010010001,원화예금,-,-,"28,232,869",1.35
474590,WON 반도체밸류체인액티브,20260825,005930,삼성전자,"2,001.00","514,257,000","514,257,000",24.16
474590,WON 반도체밸류체인액티브,20260825,000660,SK하이닉스,280.00,"467,880,000","469,840,000",22.07
474590,WON 반도체밸류체인액티브,20260825,039030,이오테크닉스,287.00,"111,356,000","115,230,500",5.41
474590,WON 반도체밸류체인액티브,20260825,222800,심텍,918.00,"96,573,600","107,314,200",5.04
474590,WON 반도체밸류체인액티브,20260825,009150,삼성전기,73.00,"96,214,000","99,426,000",4.67
474590,WON 반도체밸류체인액티브,20260825,402340,SK스퀘어,89.00,"95,764,000","94,340,000",4.43
474590,WON 반도체밸류체인액티브,20260825,353200,대덕전자,768.00,"80,332,800","85,094,400",4.00
474590,WON 반도체밸류체인액티브,20260825,031980,피에스케이홀딩스,689.00,"75,927,800","83,162,300",3.91
474590,WON 반도체밸류체인액티브,20260825,095610,테스,568.00,"75,771,200","78,952,000",3.71
474590,WON 반도체밸류체인액티브,20260825,420770,기가비스,730.00,"76,358,000","78,548,000",3.69
474590,WON 반도체밸류체인액티브,20260825,064290,인텍플러스,"2,025.00","66,217,500","72,495,000",3.41
474590,WON 반도체밸류체인액티브,20260825,319660,피에스케이,554.00,"69,416,200","71,964,600",3.38
474590,WON 반도체밸류체인액티브,20260825,089970,브이엠,"1,104.00","64,584,000","66,350,400",3.12
474590,WON 반도체밸류체인액티브,20260825,085910,네오티스,"3,839.00","63,689,010","63,880,960",3.00
474590,WON 반도체밸류체인액티브,20260825,252990,샘씨엔에스,"4,827.00","64,343,910","61,737,330",2.90
474590,WON 반도체밸류체인액티브,20260825,219130,타이거일렉,598.00,"37,853,400","37,674,000",1.77
474590,WON 반도체밸류체인액티브,20260825,KRD010010001,원화예금,-,-,"28,457,005",1.34
474590,WON 반도체밸류체인액티브,20260826,005930,삼성전자,"2,001.00","514,257,000","523,261,500",24.65
474590,WON 반도체밸류체인액티브,20260826,000660,SK하이닉스,280.00,"469,840,000","472,640,000",22.27
474590,WON 반도체밸류체인액티브,20260826,039030,이오테크닉스,287.00,"115,230,500","114,943,500",5.42
474590,WON 반도체밸류체인액티브,20260826,222800,심텍,918.00,"107,314,200","103,458,600",4.87
474590,WON 반도체밸류체인액티브,20260826,009150,삼성전기,73.00,"99,426,000","97,090,000",4.57
474590,WON 반도체밸류체인액티브,20260826,402340,SK스퀘어,89.00,"94,340,000","94,162,000",4.44
474590,WON 반도체밸류체인액티브,20260826,353200,대덕전자,768.00,"85,094,400","82,176,000",3.87
474590,WON 반도체밸류체인액티브,20260826,031980,피에스케이홀딩스,689.00,"83,162,300","82,128,800",3.87
474590,WON 반도체밸류체인액티브,20260826,095610,테스,568.00,"78,952,000","78,440,800",3.70
474590,WON 반도체밸류체인액티브,20260826,420770,기가비스,730.00,"78,548,000","76,285,000",3.59
474590,WON 반도체밸류체인액티브,20260826,319660,피에스케이,554.00,"71,964,600","71,743,000",3.38
474590,WON 반도체밸류체인액티브,20260826,064290,인텍플러스,"2,025.00","72,495,000","68,141,250",3.21
474590,WON 반도체밸류체인액티브,20260826,089970,브이엠,"1,104.00","66,350,400","65,025,600",3.06
474590,WON 반도체밸류체인액티브,20260826,085910,네오티스,"3,839.00","63,880,960","64,111,300",3.02
474590,WON 반도체밸류체인액티브,20260826,252990,샘씨엔에스,"4,827.00","61,737,330","62,026,950",2.92
474590,WON 반도체밸류체인액티브,20260826,219130,타이거일렉,598.00,"37,674,000","37,913,200",1.79
474590,WON 반도체밸류체인액티브,20260826,KRD010010001,원화예금,-,-,"29,094,343",1.37
474590,WON 반도체밸류체인액티브,20260827,005930,삼성전자,"2,001.00","523,261,500","532,266,000",24.35
474590,WON 반도체밸류체인액티브,20260827,000660,SK하이닉스,280.00,"472,640,000","484,400,000",22.16
474590,WON 반도체밸류체인액티브,20260827,039030,이오테크닉스,287.00,"114,943,500","116,665,500",5.34
474590,WON 반도체밸류체인액티브,20260827,222800,심텍,918.00,"103,458,600","116,494,200",5.33
474590,WON 반도체밸류체인액티브,20260827,009150,삼성전기,73.00,"97,090,000","101,105,000",4.62
474590,WON 반도체밸류체인액티브,20260827,402340,SK스퀘어,89.00,"94,162,000","95,052,000",4.35
474590,WON 반도체밸류체인액티브,20260827,031980,피에스케이홀딩스,689.00,"82,128,800","87,503,000",4.00
474590,WON 반도체밸류체인액티브,20260827,353200,대덕전자,768.00,"82,176,000","85,478,400",3.91
474590,WON 반도체밸류체인액티브,20260827,095610,테스,568.00,"78,440,800","82,928,000",3.79
474590,WON 반도체밸류체인액티브,20260827,420770,기가비스,730.00,"76,285,000","78,986,000",3.61
474590,WON 반도체밸류체인액티브,20260827,319660,피에스케이,554.00,"71,743,000","73,903,600",3.38
474590,WON 반도체밸류체인액티브,20260827,064290,인텍플러스,"2,025.00","68,141,250","67,230,000",3.08
474590,WON 반도체밸류체인액티브,20260827,085910,네오티스,"3,839.00","64,111,300","66,798,600",3.06
474590,WON 반도체밸류체인액티브,20260827,089970,브이엠,"1,104.00","65,025,600","66,792,000",3.06
474590,WON 반도체밸류체인액티브,20260827,252990,샘씨엔에스,"4,827.00","62,026,950","64,343,910",2.94
474590,WON 반도체밸류체인액티브,20260827,219130,타이거일렉,598.00,"37,913,200","37,434,800",1.71
474590,WON 반도체밸류체인액티브,20260827,KRD010010001,원화예금,-,-,"28,837,052",1.32
474590,WON 반도체밸류체인액티브,20260828,005930,삼성전자,"2,001.00","532,266,000","514,257,000",24.20
474590,WON 반도체밸류체인액티브,20260828,000660,SK하이닉스,280.00,"484,400,000","462,840,000",21.78
474590,WON 반도체밸류체인액티브,20260828,039030,이오테크닉스,287.00,"116,665,500","114,369,500",5.38
474590,WON 반도체밸류체인액티브,20260828,222800,심텍,918.00,"116,494,200","112,730,400",5.30
474590,WON 반도체밸류체인액티브,20260828,009150,삼성전기,73.00,"101,105,000","103,733,000",4.88
474590,WON 반도체밸류체인액티브,20260828,402340,SK스퀘어,89.00,"95,052,000","91,492,000",4.30
474590,WON 반도체밸류체인액티브,20260828,031980,피에스케이홀딩스,689.00,"87,503,000","82,748,900",3.89
474590,WON 반도체밸류체인액티브,20260828,353200,대덕전자,768.00,"85,478,400","82,636,800",3.89
474590,WON 반도체밸류체인액티브,20260828,095610,테스,568.00,"82,928,000","81,053,600",3.81
474590,WON 반도체밸류체인액티브,20260828,420770,기가비스,730.00,"78,986,000","80,154,000",3.77
474590,WON 반도체밸류체인액티브,20260828,319660,피에스케이,554.00,"73,903,600","71,244,400",3.35
474590,WON 반도체밸류체인액티브,20260828,252990,샘씨엔에스,"4,827.00","64,343,910","67,047,030",3.15
474590,WON 반도체밸류체인액티브,20260828,064290,인텍플러스,"2,025.00","67,230,000","65,812,500",3.10
474590,WON 반도체밸류체인액티브,20260828,085910,네오티스,"3,839.00","66,798,600","64,341,640",3.03
474590,WON 반도체밸류체인액티브,20260828,089970,브이엠,"1,104.00","66,792,000","64,032,000",3.01
474590,WON 반도체밸류체인액티브,20260828,219130,타이거일렉,598.00,"37,434,800","37,135,800",1.75
474590,WON 반도체밸류체인액티브,20260828,KRD010010001,원화예금,-,-,"29,623,132",1.39
388420,RISE 비메모리반도체액티브,20260824,005930,삼성전자,578.00,"162,707,000","148,546,000",28.91
388420,RISE 비메모리반도체액티브,20260824,000660,SK하이닉스,60.00,"103,800,000","100,260,000",19.51
388420,RISE 비메모리반도체액티브,20260824,222800,심텍,304.00,"30,308,800","31,980,800",6.22
388420,RISE 비메모리반도체액티브,20260824,009150,삼성전기,24.00,"31,584,000","31,632,000",6.16
388420,RISE 비메모리반도체액티브,20260824,319660,피에스케이,242.00,"29,572,400","30,322,600",5.90
388420,RISE 비메모리반도체액티브,20260824,095610,테스,224.00,"29,769,600","29,881,600",5.82
388420,RISE 비메모리반도체액티브,20260824,089970,브이엠,448.00,"26,028,800","26,208,000",5.10
388420,RISE 비메모리반도체액티브,20260824,420770,기가비스,213.00,"22,428,900","22,279,800",4.34
388420,RISE 비메모리반도체액티브,20260824,183300,코미코,639.00,"17,700,300","16,230,600",3.16
388420,RISE 비메모리반도체액티브,20260824,131970,두산테스나,210.00,"16,149,000","15,771,000",3.07
388420,RISE 비메모리반도체액티브,20260824,074600,원익QnC,588.00,"15,464,400","15,346,800",2.99
388420,RISE 비메모리반도체액티브,20260824,330860,네패스아크,560.00,"14,000,000","13,972,000",2.72
388420,RISE 비메모리반도체액티브,20260824,007660,이수페타시스,120.00,"11,916,000","12,072,000",2.35
388420,RISE 비메모리반도체액티브,20260824,353200,대덕전자,92.00,"9,595,600","9,623,200",1.87
388420,RISE 비메모리반도체액티브,20260824,240810,원익IPS,66.00,"7,121,400","7,022,400",1.37
388420,RISE 비메모리반도체액티브,20260824,036930,주성엔지니어링,42.00,"7,081,200","6,972,000",1.36
388420,RISE 비메모리반도체액티브,20260824,058470,리노공업,87.00,"5,715,900","5,620,200",1.09
388420,RISE 비메모리반도체액티브,20260824,KRD010010001,원화현금,-,-,"-9,955,768",-1.94
388420,RISE 비메모리반도체액티브,20260825,005930,삼성전자,578.00,"148,546,000","148,546,000",28.19
388420,RISE 비메모리반도체액티브,20260825,000660,SK하이닉스,60.00,"100,260,000","100,680,000",19.10
388420,RISE 비메모리반도체액티브,20260825,222800,심텍,304.00,"31,980,800","35,537,600",6.74
388420,RISE 비메모리반도체액티브,20260825,009150,삼성전기,24.00,"31,632,000","32,688,000",6.20
388420,RISE 비메모리반도체액티브,20260825,319660,피에스케이,242.00,"30,322,600","31,435,800",5.97
388420,RISE 비메모리반도체액티브,20260825,095610,테스,224.00,"29,881,600","31,136,000",5.91
388420,RISE 비메모리반도체액티브,20260825,089970,브이엠,448.00,"26,208,000","26,924,800",5.11
388420,RISE 비메모리반도체액티브,20260825,420770,기가비스,213.00,"22,279,800","22,918,800",4.35
388420,RISE 비메모리반도체액티브,20260825,131970,두산테스나,210.00,"15,771,000","16,737,000",3.18
388420,RISE 비메모리반도체액티브,20260825,183300,코미코,639.00,"16,230,600","16,550,100",3.14
388420,RISE 비메모리반도체액티브,20260825,074600,원익QnC,588.00,"15,346,800","15,817,200",3.00
388420,RISE 비메모리반도체액티브,20260825,330860,네패스아크,560.00,"13,972,000","14,336,000",2.72
388420,RISE 비메모리반도체액티브,20260825,007660,이수페타시스,120.00,"12,072,000","12,828,000",2.43
388420,RISE 비메모리반도체액티브,20260825,353200,대덕전자,92.00,"9,623,200","10,193,600",1.93
388420,RISE 비메모리반도체액티브,20260825,036930,주성엔지니어링,42.00,"6,972,000","7,509,600",1.42
388420,RISE 비메모리반도체액티브,20260825,240810,원익IPS,66.00,"7,022,400","7,411,800",1.41
388420,RISE 비메모리반도체액티브,20260825,058470,리노공업,87.00,"5,620,200","5,863,800",1.11
388420,RISE 비메모리반도체액티브,20260825,KRD010010001,원화현금,-,-,"-10,124,481",-1.92
388420,RISE 비메모리반도체액티브,20260826,005930,삼성전자,578.00,"148,546,000","151,147,000",28.69
388420,RISE 비메모리반도체액티브,20260826,000660,SK하이닉스,60.00,"100,680,000","101,280,000",19.22
388420,RISE 비메모리반도체액티브,20260826,222800,심텍,304.00,"35,537,600","34,260,800",6.50
388420,RISE 비메모리반도체액티브,20260826,009150,삼성전기,24.00,"32,688,000","31,920,000",6.06
388420,RISE 비메모리반도체액티브,20260826,319660,피에스케이,242.00,"31,435,800","31,339,000",5.95
388420,RISE 비메모리반도체액티브,20260826,095610,테스,224.00,"31,136,000","30,934,400",5.87
388420,RISE 비메모리반도체액티브,20260826,089970,브이엠,448.00,"26,924,800","26,387,200",5.01
388420,RISE 비메모리반도체액티브,20260826,420770,기가비스,213.00,"22,918,800","22,258,500",4.22
388420,RISE 비메모리반도체액티브,20260826,131970,두산테스나,210.00,"16,737,000","16,758,000",3.18
388420,RISE 비메모리반도체액티브,20260826,183300,코미코,639.00,"16,550,100","16,262,550",3.09
388420,RISE 비메모리반도체액티브,20260826,074600,원익QnC,588.00,"15,817,200","15,699,600",2.98
388420,RISE 비메모리반도체액티브,20260826,330860,네패스아크,560.00,"14,336,000","15,176,000",2.88
388420,RISE 비메모리반도체액티브,20260826,007660,이수페타시스,120.00,"12,828,000","13,296,000",2.52
388420,RISE 비메모리반도체액티브,20260826,353200,대덕전자,92.00,"10,193,600","9,844,000",1.87
388420,RISE 비메모리반도체액티브,20260826,036930,주성엔지니어링,42.00,"7,509,600","7,282,800",1.38
388420,RISE 비메모리반도체액티브,20260826,240810,원익IPS,66.00,"7,411,800","7,213,800",1.37
388420,RISE 비메모리반도체액티브,20260826,058470,리노공업,87.00,"5,863,800","5,776,800",1.10
388420,RISE 비메모리반도체액티브,20260826,KRD010010001,원화현금,-,-,"-9,935,995",-1.89
388420,RISE 비메모리반도체액티브,20260827,005930,삼성전자,578.00,"151,147,000","153,748,000",28.28
388420,RISE 비메모리반도체액티브,20260827,000660,SK하이닉스,60.00,"101,280,000","103,800,000",19.09
388420,RISE 비메모리반도체액티브,20260827,222800,심텍,304.00,"34,260,800","38,577,600",7.09
388420,RISE 비메모리반도체액티브,20260827,009150,삼성전기,24.00,"31,920,000","33,240,000",6.11
388420,RISE 비메모리반도체액티브,20260827,095610,테스,224.00,"30,934,400","32,704,000",6.01
388420,RISE 비메모리반도체액티브,20260827,319660,피에스케이,242.00,"31,339,000","32,282,800",5.94
388420,RISE 비메모리반도체액티브,20260827,089970,브이엠,448.00,"26,387,200","27,104,000",4.98
388420,RISE 비메모리반도체액티브,20260827,420770,기가비스,213.00,"22,258,500","23,046,600",4.24
388420,RISE 비메모리반도체액티브,20260827,131970,두산테스나,236.00,"18,832,800","19,611,600",3.61
388420,RISE 비메모리반도체액티브,20260827,183300,코미코,700.00,"17,815,000","17,815,000",3.28
388420,RISE 비메모리반도체액티브,20260827,330860,네패스아크,642.00,"17,398,200","17,494,500",3.22
388420,RISE 비메모리반도체액티브,20260827,074600,원익QnC,588.00,"15,699,600","15,699,600",2.89
388420,RISE 비메모리반도체액티브,20260827,007660,이수페타시스,120.00,"13,296,000","13,536,000",2.49
388420,RISE 비메모리반도체액티브,20260827,353200,대덕전자,92.00,"9,844,000","10,239,600",1.88
388420,RISE 비메모리반도체액티브,20260827,036930,주성엔지니어링,42.00,"7,282,800","7,522,200",1.38
388420,RISE 비메모리반도체액티브,20260827,240810,원익IPS,66.00,"7,213,800","7,438,200",1.37
388420,RISE 비메모리반도체액티브,20260827,KRD010010001,원화현금,-,-,"-10,126,536",-1.86
388420,RISE 비메모리반도체액티브,20260828,005930,삼성전자,578.00,"153,748,000","148,546,000",28.08
388420,RISE 비메모리반도체액티브,20260828,000660,SK하이닉스,60.00,"103,800,000","99,180,000",18.74
388420,RISE 비메모리반도체액티브,20260828,222800,심텍,304.00,"38,577,600","37,331,200",7.06
388420,RISE 비메모리반도체액티브,20260828,009150,삼성전기,24.00,"33,240,000","34,104,000",6.45
388420,RISE 비메모리반도체액티브,20260828,095610,테스,224.00,"32,704,000","31,964,800",6.04
388420,RISE 비메모리반도체액티브,20260828,319660,피에스케이,242.00,"32,282,800","31,121,200",5.88
388420,RISE 비메모리반도체액티브,20260828,089970,브이엠,448.00,"27,104,000","25,984,000",4.91
388420,RISE 비메모리반도체액티브,20260828,420770,기가비스,213.00,"23,046,600","23,387,400",4.42
388420,RISE 비메모리반도체액티브,20260828,131970,두산테스나,236.00,"19,611,600","19,281,200",3.64
388420,RISE 비메모리반도체액티브,20260828,183300,코미코,700.00,"17,815,000","17,780,000",3.36
388420,RISE 비메모리반도체액티브,20260828,330860,네패스아크,642.00,"17,494,500","16,884,600",3.19
388420,RISE 비메모리반도체액티브,20260828,074600,원익QnC,588.00,"15,699,600","15,376,200",2.91
388420,RISE 비메모리반도체액티브,20260828,007660,이수페타시스,120.00,"13,536,000","13,536,000",2.56
388420,RISE 비메모리반도체액티브,20260828,353200,대덕전자,92.00,"10,239,600","9,899,200",1.87
388420,RISE 비메모리반도체액티브,20260828,036930,주성엔지니어링,42.00,"7,522,200","7,425,600",1.40
388420,RISE 비메모리반도체액티브,20260828,240810,원익IPS,66.00,"7,438,200","7,332,600",1.39
388420,RISE 비메모리반도체액티브,20260828,KRD010010001,원화현금,-,-,"-10,032,298",-1.90
445150,KODEX 친환경조선해운액티브,20260824,009540,HD한국조선해양,314.00,"109,429,000","110,999,000",7.87
445150,KODEX 친환경조선해운액티브,20260824,028670,팬오션,"16,757.00","98,028,450","105,904,240",7.50
445150,KODEX 친환경조선해운액티브,20260824,033500,동성화인텍,"6,147.00","102,654,900","104,990,760",7.44
445150,KODEX 친환경조선해운액티브,20260824,042660,한화오션,"1,205.00","101,461,000","100,497,000",7.12
445150,KODEX 친환경조선해운액티브,20260824,010140,삼성중공업,"4,840.00","97,768,000","97,284,000",6.89
445150,KODEX 친환경조선해운액티브,20260824,011200,HMM,"4,138.00","89,380,800","94,553,300",6.70
445150,KODEX 친환경조선해운액티브,20260824,329180,HD현대중공업,196.00,"88,788,000","89,278,000",6.33
445150,KODEX 친환경조선해운액티브,20260824,005880,대한해운,"39,760.00","81,309,200","84,291,200",5.97
445150,KODEX 친환경조선해운액티브,20260824,439260,대한조선,"1,658.00","81,324,900","80,661,700",5.72
445150,KODEX 친환경조선해운액티브,20260824,017960,한국카본,"3,500.00","78,925,000","79,625,000",5.64
445150,KODEX 친환경조선해운액티브,20260824,443060,HD현대마린솔루션,371.00,"73,346,700","76,611,500",5.43
445150,KODEX 친환경조선해운액티브,20260824,082740,한화엔진,"1,432.00","63,151,200","64,296,800",4.56
445150,KODEX 친환경조선해운액티브,20260824,071970,HD현대마린엔진,"1,258.00","62,522,600","63,025,800",4.47
445150,KODEX 친환경조선해운액티브,20260824,010950,S-Oil,287.00,"40,495,700","40,524,400",2.87
445150,KODEX 친환경조선해운액티브,20260824,075580,세진중공업,"3,489.00","35,273,790","35,273,790",2.50
445150,KODEX 친환경조선해운액티브,20260824,460930,현대힘스,"2,450.00","32,830,000","32,487,000",2.30
445150,KODEX 친환경조선해운액티브,20260824,018670,SK가스,126.00,"29,421,000","29,484,000",2.09
445150,KODEX 친환경조선해운액티브,20260824,006400,삼성SDI,50.00,"23,900,000","25,750,000",1.82
445150,KODEX 친환경조선해운액티브,20260824,373220,LG에너지솔루션,66.00,"22,671,000","23,892,000",1.69
445150,KODEX 친환경조선해운액티브,20260824,036460,한국가스공사,474.00,"16,898,100","17,301,000",1.23
445150,KODEX 친환경조선해운액티브,20260824,077970,STX엔진,578.00,"13,554,100","13,525,200",0.96
445150,KODEX 친환경조선해운액티브,20260824,011170,롯데케미칼,226.00,"12,271,800","12,475,200",0.88
445150,KODEX 친환경조선해운액티브,20260824,247540,에코프로비엠,103.00,"10,876,800","12,051,000",0.85
445150,KODEX 친환경조선해운액티브,20260824,KRD010010001,원화현금,-,-,"16,426,629",1.16
445150,KODEX 친환경조선해운액티브,20260825,009540,HD한국조선해양,314.00,"110,999,000","113,825,000",7.92
445150,KODEX 친환경조선해운액티브,20260825,033500,동성화인텍,"6,147.00","104,990,760","107,879,850",7.51
445150,KODEX 친환경조선해운액티브,20260825,028670,팬오션,"16,757.00","105,904,240","106,909,660",7.44
445150,KODEX 친환경조선해운액티브,20260825,042660,한화오션,"1,205.00","100,497,000","104,353,000",7.26
445150,KODEX 친환경조선해운액티브,20260825,010140,삼성중공업,"4,840.00","97,284,000","98,978,000",6.89
445150,KODEX 친환경조선해운액티브,20260825,011200,HMM,"4,138.00","94,553,300","93,725,700",6.52
445150,KODEX 친환경조선해운액티브,20260825,329180,HD현대중공업,196.00,"89,278,000","91,042,000",6.34
445150,KODEX 친환경조선해운액티브,20260825,005880,대한해운,"39,760.00","84,291,200","85,484,000",5.95
445150,KODEX 친환경조선해운액티브,20260825,439260,대한조선,"1,658.00","80,661,700","81,822,300",5.69
445150,KODEX 친환경조선해운액티브,20260825,017960,한국카본,"3,500.00","79,625,000","81,025,000",5.64
445150,KODEX 친환경조선해운액티브,20260825,443060,HD현대마린솔루션,371.00,"76,611,500","77,168,000",5.37
445150,KODEX 친환경조선해운액티브,20260825,082740,한화엔진,"1,432.00","64,296,800","67,948,400",4.73
445150,KODEX 친환경조선해운액티브,20260825,071970,HD현대마린엔진,"1,258.00","63,025,800","65,541,800",4.56
445150,KODEX 친환경조선해운액티브,20260825,010950,S-Oil,287.00,"40,524,400","40,151,300",2.79
445150,KODEX 친환경조선해운액티브,20260825,075580,세진중공업,"3,489.00","35,273,790","36,808,950",2.56
445150,KODEX 친환경조선해운액티브,20260825,460930,현대힘스,"2,450.00","32,487,000","33,859,000",2.36
445150,KODEX 친환경조선해운액티브,20260825,018670,SK가스,126.00,"29,484,000","29,736,000",2.07
445150,KODEX 친환경조선해운액티브,20260825,006400,삼성SDI,50.00,"25,750,000","25,950,000",1.81
445150,KODEX 친환경조선해운액티브,20260825,373220,LG에너지솔루션,66.00,"23,892,000","23,067,000",1.61
445150,KODEX 친환경조선해운액티브,20260825,036460,한국가스공사,474.00,"17,301,000","17,443,200",1.21
445150,KODEX 친환경조선해운액티브,20260825,077970,STX엔진,578.00,"13,525,200","13,987,600",0.97
445150,KODEX 친환경조선해운액티브,20260825,011170,롯데케미칼,226.00,"12,475,200","12,407,400",0.86
445150,KODEX 친환경조선해운액티브,20260825,247540,에코프로비엠,103.00,"12,051,000","11,587,500",0.81
445150,KODEX 친환경조선해운액티브,20260825,KRD010010001,원화현금,-,-,"16,407,030",1.14
445150,KODEX 친환경조선해운액티브,20260826,009540,HD한국조선해양,314.00,"113,825,000","113,197,000",7.95
445150,KODEX 친환경조선해운액티브,20260826,033500,동성화인텍,"6,147.00","107,879,850","109,355,130",7.68
445150,KODEX 친환경조선해운액티브,20260826,011200,HMM,"4,928.00","111,619,200","105,212,800",7.39
445150,KODEX 친환경조선해운액티브,20260826,042660,한화오션,"1,205.00","104,353,000","105,196,500",7.39
445150,KODEX 친환경조선해운액티브,20260826,028670,팬오션,"18,731.00","119,503,780","105,080,910",7.38
445150,KODEX 친환경조선해운액티브,20260826,010140,삼성중공업,"4,840.00","98,978,000","100,188,000",7.04
445150,KODEX 친환경조선해운액티브,20260826,005880,대한해운,"44,384.00","95,425,600","91,209,120",6.40
445150,KODEX 친환경조선해운액티브,20260826,329180,HD현대중공업,196.00,"91,042,000","91,042,000",6.39
445150,KODEX 친환경조선해운액티브,20260826,017960,한국카본,"3,500.00","81,025,000","83,475,000",5.86
445150,KODEX 친환경조선해운액티브,20260826,439260,대한조선,"1,515.00","74,765,250","74,916,750",5.26
445150,KODEX 친환경조선해운액티브,20260826,443060,HD현대마린솔루션,337.00,"70,096,000","74,308,500",5.22
445150,KODEX 친환경조선해운액티브,20260826,082740,한화엔진,"1,432.00","67,948,400","68,592,800",4.82
445150,KODEX 친환경조선해운액티브,20260826,071970,HD현대마린엔진,"1,258.00","65,541,800","66,548,200",4.67
445150,KODEX 친환경조선해운액티브,20260826,010950,S-Oil,287.00,"40,151,300","40,467,000",2.84
445150,KODEX 친환경조선해운액티브,20260826,075580,세진중공업,"3,489.00","36,808,950","37,262,520",2.62
445150,KODEX 친환경조선해운액티브,20260826,018670,SK가스,109.00,"25,724,000","25,724,000",1.81
445150,KODEX 친환경조선해운액티브,20260826,006400,삼성SDI,42.00,"21,798,000","21,672,000",1.52
445150,KODEX 친환경조선해운액티브,20260826,373220,LG에너지솔루션,55.00,"19,222,500","19,305,000",1.36
445150,KODEX 친환경조선해운액티브,20260826,460930,현대힘스,"1,389.00","19,195,980","19,265,430",1.35
445150,KODEX 친환경조선해운액티브,20260826,036460,한국가스공사,474.00,"17,443,200","17,585,400",1.23
445150,KODEX 친환경조선해운액티브,20260826,077970,STX엔진,578.00,"13,987,600","14,218,800",1.00
445150,KODEX 친환경조선해운액티브,20260826,011170,롯데케미칼,226.00,"12,407,400","12,882,000",0.90
445150,KODEX 친환경조선해운액티브,20260826,247540,에코프로비엠,103.00,"11,587,500","11,484,500",0.81
445150,KODEX 친환경조선해운액티브,20260826,KRD010010001,원화현금,-,-,"15,926,183",1.12
445150,KODEX 친환경조선해운액티브,20260827,009540,HD한국조선해양,314.00,"113,197,000","113,197,000",7.88
445150,KODEX 친환경조선해운액티브,20260827,033500,동성화인텍,"6,147.00","109,355,130","109,232,190",7.60
445150,KODEX 친환경조선해운액티브,20260827,042660,한화오션,"1,205.00","105,196,500","107,968,000",7.51
445150,KODEX 친환경조선해운액티브,20260827,011200,HMM,"4,928.00","105,212,800","105,705,600",7.36
445150,KODEX 친환경조선해운액티브,20260827,028670,팬오션,"18,731.00","105,080,910","105,268,220",7.33
445150,KODEX 친환경조선해운액티브,20260827,010140,삼성중공업,"4,840.00","100,188,000","101,640,000",7.07
445150,KODEX 친환경조선해운액티브,20260827,005880,대한해운,"44,384.00","91,209,120","93,872,160",6.53
445150,KODEX 친환경조선해운액티브,20260827,329180,HD현대중공업,196.00,"91,042,000","92,120,000",6.41
445150,KODEX 친환경조선해운액티브,20260827,017960,한국카본,"3,500.00","83,475,000","83,300,000",5.80
445150,KODEX 친환경조선해운액티브,20260827,439260,대한조선,"1,515.00","74,916,750","74,765,250",5.20
445150,KODEX 친환경조선해운액티브,20260827,443060,HD현대마린솔루션,337.00,"74,308,500","74,477,000",5.18
445150,KODEX 친환경조선해운액티브,20260827,082740,한화엔진,"1,432.00","68,592,800","69,165,600",4.81
445150,KODEX 친환경조선해운액티브,20260827,071970,HD현대마린엔진,"1,258.00","66,548,200","67,428,800",4.69
445150,KODEX 친환경조선해운액티브,20260827,010950,S-Oil,287.00,"40,467,000","39,232,900",2.73
445150,KODEX 친환경조선해운액티브,20260827,075580,세진중공업,"3,489.00","37,262,520","37,367,190",2.60
445150,KODEX 친환경조선해운액티브,20260827,018670,SK가스,109.00,"25,724,000","25,124,500",1.75
445150,KODEX 친환경조선해운액티브,20260827,006400,삼성SDI,42.00,"21,672,000","23,898,000",1.66
445150,KODEX 친환경조선해운액티브,20260827,373220,LG에너지솔루션,55.00,"19,305,000","20,377,500",1.42
445150,KODEX 친환경조선해운액티브,20260827,460930,현대힘스,"1,389.00","19,265,430","19,112,640",1.33
445150,KODEX 친환경조선해운액티브,20260827,036460,한국가스공사,474.00,"17,585,400","17,490,600",1.22
445150,KODEX 친환경조선해운액티브,20260827,077970,STX엔진,578.00,"14,218,800","15,143,600",1.05
445150,KODEX 친환경조선해운액티브,20260827,011170,롯데케미칼,226.00,"12,882,000","12,972,400",0.90
445150,KODEX 친환경조선해운액티브,20260827,247540,에코프로비엠,103.00,"11,484,500","12,154,000",0.85
445150,KODEX 친환경조선해운액티브,20260827,KRD010010001,원화현금,-,-,"15,906,451",1.11
445150,KODEX 친환경조선해운액티브,20260828,033500,동성화인텍,"6,147.00","109,232,190","112,858,920",7.79
445150,KODEX 친환경조선해운액티브,20260828,009540,HD한국조선해양,314.00,"113,197,000","111,313,000",7.69
445150,KODEX 친환경조선해운액티브,20260828,028670,팬오션,"18,731.00","105,268,220","108,452,490",7.49
445150,KODEX 친환경조선해운액티브,20260828,011200,HMM,"4,928.00","105,705,600","106,937,600",7.38
445150,KODEX 친환경조선해운액티브,20260828,042660,한화오션,"1,205.00","107,968,000","106,642,500",7.36
445150,KODEX 친환경조선해운액티브,20260828,010140,삼성중공업,"4,840.00","101,640,000","102,608,000",7.08
445150,KODEX 친환경조선해운액티브,20260828,005880,대한해운,"44,384.00","93,872,160","95,869,440",6.62
445150,KODEX 친환경조선해운액티브,20260828,329180,HD현대중공업,196.00,"92,120,000","89,572,000",6.18
445150,KODEX 친환경조선해운액티브,20260828,017960,한국카본,"3,500.00","83,300,000","87,325,000",6.03
445150,KODEX 친환경조선해운액티브,20260828,443060,HD현대마린솔루션,337.00,"74,477,000","74,477,000",5.14
445150,KODEX 친환경조선해운액티브,20260828,439260,대한조선,"1,515.00","74,765,250","74,235,000",5.13
445150,KODEX 친환경조선해운액티브,20260828,082740,한화엔진,"1,432.00","69,165,600","69,094,000",4.77
445150,KODEX 친환경조선해운액티브,20260828,071970,HD현대마린엔진,"1,258.00","67,428,800","66,799,800",4.61
445150,KODEX 친환경조선해운액티브,20260828,010950,S-Oil,287.00,"39,232,900","42,820,400",2.96
445150,KODEX 친환경조선해운액티브,20260828,075580,세진중공업,"3,489.00","37,367,190","37,192,740",2.57
445150,KODEX 친환경조선해운액티브,20260828,018670,SK가스,109.00,"25,124,500","25,070,000",1.73
445150,KODEX 친환경조선해운액티브,20260828,006400,삼성SDI,42.00,"23,898,000","23,982,000",1.66
445150,KODEX 친환경조선해운액티브,20260828,373220,LG에너지솔루션,55.00,"20,377,500","20,350,000",1.41
445150,KODEX 친환경조선해운액티브,20260828,460930,현대힘스,"1,389.00","19,112,640","18,987,630",1.31
445150,KODEX 친환경조선해운액티브,20260828,036460,한국가스공사,474.00,"17,490,600","17,585,400",1.21
445150,KODEX 친환경조선해운액티브,20260828,077970,STX엔진,578.00,"15,143,600","14,623,400",1.01
445150,KODEX 친환경조선해운액티브,20260828,011170,롯데케미칼,226.00,"12,972,400","13,447,000",0.93
445150,KODEX 친환경조선해운액티브,20260828,247540,에코프로비엠,103.00,"12,154,000","12,174,600",0.84
445150,KODEX 친환경조선해운액티브,20260828,KRD010010001,원화현금,-,-,"15,886,516",1.10
445290,KODEX 로봇액티브,20260824,005930,삼성전자,542.00,"152,573,000","139,294,000",9.03
445290,KODEX 로봇액티브,20260824,108490,로보티즈,535.00,"135,890,000","132,412,500",8.58
445290,KODEX 로봇액티브,20260824,012330,현대모비스,248.00,"123,008,000","123,628,000",8.01
445290,KODEX 로봇액티브,20260824,066570,LG전자,592.00,"115,144,000","118,281,600",7.67
445290,KODEX 로봇액티브,20260824,277810,레인보우로보틱스,234.00,"106,236,000","104,013,000",6.74
445290,KODEX 로봇액티브,20260824,035420,NAVER,448.00,"99,456,000","100,128,000",6.49
445290,KODEX 로봇액티브,20260824,307950,현대오토에버,210.00,"94,080,000","96,075,000",6.23
445290,KODEX 로봇액티브,20260824,005380,현대차,190.00,"78,850,000","78,660,000",5.10
445290,KODEX 로봇액티브,20260824,454910,두산로보틱스,"1,102.00","78,131,800","76,809,400",4.98
445290,KODEX 로봇액티브,20260824,058610,에스피지,675.00,"64,462,500","63,450,000",4.11
445290,KODEX 로봇액티브,20260824,018260,삼성에스디에스,265.00,"60,420,000","60,420,000",3.92
445290,KODEX 로봇액티브,20260824,000660,SK하이닉스,35.00,"60,550,000","58,485,000",3.79
445290,KODEX 로봇액티브,20260824,267250,HD현대,192.00,"40,896,000","40,704,000",2.64
445290,KODEX 로봇액티브,20260824,011070,LG이노텍,69.00,"37,950,000","39,330,000",2.55
445290,KODEX 로봇액티브,20260824,348340,뉴로메카,"1,893.00","36,970,290","36,232,020",2.35
445290,KODEX 로봇액티브,20260824,030200,KT,539.00,"28,243,600","28,297,500",1.83
445290,KODEX 로봇액티브,20260824,466100,클로봇,981.00,"26,634,150","26,290,800",1.70
445290,KODEX 로봇액티브,20260824,388720,유일로보틱스,340.00,"22,950,000","22,610,000",1.47
445290,KODEX 로봇액티브,20260824,056080,유진로봇,"1,897.00","22,764,000","22,403,570",1.45
445290,KODEX 로봇액티브,20260824,030530,원익홀딩스,902.00,"17,363,500","17,363,500",1.13
445290,KODEX 로봇액티브,20260824,060280,큐렉소,"1,970.00","17,060,200","16,942,000",1.10
445290,KODEX 로봇액티브,20260824,437730,삼현,467.00,"15,481,050","15,014,050",0.97
445290,KODEX 로봇액티브,20260824,098460,고영,545.00,"15,423,500","14,851,250",0.96
445290,KODEX 로봇액티브,20260824,054950,제이브이엠,524.00,"12,314,000","12,733,200",0.83
445290,KODEX 로봇액티브,20260824,064350,현대로템,94.00,"12,229,400","12,614,800",0.82
445290,KODEX 로봇액티브,20260824,389500,에스비비테크,325.00,"11,537,500","11,878,750",0.77
445290,KODEX 로봇액티브,20260824,035720,카카오,239.00,"8,556,200","8,556,200",0.55
445290,KODEX 로봇액티브,20260824,455900,엔젤로보틱스,293.00,"5,962,550","5,889,300",0.38
445290,KODEX 로봇액티브,20260824,160190,하이젠알앤엠,249.00,"4,544,250","4,561,680",0.30
445290,KODEX 로봇액티브,20260824,090460,비에이치,261.00,"4,144,680","4,220,370",0.27
445290,KODEX 로봇액티브,20260824,464080,에스오에스랩,412.00,"3,963,440","3,897,520",0.25
445290,KODEX 로봇액티브,20260824,459510,나우로보틱스,257.00,"3,811,310","3,811,310",0.25
445290,KODEX 로봇액티브,20260824,KRD010010001,원화현금,-,-,"43,169,304",2.80
445290,KODEX 로봇액티브,20260825,005930,삼성전자,542.00,"139,294,000","139,294,000",8.92
445290,KODEX 로봇액티브,20260825,108490,로보티즈,535.00,"132,412,500","136,425,000",8.74
445290,KODEX 로봇액티브,20260825,012330,현대모비스,248.00,"123,628,000","123,504,000",7.91
445290,KODEX 로봇액티브,20260825,066570,LG전자,592.00,"118,281,600","118,696,000",7.60
445290,KODEX 로봇액티브,20260825,277810,레인보우로보틱스,234.00,"104,013,000","106,353,000",6.81
445290,KODEX 로봇액티브,20260825,035420,NAVER,448.00,"100,128,000","98,784,000",6.33
445290,KODEX 로봇액티브,20260825,307950,현대오토에버,210.00,"96,075,000","95,760,000",6.14
445290,KODEX 로봇액티브,20260825,005380,현대차,190.00,"78,660,000","79,990,000",5.12
445290,KODEX 로봇액티브,20260825,454910,두산로보틱스,"1,102.00","76,809,400","77,360,400",4.96
445290,KODEX 로봇액티브,20260825,058610,에스피지,675.00,"63,450,000","65,137,500",4.17
445290,KODEX 로봇액티브,20260825,018260,삼성에스디에스,265.00,"60,420,000","60,155,000",3.85
445290,KODEX 로봇액티브,20260825,000660,SK하이닉스,35.00,"58,485,000","58,730,000",3.76
445290,KODEX 로봇액티브,20260825,011070,LG이노텍,69.00,"39,330,000","41,538,000",2.66
445290,KODEX 로봇액티브,20260825,267250,HD현대,192.00,"40,704,000","41,376,000",2.65
445290,KODEX 로봇액티브,20260825,348340,뉴로메카,"1,893.00","36,232,020","36,118,440",2.31
445290,KODEX 로봇액티브,20260825,030200,KT,539.00,"28,297,500","28,567,000",1.83
445290,KODEX 로봇액티브,20260825,466100,클로봇,981.00,"26,290,800","27,271,800",1.75
445290,KODEX 로봇액티브,20260825,388720,유일로보틱스,340.00,"22,610,000","22,882,000",1.47
445290,KODEX 로봇액티브,20260825,056080,유진로봇,"1,897.00","22,403,570","22,745,030",1.46
445290,KODEX 로봇액티브,20260825,030530,원익홀딩스,902.00,"17,363,500","17,769,400",1.14
445290,KODEX 로봇액티브,20260825,060280,큐렉소,"1,970.00","16,942,000","17,513,300",1.12
445290,KODEX 로봇액티브,20260825,098460,고영,545.00,"14,851,250","16,050,250",1.03
445290,KODEX 로봇액티브,20260825,437730,삼현,467.00,"15,014,050","15,948,050",1.02
445290,KODEX 로봇액티브,20260825,054950,제이브이엠,524.00,"12,733,200","12,759,400",0.82
445290,KODEX 로봇액티브,20260825,064350,현대로템,94.00,"12,614,800","12,558,400",0.80
445290,KODEX 로봇액티브,20260825,389500,에스비비테크,325.00,"11,878,750","12,528,750",0.80
445290,KODEX 로봇액티브,20260825,035720,카카오,239.00,"8,556,200","8,615,950",0.55
445290,KODEX 로봇액티브,20260825,455900,엔젤로보틱스,293.00,"5,889,300","6,109,050",0.39
445290,KODEX 로봇액티브,20260825,160190,하이젠알앤엠,249.00,"4,561,680","4,661,280",0.30
445290,KODEX 로봇액티브,20260825,090460,비에이치,261.00,"4,220,370","4,288,230",0.27
445290,KODEX 로봇액티브,20260825,464080,에스오에스랩,412.00,"3,897,520","4,255,960",0.27
445290,KODEX 로봇액티브,20260825,459510,나우로보틱스,257.00,"3,811,310","3,957,800",0.25
445290,KODEX 로봇액티브,20260825,KRD010010001,원화현금,-,-,"43,154,775",2.76
445290,KODEX 로봇액티브,20260826,005930,삼성전자,542.00,"139,294,000","141,733,000",9.22
445290,KODEX 로봇액티브,20260826,108490,로보티즈,535.00,"136,425,000","134,017,500",8.72
445290,KODEX 로봇액티브,20260826,066570,LG전자,592.00,"118,696,000","118,696,000",7.72
445290,KODEX 로봇액티브,20260826,012330,현대모비스,248.00,"123,504,000","115,072,000",7.49
445290,KODEX 로봇액티브,20260826,277810,레인보우로보틱스,234.00,"106,353,000","105,417,000",6.86
445290,KODEX 로봇액티브,20260826,035420,NAVER,448.00,"98,784,000","98,560,000",6.41
445290,KODEX 로봇액티브,20260826,307950,현대오토에버,210.00,"95,760,000","87,045,000",5.66
445290,KODEX 로봇액티브,20260826,454910,두산로보틱스,"1,102.00","77,360,400","79,123,600",5.15
445290,KODEX 로봇액티브,20260826,005380,현대차,190.00,"79,990,000","77,520,000",5.04
445290,KODEX 로봇액티브,20260826,058610,에스피지,675.00,"65,137,500","63,517,500",4.13
445290,KODEX 로봇액티브,20260826,018260,삼성에스디에스,265.00,"60,155,000","60,420,000",3.93
445290,KODEX 로봇액티브,20260826,000660,SK하이닉스,35.00,"58,730,000","59,080,000",3.84
445290,KODEX 로봇액티브,20260826,267250,HD현대,192.00,"41,376,000","41,664,000",2.71
445290,KODEX 로봇액티브,20260826,011070,LG이노텍,69.00,"41,538,000","40,227,000",2.62
445290,KODEX 로봇액티브,20260826,348340,뉴로메카,"1,893.00","36,118,440","36,061,650",2.35
445290,KODEX 로봇액티브,20260826,030200,KT,539.00,"28,567,000","28,728,700",1.87
445290,KODEX 로봇액티브,20260826,466100,클로봇,981.00,"27,271,800","26,585,100",1.73
445290,KODEX 로봇액티브,20260826,388720,유일로보틱스,340.00,"22,882,000","22,780,000",1.48
445290,KODEX 로봇액티브,20260826,056080,유진로봇,"1,897.00","22,745,030","22,650,180",1.47
445290,KODEX 로봇액티브,20260826,060280,큐렉소,"1,970.00","17,513,300","17,434,500",1.13
445290,KODEX 로봇액티브,20260826,030530,원익홀딩스,902.00,"17,769,400","17,354,480",1.13
445290,KODEX 로봇액티브,20260826,098460,고영,545.00,"16,050,250","15,614,250",1.02
445290,KODEX 로봇액티브,20260826,437730,삼현,467.00,"15,948,050","15,340,950",1.00
445290,KODEX 로봇액티브,20260826,064350,현대로템,94.00,"12,558,400","12,821,600",0.83
445290,KODEX 로봇액티브,20260826,054950,제이브이엠,524.00,"12,759,400","12,680,800",0.82
445290,KODEX 로봇액티브,20260826,389500,에스비비테크,325.00,"12,528,750","12,073,750",0.79
445290,KODEX 로봇액티브,20260826,035720,카카오,239.00,"8,615,950","8,687,650",0.57
445290,KODEX 로봇액티브,20260826,455900,엔젤로보틱스,293.00,"6,109,050","6,035,800",0.39
445290,KODEX 로봇액티브,20260826,160190,하이젠알앤엠,249.00,"4,661,280","4,633,890",0.30
445290,KODEX 로봇액티브,20260826,090460,비에이치,261.00,"4,288,230","4,444,830",0.29
445290,KODEX 로봇액티브,20260826,464080,에스오에스랩,412.00,"4,255,960","4,066,440",0.26
445290,KODEX 로봇액티브,20260826,459510,나우로보틱스,257.00,"3,957,800","3,885,840",0.25
445290,KODEX 로봇액티브,20260826,KRD010010001,원화현금,-,-,"43,136,792",2.81
445290,KODEX 로봇액티브,20260827,005930,삼성전자,542.00,"141,733,000","144,172,000",9.32
445290,KODEX 로봇액티브,20260827,108490,로보티즈,535.00,"134,017,500","136,425,000",8.82
445290,KODEX 로봇액티브,20260827,066570,LG전자,592.00,"118,696,000","117,393,600",7.59
445290,KODEX 로봇액티브,20260827,012330,현대모비스,248.00,"115,072,000","111,972,000",7.24
445290,KODEX 로봇액티브,20260827,277810,레인보우로보틱스,234.00,"105,417,000","110,214,000",7.12
445290,KODEX 로봇액티브,20260827,035420,NAVER,448.00,"98,560,000","96,992,000",6.27
445290,KODEX 로봇액티브,20260827,307950,현대오토에버,210.00,"87,045,000","86,835,000",5.61
445290,KODEX 로봇액티브,20260827,454910,두산로보틱스,"1,102.00","79,123,600","80,556,200",5.21
445290,KODEX 로봇액티브,20260827,005380,현대차,190.00,"77,520,000","75,620,000",4.89
445290,KODEX 로봇액티브,20260827,058610,에스피지,675.00,"63,517,500","63,585,000",4.11
445290,KODEX 로봇액티브,20260827,018260,삼성에스디에스,265.00,"60,420,000","62,010,000",4.01
445290,KODEX 로봇액티브,20260827,000660,SK하이닉스,35.00,"59,080,000","60,550,000",3.91
445290,KODEX 로봇액티브,20260827,267250,HD현대,192.00,"41,664,000","41,472,000",2.68
445290,KODEX 로봇액티브,20260827,011070,LG이노텍,69.00,"40,227,000","41,193,000",2.66
445290,KODEX 로봇액티브,20260827,348340,뉴로메카,"1,893.00","36,061,650","36,515,970",2.36
445290,KODEX 로봇액티브,20260827,030200,KT,539.00,"28,728,700","29,052,100",1.88
445290,KODEX 로봇액티브,20260827,466100,클로봇,981.00,"26,585,100","26,143,650",1.69
445290,KODEX 로봇액티브,20260827,388720,유일로보틱스,340.00,"22,780,000","23,256,000",1.50
445290,KODEX 로봇액티브,20260827,056080,유진로봇,"1,897.00","22,650,180","22,915,760",1.48
445290,KODEX 로봇액티브,20260827,030530,원익홀딩스,902.00,"17,354,480","18,265,500",1.18
445290,KODEX 로봇액티브,20260827,060280,큐렉소,"1,970.00","17,434,500","17,454,200",1.13
445290,KODEX 로봇액티브,20260827,098460,고영,545.00,"15,614,250","15,886,750",1.03
445290,KODEX 로봇액티브,20260827,437730,삼현,467.00,"15,340,950","15,411,000",1.00
445290,KODEX 로봇액티브,20260827,064350,현대로템,94.00,"12,821,600","13,028,400",0.84
445290,KODEX 로봇액티브,20260827,389500,에스비비테크,325.00,"12,073,750","12,723,750",0.82
445290,KODEX 로봇액티브,20260827,054950,제이브이엠,524.00,"12,680,800","12,471,200",0.81
445290,KODEX 로봇액티브,20260827,035720,카카오,239.00,"8,687,650","8,604,000",0.56
445290,KODEX 로봇액티브,20260827,455900,엔젤로보틱스,293.00,"6,035,800","6,094,400",0.39
445290,KODEX 로봇액티브,20260827,160190,하이젠알앤엠,249.00,"4,633,890","4,661,280",0.30
445290,KODEX 로봇액티브,20260827,090460,비에이치,261.00,"4,444,830","4,486,590",0.29
445290,KODEX 로봇액티브,20260827,464080,에스오에스랩,412.00,"4,066,440","4,045,840",0.26
445290,KODEX 로봇액티브,20260827,459510,나우로보틱스,257.00,"3,885,840","3,932,100",0.25
445290,KODEX 로봇액티브,20260827,KRD010010001,원화현금,-,-,"43,123,227",2.79
445290,KODEX 로봇액티브,20260828,005930,삼성전자,542.00,"144,172,000","139,294,000",9.10
445290,KODEX 로봇액티브,20260828,108490,로보티즈,535.00,"136,425,000","129,470,000",8.45
445290,KODEX 로봇액티브,20260828,066570,LG전자,592.00,"117,393,600","119,288,000",7.79
445290,KODEX 로봇액티브,20260828,012330,현대모비스,248.00,"111,972,000","111,724,000",7.30
445290,KODEX 로봇액티브,20260828,277810,레인보우로보틱스,234.00,"110,214,000","106,704,000",6.97
445290,KODEX 로봇액티브,20260828,035420,NAVER,448.00,"96,992,000","98,784,000",6.45
445290,KODEX 로봇액티브,20260828,307950,현대오토에버,210.00,"86,835,000","87,360,000",5.70
445290,KODEX 로봇액티브,20260828,454910,두산로보틱스,"1,102.00","80,556,200","78,903,200",5.15
445290,KODEX 로봇액티브,20260828,005380,현대차,190.00,"75,620,000","75,905,000",4.96
445290,KODEX 로봇액티브,20260828,018260,삼성에스디에스,265.00,"62,010,000","64,395,000",4.21
445290,KODEX 로봇액티브,20260828,058610,에스피지,675.00,"63,585,000","62,572,500",4.09
445290,KODEX 로봇액티브,20260828,000660,SK하이닉스,35.00,"60,550,000","57,855,000",3.78
445290,KODEX 로봇액티브,20260828,011070,LG이노텍,69.00,"41,193,000","42,159,000",2.75
445290,KODEX 로봇액티브,20260828,267250,HD현대,192.00,"41,472,000","41,856,000",2.73
445290,KODEX 로봇액티브,20260828,348340,뉴로메카,"1,893.00","36,515,970","35,929,140",2.35
445290,KODEX 로봇액티브,20260828,030200,KT,539.00,"29,052,100","29,375,500",1.92
445290,KODEX 로봇액티브,20260828,466100,클로봇,981.00,"26,143,650","25,113,600",1.64
445290,KODEX 로봇액티브,20260828,056080,유진로봇,"1,897.00","22,915,760","23,048,550",1.51
445290,KODEX 로봇액티브,20260828,388720,유일로보틱스,340.00,"23,256,000","22,780,000",1.49
445290,KODEX 로봇액티브,20260828,060280,큐렉소,"1,970.00","17,454,200","17,533,000",1.14
445290,KODEX 로봇액티브,20260828,030530,원익홀딩스,902.00,"18,265,500","17,210,160",1.12
445290,KODEX 로봇액티브,20260828,098460,고영,545.00,"15,886,750","15,641,500",1.02
445290,KODEX 로봇액티브,20260828,437730,삼현,467.00,"15,411,000","15,014,050",0.98
445290,KODEX 로봇액티브,20260828,064350,현대로템,94.00,"13,028,400","13,075,400",0.85
445290,KODEX 로봇액티브,20260828,054950,제이브이엠,524.00,"12,471,200","12,602,200",0.82
445290,KODEX 로봇액티브,20260828,389500,에스비비테크,325.00,"12,723,750","12,317,500",0.80
445290,KODEX 로봇액티브,20260828,035720,카카오,239.00,"8,604,000","8,807,150",0.58
445290,KODEX 로봇액티브,20260828,455900,엔젤로보틱스,293.00,"6,094,400","5,991,850",0.39
445290,KODEX 로봇액티브,20260828,160190,하이젠알앤엠,249.00,"4,661,280","4,564,170",0.30
445290,KODEX 로봇액티브,20260828,090460,비에이치,261.00,"4,486,590","4,463,100",0.29
445290,KODEX 로봇액티브,20260828,464080,에스오에스랩,412.00,"4,045,840","4,161,200",0.27
445290,KODEX 로봇액티브,20260828,459510,나우로보틱스,257.00,"3,932,100","3,829,300",0.25
445290,KODEX 로봇액티브,20260828,KRD010010001,원화현금,-,-,"43,596,899",2.85
410870,TIME K컬처액티브,20260824,257720,실리콘투,"1,911.00","91,059,150","94,498,950",9.62
410870,TIME K컬처액티브,20260824,214450,파마리서치,202.00,"80,901,000","84,032,000",8.56
410870,TIME K컬처액티브,20260824,145020,휴젤,285.00,"69,825,000","71,392,500",7.27
410870,TIME K컬처액티브,20260824,241710,코스메카코리아,472.00,"64,805,600","66,080,000",6.73
410870,TIME K컬처액티브,20260824,003230,삼양식품,42.00,"57,372,000","58,968,000",6.00
410870,TIME K컬처액티브,20260824,004370,농심,115.00,"49,737,500","52,382,500",5.33
410870,TIME K컬처액티브,20260824,263750,펄어비스,"1,566.00","50,425,200","50,425,200",5.13
410870,TIME K컬처액티브,20260824,036570,NC,221.00,"49,614,500","49,946,000",5.09
410870,TIME K컬처액티브,20260824,278470,에이피알,121.00,"46,585,000","49,549,500",5.05
410870,TIME K컬처액티브,20260824,259960,크래프톤,212.00,"47,064,000","47,488,000",4.84
410870,TIME K컬처액티브,20260824,041510,에스엠,575.00,"40,997,500","41,342,500",4.21
410870,TIME K컬처액티브,20260824,352820,하이브,236.00,"39,624,400","41,205,600",4.20
410870,TIME K컬처액티브,20260824,483650,달바글로벌,154.00,"33,341,000","35,805,000",3.65
410870,TIME K컬처액티브,20260824,226950,올릭스,339.00,"33,255,900","34,645,800",3.53
410870,TIME K컬처액티브,20260824,006730,서부T&D,"3,276.00","33,415,200","33,349,680",3.40
410870,TIME K컬처액티브,20260824,122870,와이지엔터테인먼트,841.00,"32,883,100","33,135,400",3.37
410870,TIME K컬처액티브,20260824,290650,엘앤씨바이오,500.00,"25,500,000","25,300,000",2.58
410870,TIME K컬처액티브,20260824,035900,JYP Ent.,558.00,"21,650,400","22,013,100",2.24
410870,TIME K컬처액티브,20260824,214150,클래시스,650.00,"20,897,500","21,710,000",2.21
410870,TIME K컬처액티브,20260824,001040,CJ,149.00,"18,073,700","18,952,800",1.93
410870,TIME K컬처액티브,20260824,462870,시프트업,542.00,"17,235,600","17,235,600",1.75
410870,TIME K컬처액티브,20260824,035760,CJ ENM,500.00,"15,900,000","16,350,000",1.66
410870,TIME K컬처액티브,20260824,253450,스튜디오드래곤,504.00,"10,659,600","10,810,800",1.10
410870,TIME K컬처액티브,20260824,KRD010010001,원화현금,-,-,"5,467,126",0.56
410870,TIME K컬처액티브,20260825,257720,실리콘투,"1,911.00","94,498,950","99,180,900",10.00
410870,TIME K컬처액티브,20260825,214450,파마리서치,202.00,"84,032,000","83,729,000",8.44
410870,TIME K컬처액티브,20260825,145020,휴젤,285.00,"71,392,500","70,822,500",7.14
410870,TIME K컬처액티브,20260825,241710,코스메카코리아,472.00,"66,080,000","65,844,000",6.64
410870,TIME K컬처액티브,20260825,003230,삼양식품,42.00,"58,968,000","60,060,000",6.05
410870,TIME K컬처액티브,20260825,278470,에이피알,121.00,"49,549,500","53,300,500",5.37
410870,TIME K컬처액티브,20260825,263750,펄어비스,"1,566.00","50,425,200","51,912,900",5.23
410870,TIME K컬처액티브,20260825,004370,농심,115.00,"52,382,500","51,865,000",5.23
410870,TIME K컬처액티브,20260825,036570,NC,221.00,"49,946,000","49,725,000",5.01
410870,TIME K컬처액티브,20260825,259960,크래프톤,212.00,"47,488,000","47,276,000",4.77
410870,TIME K컬처액티브,20260825,041510,에스엠,575.00,"41,342,500","41,457,500",4.18
410870,TIME K컬처액티브,20260825,352820,하이브,236.00,"41,205,600","40,639,200",4.10
410870,TIME K컬처액티브,20260825,483650,달바글로벌,154.00,"35,805,000","35,882,000",3.62
410870,TIME K컬처액티브,20260825,006730,서부T&D,"3,276.00","33,349,680","35,184,240",3.55
410870,TIME K컬처액티브,20260825,226950,올릭스,339.00,"34,645,800","34,035,600",3.43
410870,TIME K컬처액티브,20260825,122870,와이지엔터테인먼트,841.00,"33,135,400","33,051,300",3.33
410870,TIME K컬처액티브,20260825,290650,엘앤씨바이오,500.00,"25,300,000","26,150,000",2.64
410870,TIME K컬처액티브,20260825,035900,JYP Ent.,558.00,"22,013,100","21,957,300",2.21
410870,TIME K컬처액티브,20260825,214150,클래시스,650.00,"21,710,000","21,125,000",2.13
410870,TIME K컬처액티브,20260825,001040,CJ,149.00,"18,952,800","19,101,800",1.93
410870,TIME K컬처액티브,20260825,462870,시프트업,542.00,"17,235,600","17,371,100",1.75
410870,TIME K컬처액티브,20260825,035760,CJ ENM,500.00,"16,350,000","16,300,000",1.64
410870,TIME K컬처액티브,20260825,253450,스튜디오드래곤,504.00,"10,810,800","10,735,200",1.08
410870,TIME K컬처액티브,20260825,KRD010010001,원화현금,-,-,"5,316,452",0.54
410870,TIME K컬처액티브,20260826,257720,실리콘투,"1,911.00","99,180,900","98,989,800",9.81
410870,TIME K컬처액티브,20260826,214450,파마리서치,202.00,"83,729,000","89,284,000",8.84
410870,TIME K컬처액티브,20260826,145020,휴젤,285.00,"70,822,500","71,392,500",7.07
410870,TIME K컬처액티브,20260826,241710,코스메카코리아,472.00,"65,844,000","65,466,400",6.49
410870,TIME K컬처액티브,20260826,003230,삼양식품,42.00,"60,060,000","63,294,000",6.27
410870,TIME K컬처액티브,20260826,278470,에이피알,121.00,"53,300,500","53,482,000",5.30
410870,TIME K컬처액티브,20260826,004370,농심,115.00,"51,865,000","52,785,000",5.23
410870,TIME K컬처액티브,20260826,263750,펄어비스,"1,566.00","51,912,900","50,816,700",5.03
410870,TIME K컬처액티브,20260826,036570,NC,221.00,"49,725,000","50,056,500",4.96
410870,TIME K컬처액티브,20260826,259960,크래프톤,212.00,"47,276,000","48,336,000",4.79
410870,TIME K컬처액티브,20260826,041510,에스엠,575.00,"41,457,500","44,275,000",4.39
410870,TIME K컬처액티브,20260826,352820,하이브,236.00,"40,639,200","42,267,600",4.19
410870,TIME K컬처액티브,20260826,006730,서부T&D,"3,276.00","35,184,240","36,461,880",3.61
410870,TIME K컬처액티브,20260826,483650,달바글로벌,154.00,"35,882,000","35,651,000",3.53
410870,TIME K컬처액티브,20260826,122870,와이지엔터테인먼트,841.00,"33,051,300","34,144,600",3.38
410870,TIME K컬처액티브,20260826,226950,올릭스,339.00,"34,035,600","33,662,700",3.33
410870,TIME K컬처액티브,20260826,290650,엘앤씨바이오,500.00,"26,150,000","25,350,000",2.51
410870,TIME K컬처액티브,20260826,035900,JYP Ent.,558.00,"21,957,300","22,347,900",2.21
410870,TIME K컬처액티브,20260826,214150,클래시스,650.00,"21,125,000","20,702,500",2.05
410870,TIME K컬처액티브,20260826,001040,CJ,149.00,"19,101,800","19,489,200",1.93
410870,TIME K컬처액티브,20260826,462870,시프트업,542.00,"17,371,100","17,831,800",1.77
410870,TIME K컬처액티브,20260826,035760,CJ ENM,500.00,"16,300,000","16,725,000",1.66
410870,TIME K컬처액티브,20260826,253450,스튜디오드래곤,504.00,"10,735,200","11,037,600",1.09
410870,TIME K컬처액티브,20260826,KRD010010001,원화현금,-,-,"5,614,976",0.56
410870,TIME K컬처액티브,20260827,257720,실리콘투,"2,105.00","109,039,000","103,460,750",10.48
410870,TIME K컬처액티브,20260827,214450,파마리서치,202.00,"89,284,000","87,365,000",8.85
410870,TIME K컬처액티브,20260827,003230,삼양식품,56.00,"84,392,000","82,880,000",8.40
410870,TIME K컬처액티브,20260827,241710,코스메카코리아,543.00,"75,314,100","75,477,000",7.65
410870,TIME K컬처액티브,20260827,145020,휴젤,285.00,"71,392,500","69,967,500",7.09
410870,TIME K컬처액티브,20260827,278470,에이피알,143.00,"63,206,000","62,133,500",6.29
410870,TIME K컬처액티브,20260827,263750,펄어비스,"1,566.00","50,816,700","49,407,300",5.01
410870,TIME K컬처액티브,20260827,041510,에스엠,575.00,"44,275,000","42,895,000",4.35
410870,TIME K컬처액티브,20260827,352820,하이브,236.00,"42,267,600","42,126,000",4.27
410870,TIME K컬처액티브,20260827,004370,농심,93.00,"42,687,000","39,711,000",4.02
410870,TIME K컬처액티브,20260827,259960,크래프톤,168.00,"38,304,000","36,876,000",3.74
410870,TIME K컬처액티브,20260827,226950,올릭스,339.00,"33,662,700","35,527,200",3.60
410870,TIME K컬처액티브,20260827,483650,달바글로벌,154.00,"35,651,000","34,265,000",3.47
410870,TIME K컬처액티브,20260827,122870,와이지엔터테인먼트,841.00,"34,144,600","33,513,850",3.39
410870,TIME K컬처액티브,20260827,036570,NC,133.00,"30,124,500","29,659,000",3.00
410870,TIME K컬처액티브,20260827,006730,서부T&D,"2,352.00","26,177,760","25,707,360",2.60
410870,TIME K컬처액티브,20260827,290650,엘앤씨바이오,500.00,"25,350,000","25,200,000",2.55
410870,TIME K컬처액티브,20260827,035900,JYP Ent.,558.00,"22,347,900","22,180,500",2.25
410870,TIME K컬처액티브,20260827,214150,클래시스,650.00,"20,702,500","20,995,000",2.13
410870,TIME K컬처액티브,20260827,001040,CJ,149.00,"19,489,200","18,863,400",1.91
410870,TIME K컬처액티브,20260827,462870,시프트업,542.00,"17,831,800","17,723,400",1.80
410870,TIME K컬처액티브,20260827,035760,CJ ENM,500.00,"16,725,000","16,325,000",1.65
410870,TIME K컬처액티브,20260827,253450,스튜디오드래곤,504.00,"11,037,600","10,936,800",1.11
410870,TIME K컬처액티브,20260827,KRD010010001,원화현금,-,-,"3,963,030",0.40
410870,TIME K컬처액티브,20260828,257720,실리콘투,"2,109.00","103,657,350","112,409,700",10.88
410870,TIME K컬처액티브,20260828,214450,파마리서치,202.00,"87,365,000","93,223,000",9.02
410870,TIME K컬처액티브,20260828,003230,삼양식품,56.00,"82,880,000","86,632,000",8.39
410870,TIME K컬처액티브,20260828,241710,코스메카코리아,543.00,"75,477,000","83,567,700",8.09
410870,TIME K컬처액티브,20260828,145020,휴젤,285.00,"69,967,500","73,815,000",7.14
410870,TIME K컬처액티브,20260828,278470,에이피알,143.00,"62,133,500","65,994,500",6.39
410870,TIME K컬처액티브,20260828,263750,펄어비스,"1,566.00","49,407,300","50,895,000",4.93
410870,TIME K컬처액티브,20260828,041510,에스엠,575.00,"42,895,000","43,585,000",4.22
410870,TIME K컬처액티브,20260828,352820,하이브,236.00,"42,126,000","42,480,000",4.11
410870,TIME K컬처액티브,20260828,004370,농심,93.00,"39,711,000","41,896,500",4.06
410870,TIME K컬처액티브,20260828,259960,크래프톤,168.00,"36,876,000","37,380,000",3.62
410870,TIME K컬처액티브,20260828,226950,올릭스,339.00,"35,527,200","35,900,100",3.47
410870,TIME K컬처액티브,20260828,483650,달바글로벌,154.00,"34,265,000","35,266,000",3.41
410870,TIME K컬처액티브,20260828,122870,와이지엔터테인먼트,841.00,"33,513,850","34,018,450",3.29
410870,TIME K컬처액티브,20260828,036570,NC,133.00,"29,659,000","29,925,000",2.90
410870,TIME K컬처액티브,20260828,290650,엘앤씨바이오,500.00,"25,200,000","26,450,000",2.56
410870,TIME K컬처액티브,20260828,006730,서부T&D,"2,352.00","25,707,360","26,224,800",2.54
410870,TIME K컬처액티브,20260828,035900,JYP Ent.,558.00,"22,180,500","22,375,800",2.17
410870,TIME K컬처액티브,20260828,214150,클래시스,650.00,"20,995,000","21,612,500",2.09
410870,TIME K컬처액티브,20260828,001040,CJ,149.00,"18,863,400","19,444,500",1.88
410870,TIME K컬처액티브,20260828,462870,시프트업,542.00,"17,723,400","17,831,800",1.73
410870,TIME K컬처액티브,20260828,035760,CJ ENM,500.00,"16,325,000","16,425,000",1.59
410870,TIME K컬처액티브,20260828,253450,스튜디오드래곤,504.00,"10,936,800","11,088,000",1.07
410870,TIME K컬처액티브,20260828,KRD010010001,원화현금,-,-,"4,661,813",0.45
385510,KODEX 신재생에너지액티브,20260824,010060,OCI홀딩스,521.00,"138,065,000","140,149,000",7.51
385510,KODEX 신재생에너지액티브,20260824,006400,삼성SDI,241.00,"115,198,000","124,115,000",6.65
385510,KODEX 신재생에너지액티브,20260824,475150,SK이터닉스,"2,311.00","118,554,300","122,945,200",6.59
385510,KODEX 신재생에너지액티브,20260824,009830,한화솔루션,"3,671.00","117,655,550","118,022,650",6.32
385510,KODEX 신재생에너지액티브,20260824,322000,HD현대에너지솔루션,780.00,"97,812,000","97,344,000",5.21
385510,KODEX 신재생에너지액티브,20260824,112610,씨에스윈드,"2,034.00","94,682,700","95,903,100",5.14
385510,KODEX 신재생에너지액티브,20260824,178320,서진시스템,"1,933.00","70,071,250","73,743,950",3.95
385510,KODEX 신재생에너지액티브,20260824,373220,LG에너지솔루션,183.00,"62,860,500","66,246,000",3.55
385510,KODEX 신재생에너지액티브,20260824,100090,SK오션플랜트,"5,027.00","65,501,810","65,351,000",3.50
385510,KODEX 신재생에너지액티브,20260824,010120,LS ELECTRIC,314.00,"58,718,000","60,382,200",3.23
385510,KODEX 신재생에너지액티브,20260824,298040,효성중공업,21.00,"57,141,000","58,632,000",3.14
385510,KODEX 신재생에너지액티브,20260824,062040,산일전기,354.00,"58,339,200","58,445,400",3.13
385510,KODEX 신재생에너지액티브,20260824,126340,비나텍,872.00,"54,151,200","55,284,800",2.96
385510,KODEX 신재생에너지액티브,20260824,267260,HD현대일렉트릭,69.00,"49,542,000","49,680,000",2.66
385510,KODEX 신재생에너지액티브,20260824,003670,포스코퓨처엠,275.00,"42,597,500","46,997,500",2.52
385510,KODEX 신재생에너지액티브,20260824,006260,LS,140.00,"41,090,000","40,390,000",2.16
385510,KODEX 신재생에너지액티브,20260824,066970,엘앤에프,315.00,"32,917,500","38,304,000",2.05
385510,KODEX 신재생에너지액티브,20260824,083650,비에이치아이,576.00,"32,544,000","32,140,800",1.72
385510,KODEX 신재생에너지액티브,20260824,103590,일진전기,434.00,"28,470,400","28,687,400",1.54
385510,KODEX 신재생에너지액티브,20260824,100840,SNT에너지,"1,045.00","27,065,500","27,797,000",1.49
385510,KODEX 신재생에너지액티브,20260824,006340,대원전선,"2,135.00","28,288,750","27,498,800",1.47
385510,KODEX 신재생에너지액티브,20260824,006110,삼아알미늄,440.00,"21,186,000","25,828,000",1.38
385510,KODEX 신재생에너지액티브,20260824,044490,태웅,897.00,"25,250,550","25,116,000",1.35
385510,KODEX 신재생에너지액티브,20260824,119850,지엔씨에너지,437.00,"21,085,250","21,413,000",1.15
385510,KODEX 신재생에너지액티브,20260824,059090,미코,"1,231.00","21,234,750","21,296,300",1.14
385510,KODEX 신재생에너지액티브,20260824,107640,한중엔시에스,527.00,"17,153,850","19,077,400",1.02
385510,KODEX 신재생에너지액티브,20260824,082920,비츠로셀,620.00,"18,910,000","18,972,000",1.02
385510,KODEX 신재생에너지액티브,20260824,247540,에코프로비엠,149.00,"15,734,400","17,433,000",0.93
385510,KODEX 신재생에너지액티브,20260824,098070,한텍,690.00,"16,318,500","16,560,000",0.89
385510,KODEX 신재생에너지액티브,20260824,091580,상신이디피,840.00,"14,322,000","15,825,600",0.85
385510,KODEX 신재생에너지액티브,20260824,001430,세아베스틸지주,366.00,"14,402,100","15,298,800",0.82
385510,KODEX 신재생에너지액티브,20260824,000500,가온전선,91.00,"14,396,200","14,332,500",0.77
385510,KODEX 신재생에너지액티브,20260824,093370,후성,"1,138.00","13,587,720","13,906,360",0.74
385510,KODEX 신재생에너지액티브,20260824,089890,코세스,568.00,"12,524,400","13,035,600",0.70
385510,KODEX 신재생에너지액티브,20260824,114190,강원에너지,"1,498.00","12,283,600","12,777,940",0.68
385510,KODEX 신재생에너지액티브,20260824,389260,대명에너지,990.00,"12,553,200","12,622,500",0.68
385510,KODEX 신재생에너지액티브,20260824,281740,레이크머티리얼즈,"1,033.00","11,941,480","12,313,360",0.66
385510,KODEX 신재생에너지액티브,20260824,452280,한선엔지니어링,"1,176.00","11,654,160","12,265,680",0.66
385510,KODEX 신재생에너지액티브,20260824,365340,성일하이텍,291.00,"9,573,900","10,476,000",0.56
385510,KODEX 신재생에너지액티브,20260824,001440,대한전선,360.00,"9,594,000","9,612,000",0.51
385510,KODEX 신재생에너지액티브,20260824,171090,선익시스템,148.00,"9,605,200","9,472,000",0.51
385510,KODEX 신재생에너지액티브,20260824,450080,에코프로머티,224.00,"7,672,000","8,366,400",0.45
385510,KODEX 신재생에너지액티브,20260824,278280,천보,218.00,"7,379,300","7,935,200",0.43
385510,KODEX 신재생에너지액티브,20260824,001530,DI동일,282.00,"6,753,900","7,106,400",0.38
385510,KODEX 신재생에너지액티브,20260824,047040,대우건설,402.00,"6,403,860","6,335,520",0.34
385510,KODEX 신재생에너지액티브,20260824,213420,덕산네오룩스,190.00,"6,051,500","6,023,000",0.32
385510,KODEX 신재생에너지액티브,20260824,297090,씨에스베어링,"1,471.00","5,530,960","5,545,670",0.30
385510,KODEX 신재생에너지액티브,20260824,187790,나노,"1,721.00","5,145,790","5,033,925",0.27
385510,KODEX 신재생에너지액티브,20260824,060370,LS마린솔루션,143.00,"4,425,850","4,375,800",0.23
385510,KODEX 신재생에너지액티브,20260824,416180,신성에스티,189.00,"4,139,100","4,280,850",0.23
385510,KODEX 신재생에너지액티브,20260824,417200,LS머트리얼즈,365.00,"3,963,900","4,029,600",0.22
385510,KODEX 신재생에너지액티브,20260824,101970,우양에이치씨,373.00,"3,882,930","3,964,990",0.21
385510,KODEX 신재생에너지액티브,20260824,018000,유니슨,"3,881.00","3,725,760","3,702,474",0.20
385510,KODEX 신재생에너지액티브,20260824,036930,주성엔지니어링,20.00,"3,372,000","3,320,000",0.18
385510,KODEX 신재생에너지액티브,20260824,357580,아모센스,629.00,"3,270,800","3,270,800",0.18
385510,KODEX 신재생에너지액티브,20260824,096770,SK이노베이션,21.00,"2,620,800","2,732,100",0.15
385510,KODEX 신재생에너지액티브,20260824,034020,두산에너빌리티,32.00,"2,345,600","2,336,000",0.13
385510,KODEX 신재생에너지액티브,20260824,010950,S-Oil,16.00,"2,257,600","2,259,200",0.12
385510,KODEX 신재생에너지액티브,20260824,005380,현대차,5.00,"2,075,000","2,070,000",0.11
385510,KODEX 신재생에너지액티브,20260824,066570,LG전자,10.00,"1,945,000","1,998,000",0.11
385510,KODEX 신재생에너지액티브,20260824,012330,현대모비스,4.00,"1,984,000","1,994,000",0.11
385510,KODEX 신재생에너지액티브,20260824,005490,POSCO홀딩스,6.00,"1,860,000","1,965,000",0.11
385510,KODEX 신재생에너지액티브,20260824,028050,삼성E&A,36.00,"1,625,400","1,612,800",0.09
385510,KODEX 신재생에너지액티브,20260824,229640,LS에코에너지,34.00,"1,450,100","1,458,600",0.08
385510,KODEX 신재생에너지액티브,20260824,163280,에어레인,436.00,"1,384,300","1,377,760",0.07
385510,KODEX 신재생에너지액티브,20260824,010130,고려아연,1.00,"1,237,000","1,344,000",0.07
385510,KODEX 신재생에너지액티브,20260824,000270,기아,10.00,"1,309,000","1,315,000",0.07
385510,KODEX 신재생에너지액티브,20260824,014680,한솔케미칼,6.00,"1,206,000","1,230,000",0.07
385510,KODEX 신재생에너지액티브,20260824,199820,제일일렉트릭,149.00,"1,071,310","1,054,920",0.06
385510,KODEX 신재생에너지액티브,20260824,336260,두산퓨얼셀,26.00,"962,000","1,017,900",0.05
385510,KODEX 신재생에너지액티브,20260824,306200,세아제강,6.00,"831,000","828,000",0.04
385510,KODEX 신재생에너지액티브,20260824,051910,LG화학,3.00,"757,500","819,000",0.04
385510,KODEX 신재생에너지액티브,20260824,003030,세아제강지주,7.00,"702,100","706,300",0.04
385510,KODEX 신재생에너지액티브,20260824,051600,한전KPS,15.00,"657,000","662,250",0.04
385510,KODEX 신재생에너지액티브,20260824,000720,현대건설,6.00,"633,600","633,600",0.03
385510,KODEX 신재생에너지액티브,20260824,075580,세진중공업,57.00,"576,270","576,270",0.03
385510,KODEX 신재생에너지액티브,20260824,018880,한온시스템,156.00,"530,400","549,900",0.03
385510,KODEX 신재생에너지액티브,20260824,052690,한전기술,6.00,"549,000","541,800",0.03
385510,KODEX 신재생에너지액티브,20260824,005010,휴스틸,145.00,"522,725","528,525",0.03
385510,KODEX 신재생에너지액티브,20260824,092790,넥스틸,37.00,"436,230","439,560",0.02
385510,KODEX 신재생에너지액티브,20260824,005070,코스모신소재,11.00,"412,500","439,450",0.02
385510,KODEX 신재생에너지액티브,20260824,015760,한국전력,13.00,"412,750","409,500",0.02
385510,KODEX 신재생에너지액티브,20260824,KRD010010001,원화현금,-,-,"14,869,541",0.80
385510,KODEX 신재생에너지액티브,20260825,010060,OCI홀딩스,521.00,"140,149,000","143,275,000",7.50
385510,KODEX 신재생에너지액티브,20260825,475150,SK이터닉스,"2,311.00","122,945,200","127,567,200",6.68
385510,KODEX 신재생에너지액티브,20260825,006400,삼성SDI,241.00,"124,115,000","125,079,000",6.55
385510,KODEX 신재생에너지액티브,20260825,009830,한화솔루션,"3,671.00","118,022,650","118,756,850",6.22
385510,KODEX 신재생에너지액티브,20260825,322000,HD현대에너지솔루션,780.00,"97,344,000","105,378,000",5.52
385510,KODEX 신재생에너지액티브,20260825,112610,씨에스윈드,"2,034.00","95,903,100","97,733,700",5.12
385510,KODEX 신재생에너지액티브,20260825,178320,서진시스템,"1,933.00","73,743,950","74,227,200",3.89
385510,KODEX 신재생에너지액티브,20260825,100090,SK오션플랜트,"5,027.00","65,351,000","67,261,260",3.52
385510,KODEX 신재생에너지액티브,20260825,373220,LG에너지솔루션,183.00,"66,246,000","63,958,500",3.35
385510,KODEX 신재생에너지액티브,20260825,010120,LS ELECTRIC,314.00,"60,382,200","61,355,600",3.21
385510,KODEX 신재생에너지액티브,20260825,062040,산일전기,354.00,"58,445,400","59,932,200",3.14
385510,KODEX 신재생에너지액티브,20260825,298040,효성중공업,21.00,"58,632,000","57,855,000",3.03
385510,KODEX 신재생에너지액티브,20260825,126340,비나텍,872.00,"55,284,800","57,290,400",3.00
385510,KODEX 신재생에너지액티브,20260825,267260,HD현대일렉트릭,69.00,"49,680,000","49,611,000",2.60
385510,KODEX 신재생에너지액티브,20260825,003670,포스코퓨처엠,275.00,"46,997,500","46,145,000",2.42
385510,KODEX 신재생에너지액티브,20260825,006260,LS,140.00,"40,390,000","41,230,000",2.16
385510,KODEX 신재생에너지액티브,20260825,066970,엘앤에프,315.00,"38,304,000","37,926,000",1.99
385510,KODEX 신재생에너지액티브,20260825,083650,비에이치아이,576.00,"32,140,800","36,576,000",1.92
385510,KODEX 신재생에너지액티브,20260825,100840,SNT에너지,"1,045.00","27,797,000","29,312,250",1.53
385510,KODEX 신재생에너지액티브,20260825,103590,일진전기,434.00,"28,687,400","28,774,200",1.51
385510,KODEX 신재생에너지액티브,20260825,006340,대원전선,"2,135.00","27,498,800","28,459,550",1.49
385510,KODEX 신재생에너지액티브,20260825,044490,태웅,897.00,"25,116,000","27,627,600",1.45
385510,KODEX 신재생에너지액티브,20260825,006110,삼아알미늄,440.00,"25,828,000","26,356,000",1.38
385510,KODEX 신재생에너지액티브,20260825,059090,미코,"1,231.00","21,296,300","24,226,080",1.27
385510,KODEX 신재생에너지액티브,20260825,119850,지엔씨에너지,437.00,"21,413,000","22,243,300",1.16
385510,KODEX 신재생에너지액티브,20260825,082920,비츠로셀,620.00,"18,972,000","19,313,000",1.01
385510,KODEX 신재생에너지액티브,20260825,107640,한중엔시에스,527.00,"19,077,400","18,919,300",0.99
385510,KODEX 신재생에너지액티브,20260825,098070,한텍,690.00,"16,560,000","16,905,000",0.89
385510,KODEX 신재생에너지액티브,20260825,247540,에코프로비엠,149.00,"17,433,000","16,762,500",0.88
385510,KODEX 신재생에너지액티브,20260825,001430,세아베스틸지주,366.00,"15,298,800","16,250,400",0.85
385510,KODEX 신재생에너지액티브,20260825,091580,상신이디피,840.00,"15,825,600","15,783,600",0.83
385510,KODEX 신재생에너지액티브,20260825,000500,가온전선,91.00,"14,332,500","14,696,500",0.77
385510,KODEX 신재생에너지액티브,20260825,093370,후성,"1,138.00","13,906,360","14,179,480",0.74
385510,KODEX 신재생에너지액티브,20260825,114190,강원에너지,"1,498.00","12,777,940","13,886,460",0.73
385510,KODEX 신재생에너지액티브,20260825,089890,코세스,568.00,"13,035,600","13,575,200",0.71
385510,KODEX 신재생에너지액티브,20260825,389260,대명에너지,990.00,"12,622,500","13,246,200",0.69
385510,KODEX 신재생에너지액티브,20260825,452280,한선엔지니어링,"1,176.00","12,265,680","12,265,680",0.64
385510,KODEX 신재생에너지액티브,20260825,281740,레이크머티리얼즈,"1,033.00","12,313,360","12,220,390",0.64
385510,KODEX 신재생에너지액티브,20260825,365340,성일하이텍,291.00,"10,476,000","10,476,000",0.55
385510,KODEX 신재생에너지액티브,20260825,001440,대한전선,360.00,"9,612,000","9,900,000",0.52
385510,KODEX 신재생에너지액티브,20260825,171090,선익시스템,148.00,"9,472,000","9,590,400",0.50
385510,KODEX 신재생에너지액티브,20260825,450080,에코프로머티,224.00,"8,366,400","8,075,200",0.42
385510,KODEX 신재생에너지액티브,20260825,278280,천보,218.00,"7,935,200","7,902,500",0.41
385510,KODEX 신재생에너지액티브,20260825,047040,대우건설,402.00,"6,335,520","7,083,240",0.37
385510,KODEX 신재생에너지액티브,20260825,001530,DI동일,282.00,"7,106,400","6,937,200",0.36
385510,KODEX 신재생에너지액티브,20260825,213420,덕산네오룩스,190.00,"6,023,000","6,165,500",0.32
385510,KODEX 신재생에너지액티브,20260825,297090,씨에스베어링,"1,471.00","5,545,670","5,707,480",0.30
385510,KODEX 신재생에너지액티브,20260825,187790,나노,"1,721.00","5,033,925","5,145,790",0.27
385510,KODEX 신재생에너지액티브,20260825,060370,LS마린솔루션,143.00,"4,375,800","4,583,150",0.24
385510,KODEX 신재생에너지액티브,20260825,416180,신성에스티,189.00,"4,280,850","4,347,000",0.23
385510,KODEX 신재생에너지액티브,20260825,101970,우양에이치씨,373.00,"3,964,990","4,170,140",0.22
385510,KODEX 신재생에너지액티브,20260825,417200,LS머트리얼즈,365.00,"4,029,600","4,113,550",0.22
385510,KODEX 신재생에너지액티브,20260825,018000,유니슨,"3,881.00","3,702,474","3,803,380",0.20
385510,KODEX 신재생에너지액티브,20260825,036930,주성엔지니어링,20.00,"3,320,000","3,576,000",0.19
385510,KODEX 신재생에너지액티브,20260825,357580,아모센스,629.00,"3,270,800","3,346,280",0.18
385510,KODEX 신재생에너지액티브,20260825,096770,SK이노베이션,21.00,"2,732,100","2,625,000",0.14
385510,KODEX 신재생에너지액티브,20260825,034020,두산에너빌리티,32.00,"2,336,000","2,582,400",0.14
385510,KODEX 신재생에너지액티브,20260825,010950,S-Oil,16.00,"2,259,200","2,238,400",0.12
385510,KODEX 신재생에너지액티브,20260825,005380,현대차,5.00,"2,070,000","2,105,000",0.11
385510,KODEX 신재생에너지액티브,20260825,066570,LG전자,10.00,"1,998,000","2,005,000",0.10
385510,KODEX 신재생에너지액티브,20260825,005490,POSCO홀딩스,6.00,"1,965,000","1,992,000",0.10
385510,KODEX 신재생에너지액티브,20260825,012330,현대모비스,4.00,"1,994,000","1,992,000",0.10
385510,KODEX 신재생에너지액티브,20260825,028050,삼성E&A,36.00,"1,612,800","1,650,600",0.09
385510,KODEX 신재생에너지액티브,20260825,229640,LS에코에너지,34.00,"1,458,600","1,521,500",0.08
385510,KODEX 신재생에너지액티브,20260825,010130,고려아연,1.00,"1,344,000","1,427,000",0.07
385510,KODEX 신재생에너지액티브,20260825,163280,에어레인,436.00,"1,377,760","1,406,100",0.07
385510,KODEX 신재생에너지액티브,20260825,000270,기아,10.00,"1,315,000","1,349,000",0.07
385510,KODEX 신재생에너지액티브,20260825,014680,한솔케미칼,6.00,"1,230,000","1,230,000",0.06
385510,KODEX 신재생에너지액티브,20260825,336260,두산퓨얼셀,26.00,"1,017,900","1,101,100",0.06
385510,KODEX 신재생에너지액티브,20260825,199820,제일일렉트릭,149.00,"1,054,920","1,093,660",0.06
385510,KODEX 신재생에너지액티브,20260825,306200,세아제강,6.00,"828,000","819,600",0.04
385510,KODEX 신재생에너지액티브,20260825,051910,LG화학,3.00,"819,000","789,000",0.04
385510,KODEX 신재생에너지액티브,20260825,000720,현대건설,6.00,"633,600","727,800",0.04
385510,KODEX 신재생에너지액티브,20260825,003030,세아제강지주,7.00,"706,300","714,000",0.04
385510,KODEX 신재생에너지액티브,20260825,051600,한전KPS,15.00,"662,250","693,750",0.04
385510,KODEX 신재생에너지액티브,20260825,052690,한전기술,6.00,"541,800","651,600",0.03
385510,KODEX 신재생에너지액티브,20260825,075580,세진중공업,57.00,"576,270","601,350",0.03
385510,KODEX 신재생에너지액티브,20260825,018880,한온시스템,156.00,"549,900","549,900",0.03
385510,KODEX 신재생에너지액티브,20260825,005010,휴스틸,145.00,"528,525","544,475",0.03
385510,KODEX 신재생에너지액티브,20260825,092790,넥스틸,37.00,"439,560","447,700",0.02
385510,KODEX 신재생에너지액티브,20260825,005070,코스모신소재,11.00,"439,450","433,950",0.02
385510,KODEX 신재생에너지액티브,20260825,015760,한국전력,13.00,"409,500","425,100",0.02
385510,KODEX 신재생에너지액티브,20260825,KRD010010001,원화현금,-,-,"14,847,668",0.78
385510,KODEX 신재생에너지액티브,20260826,010060,OCI홀딩스,521.00,"143,275,000","143,535,500",7.41
385510,KODEX 신재생에너지액티브,20260826,475150,SK이터닉스,"2,311.00","127,567,200","124,562,900",6.43
385510,KODEX 신재생에너지액티브,20260826,006400,삼성SDI,241.00,"125,079,000","124,356,000",6.42
385510,KODEX 신재생에너지액티브,20260826,009830,한화솔루션,"3,671.00","118,756,850","120,775,900",6.24
385510,KODEX 신재생에너지액티브,20260826,322000,HD현대에너지솔루션,780.00,"105,378,000","110,682,000",5.71
385510,KODEX 신재생에너지액티브,20260826,112610,씨에스윈드,"2,034.00","97,733,700","101,700,000",5.25
385510,KODEX 신재생에너지액티브,20260826,178320,서진시스템,"1,933.00","74,227,200","71,907,600",3.71
385510,KODEX 신재생에너지액티브,20260826,100090,SK오션플랜트,"5,027.00","67,261,260","67,562,880",3.49
385510,KODEX 신재생에너지액티브,20260826,373220,LG에너지솔루션,183.00,"63,958,500","64,233,000",3.32
385510,KODEX 신재생에너지액티브,20260826,010120,LS ELECTRIC,314.00,"61,355,600","63,271,000",3.27
385510,KODEX 신재생에너지액티브,20260826,062040,산일전기,354.00,"59,932,200","62,622,600",3.23
385510,KODEX 신재생에너지액티브,20260826,298040,효성중공업,21.00,"57,855,000","58,737,000",3.03
385510,KODEX 신재생에너지액티브,20260826,126340,비나텍,872.00,"57,290,400","58,162,400",3.00
385510,KODEX 신재생에너지액티브,20260826,267260,HD현대일렉트릭,69.00,"49,611,000","50,577,000",2.61
385510,KODEX 신재생에너지액티브,20260826,003670,포스코퓨처엠,275.00,"46,145,000","46,392,500",2.40
385510,KODEX 신재생에너지액티브,20260826,006260,LS,140.00,"41,230,000","41,090,000",2.12
385510,KODEX 신재생에너지액티브,20260826,066970,엘앤에프,315.00,"37,926,000","38,493,000",1.99
385510,KODEX 신재생에너지액티브,20260826,083650,비에이치아이,576.00,"36,576,000","37,324,800",1.93
385510,KODEX 신재생에너지액티브,20260826,100840,SNT에너지,"1,045.00","29,312,250","33,805,750",1.75
385510,KODEX 신재생에너지액티브,20260826,103590,일진전기,434.00,"28,774,200","30,032,800",1.55
385510,KODEX 신재생에너지액티브,20260826,044490,태웅,897.00,"27,627,600","29,466,450",1.52
385510,KODEX 신재생에너지액티브,20260826,006340,대원전선,"2,135.00","28,459,550","29,100,050",1.50
385510,KODEX 신재생에너지액티브,20260826,006110,삼아알미늄,440.00,"26,356,000","25,872,000",1.34
385510,KODEX 신재생에너지액티브,20260826,059090,미코,"1,231.00","24,226,080","23,979,880",1.24
385510,KODEX 신재생에너지액티브,20260826,119850,지엔씨에너지,437.00,"22,243,300","22,549,200",1.16
385510,KODEX 신재생에너지액티브,20260826,082920,비츠로셀,620.00,"19,313,000","19,933,000",1.03
385510,KODEX 신재생에너지액티브,20260826,107640,한중엔시에스,527.00,"18,919,300","18,524,050",0.96
385510,KODEX 신재생에너지액티브,20260826,098070,한텍,690.00,"16,905,000","17,215,500",0.89
385510,KODEX 신재생에너지액티브,20260826,091580,상신이디피,840.00,"15,783,600","17,094,000",0.88
385510,KODEX 신재생에너지액티브,20260826,247540,에코프로비엠,149.00,"16,762,500","16,613,500",0.86
385510,KODEX 신재생에너지액티브,20260826,001430,세아베스틸지주,366.00,"16,250,400","15,701,400",0.81
385510,KODEX 신재생에너지액티브,20260826,000500,가온전선,91.00,"14,696,500","15,397,200",0.79
385510,KODEX 신재생에너지액티브,20260826,089890,코세스,568.00,"13,575,200","14,910,000",0.77
385510,KODEX 신재생에너지액티브,20260826,093370,후성,"1,138.00","14,179,480","14,145,340",0.73
385510,KODEX 신재생에너지액티브,20260826,114190,강원에너지,"1,498.00","13,886,460","13,826,540",0.71
385510,KODEX 신재생에너지액티브,20260826,389260,대명에너지,990.00,"13,246,200","13,592,700",0.70
385510,KODEX 신재생에너지액티브,20260826,452280,한선엔지니어링,"1,176.00","12,265,680","12,289,200",0.63
385510,KODEX 신재생에너지액티브,20260826,281740,레이크머티리얼즈,"1,033.00","12,220,390","12,117,090",0.63
385510,KODEX 신재생에너지액티브,20260826,365340,성일하이텍,291.00,"10,476,000","10,330,500",0.53
385510,KODEX 신재생에너지액티브,20260826,001440,대한전선,360.00,"9,900,000","10,152,000",0.52
385510,KODEX 신재생에너지액티브,20260826,171090,선익시스템,148.00,"9,590,400","9,768,000",0.50
385510,KODEX 신재생에너지액티브,20260826,450080,에코프로머티,224.00,"8,075,200","8,332,800",0.43
385510,KODEX 신재생에너지액티브,20260826,278280,천보,218.00,"7,902,500","7,913,400",0.41
385510,KODEX 신재생에너지액티브,20260826,047040,대우건설,402.00,"7,083,240","7,678,200",0.40
385510,KODEX 신재생에너지액티브,20260826,001530,DI동일,282.00,"6,937,200","6,753,900",0.35
385510,KODEX 신재생에너지액티브,20260826,213420,덕산네오룩스,190.00,"6,165,500","6,070,500",0.31
385510,KODEX 신재생에너지액티브,20260826,297090,씨에스베어링,"1,471.00","5,707,480","5,957,550",0.31
385510,KODEX 신재생에너지액티브,20260826,187790,나노,"1,721.00","5,145,790","5,154,395",0.27
385510,KODEX 신재생에너지액티브,20260826,060370,LS마린솔루션,143.00,"4,583,150","4,740,450",0.24
385510,KODEX 신재생에너지액티브,20260826,416180,신성에스티,189.00,"4,347,000","4,337,550",0.22
385510,KODEX 신재생에너지액티브,20260826,417200,LS머트리얼즈,365.00,"4,113,550","4,091,650",0.21
385510,KODEX 신재생에너지액티브,20260826,101970,우양에이치씨,373.00,"4,170,140","4,076,890",0.21
385510,KODEX 신재생에너지액티브,20260826,018000,유니슨,"3,881.00","3,803,380","4,028,478",0.21
385510,KODEX 신재생에너지액티브,20260826,036930,주성엔지니어링,20.00,"3,576,000","3,468,000",0.18
385510,KODEX 신재생에너지액티브,20260826,357580,아모센스,629.00,"3,346,280","3,333,700",0.17
385510,KODEX 신재생에너지액티브,20260826,034020,두산에너빌리티,32.00,"2,582,400","2,745,600",0.14
385510,KODEX 신재생에너지액티브,20260826,096770,SK이노베이션,21.00,"2,625,000","2,335,200",0.12
385510,KODEX 신재생에너지액티브,20260826,010950,S-Oil,16.00,"2,238,400","2,256,000",0.12
385510,KODEX 신재생에너지액티브,20260826,005380,현대차,5.00,"2,105,000","2,040,000",0.11
385510,KODEX 신재생에너지액티브,20260826,066570,LG전자,10.00,"2,005,000","2,005,000",0.10
385510,KODEX 신재생에너지액티브,20260826,005490,POSCO홀딩스,6.00,"1,992,000","1,968,000",0.10
385510,KODEX 신재생에너지액티브,20260826,012330,현대모비스,4.00,"1,992,000","1,856,000",0.10
385510,KODEX 신재생에너지액티브,20260826,028050,삼성E&A,36.00,"1,650,600","1,737,000",0.09
385510,KODEX 신재생에너지액티브,20260826,229640,LS에코에너지,34.00,"1,521,500","1,504,500",0.08
385510,KODEX 신재생에너지액티브,20260826,163280,에어레인,436.00,"1,406,100","1,484,580",0.08
385510,KODEX 신재생에너지액티브,20260826,010130,고려아연,1.00,"1,427,000","1,372,000",0.07
385510,KODEX 신재생에너지액티브,20260826,000270,기아,10.00,"1,349,000","1,314,000",0.07
385510,KODEX 신재생에너지액티브,20260826,014680,한솔케미칼,6.00,"1,230,000","1,215,000",0.06
385510,KODEX 신재생에너지액티브,20260826,336260,두산퓨얼셀,26.00,"1,101,100","1,183,000",0.06
385510,KODEX 신재생에너지액티브,20260826,199820,제일일렉트릭,149.00,"1,093,660","1,108,560",0.06
385510,KODEX 신재생에너지액티브,20260826,306200,세아제강,6.00,"819,600","829,200",0.04
385510,KODEX 신재생에너지액티브,20260826,051910,LG화학,3.00,"789,000","790,500",0.04
385510,KODEX 신재생에너지액티브,20260826,000720,현대건설,6.00,"727,800","782,400",0.04
385510,KODEX 신재생에너지액티브,20260826,052690,한전기술,6.00,"651,600","740,400",0.04
385510,KODEX 신재생에너지액티브,20260826,051600,한전KPS,15.00,"693,750","714,000",0.04
385510,KODEX 신재생에너지액티브,20260826,003030,세아제강지주,7.00,"714,000","712,600",0.04
385510,KODEX 신재생에너지액티브,20260826,075580,세진중공업,57.00,"601,350","608,760",0.03
385510,KODEX 신재생에너지액티브,20260826,005010,휴스틸,145.00,"544,475","564,050",0.03
385510,KODEX 신재생에너지액티브,20260826,018880,한온시스템,156.00,"549,900","553,020",0.03
385510,KODEX 신재생에너지액티브,20260826,092790,넥스틸,37.00,"447,700","455,470",0.02
385510,KODEX 신재생에너지액티브,20260826,015760,한국전력,13.00,"425,100","452,400",0.02
385510,KODEX 신재생에너지액티브,20260826,005070,코스모신소재,11.00,"433,950","430,650",0.02
385510,KODEX 신재생에너지액티브,20260826,KRD010010001,원화현금,-,-,"14,825,338",0.77
385510,KODEX 신재생에너지액티브,20260827,010060,OCI홀딩스,521.00,"143,535,500","143,796,000",7.10
385510,KODEX 신재생에너지액티브,20260827,006400,삼성SDI,241.00,"124,356,000","137,129,000",6.77
385510,KODEX 신재생에너지액티브,20260827,475150,SK이터닉스,"2,311.00","124,562,900","128,953,800",6.37
385510,KODEX 신재생에너지액티브,20260827,009830,한화솔루션,"3,671.00","120,775,900","122,611,400",6.06
385510,KODEX 신재생에너지액티브,20260827,322000,HD현대에너지솔루션,780.00,"110,682,000","110,760,000",5.47
385510,KODEX 신재생에너지액티브,20260827,112610,씨에스윈드,"2,034.00","101,700,000","101,394,900",5.01
385510,KODEX 신재생에너지액티브,20260827,178320,서진시스템,"1,933.00","71,907,600","79,929,550",3.95
385510,KODEX 신재생에너지액티브,20260827,062040,산일전기,354.00,"62,622,600","71,331,000",3.52
385510,KODEX 신재생에너지액티브,20260827,100090,SK오션플랜트,"5,027.00","67,562,880","69,975,840",3.46
385510,KODEX 신재생에너지액티브,20260827,010120,LS ELECTRIC,314.00,"63,271,000","68,923,000",3.40
385510,KODEX 신재생에너지액티브,20260827,373220,LG에너지솔루션,183.00,"64,233,000","67,801,500",3.35
385510,KODEX 신재생에너지액티브,20260827,298040,효성중공업,21.00,"58,737,000","64,659,000",3.19
385510,KODEX 신재생에너지액티브,20260827,126340,비나텍,872.00,"58,162,400","58,685,600",2.90
385510,KODEX 신재생에너지액티브,20260827,267260,HD현대일렉트릭,69.00,"50,577,000","56,649,000",2.80
385510,KODEX 신재생에너지액티브,20260827,003670,포스코퓨처엠,275.00,"46,392,500","50,600,000",2.50
385510,KODEX 신재생에너지액티브,20260827,006260,LS,140.00,"41,090,000","43,820,000",2.16
385510,KODEX 신재생에너지액티브,20260827,066970,엘앤에프,315.00,"38,493,000","40,887,000",2.02
385510,KODEX 신재생에너지액티브,20260827,083650,비에이치아이,576.00,"37,324,800","36,864,000",1.82
385510,KODEX 신재생에너지액티브,20260827,100840,SNT에너지,"1,045.00","33,805,750","33,858,000",1.67
385510,KODEX 신재생에너지액티브,20260827,103590,일진전기,434.00,"30,032,800","32,593,400",1.61
385510,KODEX 신재생에너지액티브,20260827,006340,대원전선,"2,135.00","29,100,050","30,188,900",1.49
385510,KODEX 신재생에너지액티브,20260827,044490,태웅,897.00,"29,466,450","29,466,450",1.46
385510,KODEX 신재생에너지액티브,20260827,006110,삼아알미늄,440.00,"25,872,000","28,336,000",1.40
385510,KODEX 신재생에너지액티브,20260827,059090,미코,"1,231.00","23,979,880","23,782,920",1.17
385510,KODEX 신재생에너지액티브,20260827,119850,지엔씨에너지,437.00,"22,549,200","21,981,100",1.09
385510,KODEX 신재생에너지액티브,20260827,107640,한중엔시에스,527.00,"18,524,050","21,554,300",1.06
385510,KODEX 신재생에너지액티브,20260827,000500,가온전선,91.00,"15,397,200","19,246,500",0.95
385510,KODEX 신재생에너지액티브,20260827,091580,상신이디피,840.00,"17,094,000","18,858,000",0.93
385510,KODEX 신재생에너지액티브,20260827,082920,비츠로셀,620.00,"19,933,000","18,104,000",0.89
385510,KODEX 신재생에너지액티브,20260827,247540,에코프로비엠,149.00,"16,613,500","17,582,000",0.87
385510,KODEX 신재생에너지액티브,20260827,098070,한텍,690.00,"17,215,500","17,319,000",0.86
385510,KODEX 신재생에너지액티브,20260827,001430,세아베스틸지주,366.00,"15,701,400","15,902,700",0.79
385510,KODEX 신재생에너지액티브,20260827,093370,후성,"1,138.00","14,145,340","14,862,280",0.73
385510,KODEX 신재생에너지액티브,20260827,089890,코세스,568.00,"14,910,000","14,569,200",0.72
385510,KODEX 신재생에너지액티브,20260827,114190,강원에너지,"1,498.00","13,826,540","14,036,260",0.69
385510,KODEX 신재생에너지액티브,20260827,389260,대명에너지,990.00,"13,592,700","13,572,900",0.67
385510,KODEX 신재생에너지액티브,20260827,281740,레이크머티리얼즈,"1,033.00","12,117,090","12,602,600",0.62
385510,KODEX 신재생에너지액티브,20260827,452280,한선엔지니어링,"1,176.00","12,289,200","12,230,400",0.60
385510,KODEX 신재생에너지액티브,20260827,001440,대한전선,360.00,"10,152,000","10,728,000",0.53
385510,KODEX 신재생에너지액티브,20260827,365340,성일하이텍,291.00,"10,330,500","10,694,250",0.53
385510,KODEX 신재생에너지액티브,20260827,171090,선익시스템,148.00,"9,768,000","10,108,400",0.50
385510,KODEX 신재생에너지액티브,20260827,278280,천보,218.00,"7,913,400","8,894,400",0.44
385510,KODEX 신재생에너지액티브,20260827,450080,에코프로머티,224.00,"8,332,800","8,657,600",0.43
385510,KODEX 신재생에너지액티브,20260827,047040,대우건설,402.00,"7,678,200","8,040,000",0.40
385510,KODEX 신재생에너지액티브,20260827,001530,DI동일,282.00,"6,753,900","7,148,700",0.35
385510,KODEX 신재생에너지액티브,20260827,213420,덕산네오룩스,190.00,"6,070,500","6,146,500",0.30
385510,KODEX 신재생에너지액티브,20260827,297090,씨에스베어링,"1,471.00","5,957,550","5,898,710",0.29
385510,KODEX 신재생에너지액티브,20260827,187790,나노,"1,721.00","5,154,395","5,094,160",0.25
385510,KODEX 신재생에너지액티브,20260827,060370,LS마린솔루션,143.00,"4,740,450","4,926,350",0.24
385510,KODEX 신재생에너지액티브,20260827,416180,신성에스티,189.00,"4,337,550","4,772,250",0.24
385510,KODEX 신재생에너지액티브,20260827,018000,유니슨,"3,881.00","4,028,478","4,424,340",0.22
385510,KODEX 신재생에너지액티브,20260827,417200,LS머트리얼즈,365.00,"4,091,650","4,285,100",0.21
385510,KODEX 신재생에너지액티브,20260827,101970,우양에이치씨,373.00,"4,076,890","4,039,590",0.20
385510,KODEX 신재생에너지액티브,20260827,036930,주성엔지니어링,20.00,"3,468,000","3,582,000",0.18
385510,KODEX 신재생에너지액티브,20260827,357580,아모센스,629.00,"3,333,700","3,314,830",0.16
385510,KODEX 신재생에너지액티브,20260827,034020,두산에너빌리티,32.00,"2,745,600","2,748,800",0.14
385510,KODEX 신재생에너지액티브,20260827,096770,SK이노베이션,21.00,"2,335,200","2,352,000",0.12
385510,KODEX 신재생에너지액티브,20260827,010950,S-Oil,16.00,"2,256,000","2,187,200",0.11
385510,KODEX 신재생에너지액티브,20260827,005490,POSCO홀딩스,6.00,"1,968,000","2,037,000",0.10
385510,KODEX 신재생에너지액티브,20260827,005380,현대차,5.00,"2,040,000","1,990,000",0.10
385510,KODEX 신재생에너지액티브,20260827,066570,LG전자,10.00,"2,005,000","1,983,000",0.10
385510,KODEX 신재생에너지액티브,20260827,012330,현대모비스,4.00,"1,856,000","1,806,000",0.09
385510,KODEX 신재생에너지액티브,20260827,028050,삼성E&A,36.00,"1,737,000","1,803,600",0.09
385510,KODEX 신재생에너지액티브,20260827,229640,LS에코에너지,34.00,"1,504,500","1,645,600",0.08
385510,KODEX 신재생에너지액티브,20260827,163280,에어레인,436.00,"1,484,580","1,493,300",0.07
385510,KODEX 신재생에너지액티브,20260827,010130,고려아연,1.00,"1,372,000","1,372,000",0.07
385510,KODEX 신재생에너지액티브,20260827,000270,기아,10.00,"1,314,000","1,261,000",0.06
385510,KODEX 신재생에너지액티브,20260827,014680,한솔케미칼,6.00,"1,215,000","1,236,000",0.06
385510,KODEX 신재생에너지액티브,20260827,336260,두산퓨얼셀,26.00,"1,183,000","1,175,200",0.06
385510,KODEX 신재생에너지액티브,20260827,199820,제일일렉트릭,149.00,"1,108,560","1,150,280",0.06
385510,KODEX 신재생에너지액티브,20260827,306200,세아제강,6.00,"829,200","833,400",0.04
385510,KODEX 신재생에너지액티브,20260827,051910,LG화학,3.00,"790,500","823,500",0.04
385510,KODEX 신재생에너지액티브,20260827,000720,현대건설,6.00,"782,400","775,800",0.04
385510,KODEX 신재생에너지액티브,20260827,052690,한전기술,6.00,"740,400","757,800",0.04
385510,KODEX 신재생에너지액티브,20260827,051600,한전KPS,15.00,"714,000","703,500",0.03
385510,KODEX 신재생에너지액티브,20260827,003030,세아제강지주,7.00,"712,600","697,900",0.03
385510,KODEX 신재생에너지액티브,20260827,075580,세진중공업,57.00,"608,760","610,470",0.03
385510,KODEX 신재생에너지액티브,20260827,005010,휴스틸,145.00,"564,050","561,150",0.03
385510,KODEX 신재생에너지액티브,20260827,018880,한온시스템,156.00,"553,020","542,880",0.03
385510,KODEX 신재생에너지액티브,20260827,092790,넥스틸,37.00,"455,470","465,830",0.02
385510,KODEX 신재생에너지액티브,20260827,005070,코스모신소재,11.00,"430,650","448,250",0.02
385510,KODEX 신재생에너지액티브,20260827,015760,한국전력,13.00,"452,400","441,350",0.02
385510,KODEX 신재생에너지액티브,20260827,KRD010010001,원화현금,-,-,"14,802,850",0.73
385510,KODEX 신재생에너지액티브,20260828,010060,OCI홀딩스,521.00,"143,796,000","143,014,500",7.10
385510,KODEX 신재생에너지액티브,20260828,006400,삼성SDI,241.00,"137,129,000","137,611,000",6.84
385510,KODEX 신재생에너지액티브,20260828,475150,SK이터닉스,"2,311.00","128,953,800","128,953,800",6.41
385510,KODEX 신재생에너지액티브,20260828,009830,한화솔루션,"3,671.00","122,611,400","123,896,250",6.15
385510,KODEX 신재생에너지액티브,20260828,322000,HD현대에너지솔루션,780.00,"110,760,000","106,080,000",5.27
385510,KODEX 신재생에너지액티브,20260828,112610,씨에스윈드,"2,034.00","101,394,900","100,479,600",4.99
385510,KODEX 신재생에너지액티브,20260828,178320,서진시스템,"1,933.00","79,929,550","75,290,350",3.74
385510,KODEX 신재생에너지액티브,20260828,062040,산일전기,354.00,"71,331,000","71,685,000",3.56
385510,KODEX 신재생에너지액티브,20260828,100090,SK오션플랜트,"5,027.00","69,975,840","69,523,410",3.45
385510,KODEX 신재생에너지액티브,20260828,373220,LG에너지솔루션,183.00,"67,801,500","67,710,000",3.36
385510,KODEX 신재생에너지액티브,20260828,010120,LS ELECTRIC,314.00,"68,923,000","67,353,000",3.35
385510,KODEX 신재생에너지액티브,20260828,298040,효성중공업,21.00,"64,659,000","66,213,000",3.29
385510,KODEX 신재생에너지액티브,20260828,267260,HD현대일렉트릭,69.00,"56,649,000","56,166,000",2.79
385510,KODEX 신재생에너지액티브,20260828,126340,비나텍,872.00,"58,685,600","55,459,200",2.75
385510,KODEX 신재생에너지액티브,20260828,003670,포스코퓨처엠,275.00,"50,600,000","51,232,500",2.54
385510,KODEX 신재생에너지액티브,20260828,006260,LS,140.00,"43,820,000","43,820,000",2.18
385510,KODEX 신재생에너지액티브,20260828,066970,엘앤에프,315.00,"40,887,000","42,462,000",2.11
385510,KODEX 신재생에너지액티브,20260828,083650,비에이치아이,576.00,"36,864,000","37,670,400",1.87
385510,KODEX 신재생에너지액티브,20260828,100840,SNT에너지,"1,045.00","33,858,000","33,962,500",1.69
385510,KODEX 신재생에너지액티브,20260828,103590,일진전기,434.00,"32,593,400","31,508,400",1.56
385510,KODEX 신재생에너지액티브,20260828,044490,태웅,897.00,"29,466,450","29,601,000",1.47
385510,KODEX 신재생에너지액티브,20260828,006110,삼아알미늄,440.00,"28,336,000","29,480,000",1.46
385510,KODEX 신재생에너지액티브,20260828,006340,대원전선,"2,135.00","30,188,900","29,057,350",1.44
385510,KODEX 신재생에너지액티브,20260828,059090,미코,"1,231.00","23,782,920","23,967,570",1.19
385510,KODEX 신재생에너지액티브,20260828,119850,지엔씨에너지,437.00,"21,981,100","22,811,400",1.13
385510,KODEX 신재생에너지액티브,20260828,107640,한중엔시에스,527.00,"21,554,300","21,870,500",1.09
385510,KODEX 신재생에너지액티브,20260828,091580,상신이디피,840.00,"18,858,000","18,900,000",0.94
385510,KODEX 신재생에너지액티브,20260828,000500,가온전선,91.00,"19,246,500","18,564,000",0.92
385510,KODEX 신재생에너지액티브,20260828,247540,에코프로비엠,149.00,"17,582,000","17,611,800",0.87
385510,KODEX 신재생에너지액티브,20260828,098070,한텍,690.00,"17,319,000","17,388,000",0.86
385510,KODEX 신재생에너지액티브,20260828,082920,비츠로셀,620.00,"18,104,000","17,205,000",0.85
385510,KODEX 신재생에너지액티브,20260828,001430,세아베스틸지주,366.00,"15,902,700","15,591,600",0.77
385510,KODEX 신재생에너지액티브,20260828,093370,후성,"1,138.00","14,862,280","14,247,760",0.71
385510,KODEX 신재생에너지액티브,20260828,114190,강원에너지,"1,498.00","14,036,260","13,616,820",0.68
385510,KODEX 신재생에너지액티브,20260828,389260,대명에너지,990.00,"13,572,900","13,553,100",0.67
385510,KODEX 신재생에너지액티브,20260828,089890,코세스,568.00,"14,569,200","13,348,000",0.66
385510,KODEX 신재생에너지액티브,20260828,281740,레이크머티리얼즈,"1,033.00","12,602,600","12,375,340",0.61
385510,KODEX 신재생에너지액티브,20260828,452280,한선엔지니어링,"1,176.00","12,230,400","12,218,640",0.61
385510,KODEX 신재생에너지액티브,20260828,365340,성일하이텍,291.00,"10,694,250","10,796,100",0.54
385510,KODEX 신재생에너지액티브,20260828,001440,대한전선,360.00,"10,728,000","10,692,000",0.53
385510,KODEX 신재생에너지액티브,20260828,171090,선익시스템,148.00,"10,108,400","10,596,800",0.53
385510,KODEX 신재생에너지액티브,20260828,278280,천보,218.00,"8,894,400","9,417,600",0.47
385510,KODEX 신재생에너지액티브,20260828,450080,에코프로머티,224.00,"8,657,600","8,612,800",0.43
385510,KODEX 신재생에너지액티브,20260828,047040,대우건설,402.00,"8,040,000","7,915,380",0.39
385510,KODEX 신재생에너지액티브,20260828,001530,DI동일,282.00,"7,148,700","7,910,100",0.39
385510,KODEX 신재생에너지액티브,20260828,213420,덕산네오룩스,190.00,"6,146,500","6,118,000",0.30
385510,KODEX 신재생에너지액티브,20260828,297090,씨에스베어링,"1,471.00","5,898,710","5,986,970",0.30
385510,KODEX 신재생에너지액티브,20260828,187790,나노,"1,721.00","5,094,160","5,128,580",0.25
385510,KODEX 신재생에너지액티브,20260828,416180,신성에스티,189.00,"4,772,250","4,914,000",0.24
385510,KODEX 신재생에너지액티브,20260828,060370,LS마린솔루션,143.00,"4,926,350","4,833,400",0.24
385510,KODEX 신재생에너지액티브,20260828,018000,유니슨,"3,881.00","4,424,340","4,711,534",0.23
385510,KODEX 신재생에너지액티브,20260828,417200,LS머트리얼즈,365.00,"4,285,100","4,241,300",0.21
385510,KODEX 신재생에너지액티브,20260828,101970,우양에이치씨,373.00,"4,039,590","4,214,900",0.21
385510,KODEX 신재생에너지액티브,20260828,036930,주성엔지니어링,20.00,"3,582,000","3,536,000",0.18
385510,KODEX 신재생에너지액티브,20260828,357580,아모센스,629.00,"3,314,830","3,251,930",0.16
385510,KODEX 신재생에너지액티브,20260828,034020,두산에너빌리티,32.00,"2,748,800","2,822,400",0.14
385510,KODEX 신재생에너지액티브,20260828,096770,SK이노베이션,21.00,"2,352,000","2,454,900",0.12
385510,KODEX 신재생에너지액티브,20260828,010950,S-Oil,16.00,"2,187,200","2,387,200",0.12
385510,KODEX 신재생에너지액티브,20260828,005490,POSCO홀딩스,6.00,"2,037,000","2,025,000",0.10
385510,KODEX 신재생에너지액티브,20260828,066570,LG전자,10.00,"1,983,000","2,015,000",0.10
385510,KODEX 신재생에너지액티브,20260828,005380,현대차,5.00,"1,990,000","1,997,500",0.10
385510,KODEX 신재생에너지액티브,20260828,012330,현대모비스,4.00,"1,806,000","1,802,000",0.09
385510,KODEX 신재생에너지액티브,20260828,028050,삼성E&A,36.00,"1,803,600","1,755,000",0.09
385510,KODEX 신재생에너지액티브,20260828,229640,LS에코에너지,34.00,"1,645,600","1,560,600",0.08
385510,KODEX 신재생에너지액티브,20260828,163280,에어레인,436.00,"1,493,300","1,486,760",0.07
385510,KODEX 신재생에너지액티브,20260828,010130,고려아연,1.00,"1,372,000","1,375,000",0.07
385510,KODEX 신재생에너지액티브,20260828,000270,기아,10.00,"1,261,000","1,280,000",0.06
385510,KODEX 신재생에너지액티브,20260828,014680,한솔케미칼,6.00,"1,236,000","1,218,000",0.06
385510,KODEX 신재생에너지액티브,20260828,336260,두산퓨얼셀,26.00,"1,175,200","1,180,400",0.06
385510,KODEX 신재생에너지액티브,20260828,199820,제일일렉트릭,149.00,"1,150,280","1,139,850",0.06
385510,KODEX 신재생에너지액티브,20260828,306200,세아제강,6.00,"833,400","835,800",0.04
385510,KODEX 신재생에너지액티브,20260828,051910,LG화학,3.00,"823,500","831,000",0.04
385510,KODEX 신재생에너지액티브,20260828,000720,현대건설,6.00,"775,800","773,400",0.04
385510,KODEX 신재생에너지액티브,20260828,052690,한전기술,6.00,"757,800","734,400",0.04
385510,KODEX 신재생에너지액티브,20260828,003030,세아제강지주,7.00,"697,900","723,800",0.04
385510,KODEX 신재생에너지액티브,20260828,051600,한전KPS,15.00,"703,500","705,750",0.04
385510,KODEX 신재생에너지액티브,20260828,075580,세진중공업,57.00,"610,470","607,620",0.03
385510,KODEX 신재생에너지액티브,20260828,005010,휴스틸,145.00,"561,150","559,700",0.03
385510,KODEX 신재생에너지액티브,20260828,018880,한온시스템,156.00,"542,880","544,440",0.03
385510,KODEX 신재생에너지액티브,20260828,092790,넥스틸,37.00,"465,830","471,010",0.02
385510,KODEX 신재생에너지액티브,20260828,005070,코스모신소재,11.00,"448,250","444,400",0.02
385510,KODEX 신재생에너지액티브,20260828,015760,한국전력,13.00,"441,350","423,150",0.02
385510,KODEX 신재생에너지액티브,20260828,KRD010010001,원화현금,-,-,"14,791,649",0.73
422420,RISE 2차전지액티브,20260824,006400,삼성SDI,45.00,"21,510,000","23,175,000",17.48
422420,RISE 2차전지액티브,20260824,373220,LG에너지솔루션,35.00,"12,022,500","12,670,000",9.56
422420,RISE 2차전지액티브,20260824,003670,포스코퓨처엠,72.00,"11,152,800","12,304,800",9.28
422420,RISE 2차전지액티브,20260824,078600,대주전자재료,126.00,"10,445,400","11,037,600",8.33
422420,RISE 2차전지액티브,20260824,006260,LS,36.00,"10,566,000","10,386,000",7.83
422420,RISE 2차전지액티브,20260824,086520,에코프로,115.00,"9,395,500","10,108,500",7.62
422420,RISE 2차전지액티브,20260824,066970,엘앤에프,83.00,"8,673,500","10,092,800",7.61
422420,RISE 2차전지액티브,20260824,247540,에코프로비엠,81.00,"8,553,600","9,477,000",7.15
422420,RISE 2차전지액티브,20260824,096770,SK이노베이션,66.00,"8,236,800","8,586,600",6.48
422420,RISE 2차전지액티브,20260824,005490,POSCO홀딩스,23.00,"7,130,000","7,532,500",5.68
422420,RISE 2차전지액티브,20260824,357780,솔브레인,13.00,"4,238,000","4,290,000",3.24
422420,RISE 2차전지액티브,20260824,281740,레이크머티리얼즈,326.00,"3,768,560","3,885,920",2.93
422420,RISE 2차전지액티브,20260824,450080,에코프로머티,100.00,"3,425,000","3,735,000",2.82
422420,RISE 2차전지액티브,20260824,020150,롯데에너지머티리얼즈,77.00,"2,267,650","2,490,950",1.88
422420,RISE 2차전지액티브,20260824,093370,후성,162.00,"1,934,280","1,979,640",1.49
422420,RISE 2차전지액티브,20260824,KRD010010001,원화현금,-,-,"827,478",0.62
422420,RISE 2차전지액티브,20260825,006400,삼성SDI,45.00,"23,175,000","23,355,000",17.82
422420,RISE 2차전지액티브,20260825,373220,LG에너지솔루션,35.00,"12,670,000","12,232,500",9.33
422420,RISE 2차전지액티브,20260825,003670,포스코퓨처엠,72.00,"12,304,800","12,081,600",9.22
422420,RISE 2차전지액티브,20260825,006260,LS,38.00,"10,963,000","11,191,000",8.54
422420,RISE 2차전지액티브,20260825,078600,대주전자재료,126.00,"11,037,600","11,050,200",8.43
422420,RISE 2차전지액티브,20260825,086520,에코프로,115.00,"10,108,500","9,798,000",7.47
422420,RISE 2차전지액티브,20260825,066970,엘앤에프,77.00,"9,363,200","9,270,800",7.07
422420,RISE 2차전지액티브,20260825,247540,에코프로비엠,81.00,"9,477,000","9,112,500",6.95
422420,RISE 2차전지액티브,20260825,096770,SK이노베이션,66.00,"8,586,600","8,250,000",6.29
422420,RISE 2차전지액티브,20260825,005490,POSCO홀딩스,23.00,"7,532,500","7,636,000",5.83
422420,RISE 2차전지액티브,20260825,357780,솔브레인,13.00,"4,290,000","4,342,000",3.31
422420,RISE 2차전지액티브,20260825,281740,레이크머티리얼즈,326.00,"3,885,920","3,856,580",2.94
422420,RISE 2차전지액티브,20260825,450080,에코프로머티,100.00,"3,735,000","3,605,000",2.75
422420,RISE 2차전지액티브,20260825,020150,롯데에너지머티리얼즈,77.00,"2,490,950","2,460,150",1.88
422420,RISE 2차전지액티브,20260825,093370,후성,162.00,"1,979,640","2,018,520",1.54
422420,RISE 2차전지액티브,20260825,KRD010010001,원화현금,-,-,"820,316",0.63
422420,RISE 2차전지액티브,20260826,006400,삼성SDI,45.00,"23,355,000","23,220,000",17.83
422420,RISE 2차전지액티브,20260826,373220,LG에너지솔루션,35.00,"12,232,500","12,285,000",9.43
422420,RISE 2차전지액티브,20260826,003670,포스코퓨처엠,72.00,"12,081,600","12,146,400",9.33
422420,RISE 2차전지액티브,20260826,006260,LS,38.00,"11,191,000","11,153,000",8.56
422420,RISE 2차전지액티브,20260826,078600,대주전자재료,126.00,"11,050,200","10,848,600",8.33
422420,RISE 2차전지액티브,20260826,086520,에코프로,115.00,"9,798,000","10,005,000",7.68
422420,RISE 2차전지액티브,20260826,066970,엘앤에프,77.00,"9,270,800","9,409,400",7.22
422420,RISE 2차전지액티브,20260826,247540,에코프로비엠,81.00,"9,112,500","9,031,500",6.93
422420,RISE 2차전지액티브,20260826,005490,POSCO홀딩스,23.00,"7,636,000","7,544,000",5.79
422420,RISE 2차전지액티브,20260826,096770,SK이노베이션,66.00,"8,250,000","7,339,200",5.63
422420,RISE 2차전지액티브,20260826,357780,솔브레인,13.00,"4,342,000","4,290,000",3.29
422420,RISE 2차전지액티브,20260826,281740,레이크머티리얼즈,326.00,"3,856,580","3,823,980",2.94
422420,RISE 2차전지액티브,20260826,450080,에코프로머티,100.00,"3,605,000","3,720,000",2.86
422420,RISE 2차전지액티브,20260826,020150,롯데에너지머티리얼즈,77.00,"2,460,150","2,533,300",1.95
422420,RISE 2차전지액티브,20260826,093370,후성,162.00,"2,018,520","2,013,660",1.55
422420,RISE 2차전지액티브,20260826,KRD010010001,원화현금,-,-,"880,971",0.68
422420,RISE 2차전지액티브,20260827,006400,삼성SDI,45.00,"23,220,000","25,605,000",18.46
422420,RISE 2차전지액티브,20260827,003670,포스코퓨처엠,72.00,"12,146,400","13,248,000",9.55
422420,RISE 2차전지액티브,20260827,373220,LG에너지솔루션,35.00,"12,285,000","12,967,500",9.35
422420,RISE 2차전지액티브,20260827,006260,LS,38.00,"11,153,000","11,894,000",8.57
422420,RISE 2차전지액티브,20260827,078600,대주전자재료,126.00,"10,848,600","11,655,000",8.40
422420,RISE 2차전지액티브,20260827,086520,에코프로,115.00,"10,005,000","10,580,000",7.63
422420,RISE 2차전지액티브,20260827,066970,엘앤에프,77.00,"9,409,400","9,994,600",7.20
422420,RISE 2차전지액티브,20260827,247540,에코프로비엠,81.00,"9,031,500","9,558,000",6.89
422420,RISE 2차전지액티브,20260827,005490,POSCO홀딩스,23.00,"7,544,000","7,808,500",5.63
422420,RISE 2차전지액티브,20260827,096770,SK이노베이션,66.00,"7,339,200","7,392,000",5.33
422420,RISE 2차전지액티브,20260827,357780,솔브레인,13.00,"4,290,000","4,433,000",3.20
422420,RISE 2차전지액티브,20260827,281740,레이크머티리얼즈,326.00,"3,823,980","3,977,200",2.87
422420,RISE 2차전지액티브,20260827,450080,에코프로머티,100.00,"3,720,000","3,865,000",2.79
422420,RISE 2차전지액티브,20260827,020150,롯데에너지머티리얼즈,77.00,"2,533,300","2,710,400",1.95
422420,RISE 2차전지액티브,20260827,093370,후성,162.00,"2,013,660","2,115,720",1.52
422420,RISE 2차전지액티브,20260827,KRD010010001,원화현금,-,-,"932,362",0.67
422420,RISE 2차전지액티브,20260828,006400,삼성SDI,45.00,"25,605,000","25,695,000",18.48
422420,RISE 2차전지액티브,20260828,003670,포스코퓨처엠,72.00,"13,248,000","13,413,600",9.65
422420,RISE 2차전지액티브,20260828,373220,LG에너지솔루션,35.00,"12,967,500","12,950,000",9.32
422420,RISE 2차전지액티브,20260828,006260,LS,38.00,"11,894,000","11,894,000",8.56
422420,RISE 2차전지액티브,20260828,078600,대주전자재료,126.00,"11,655,000","11,566,800",8.32
422420,RISE 2차전지액티브,20260828,066970,엘앤에프,77.00,"9,994,600","10,379,600",7.47
422420,RISE 2차전지액티브,20260828,086520,에코프로,115.00,"10,580,000","10,373,000",7.46
422420,RISE 2차전지액티브,20260828,247540,에코프로비엠,81.00,"9,558,000","9,574,200",6.89
422420,RISE 2차전지액티브,20260828,005490,POSCO홀딩스,23.00,"7,808,500","7,762,500",5.58
422420,RISE 2차전지액티브,20260828,096770,SK이노베이션,66.00,"7,392,000","7,715,400",5.55
422420,RISE 2차전지액티브,20260828,357780,솔브레인,13.00,"4,433,000","4,504,500",3.24
422420,RISE 2차전지액티브,20260828,281740,레이크머티리얼즈,326.00,"3,977,200","3,905,480",2.81
422420,RISE 2차전지액티브,20260828,450080,에코프로머티,100.00,"3,865,000","3,845,000",2.77
422420,RISE 2차전지액티브,20260828,020150,롯데에너지머티리얼즈,77.00,"2,710,400","2,718,100",1.96
422420,RISE 2차전지액티브,20260828,093370,후성,162.00,"2,115,720","2,028,240",1.46
422420,RISE 2차전지액티브,20260828,KRD010010001,원화현금,-,-,"680,890",0.49
404120,TIME K신재생에너지액티브,20260824,006400,삼성SDI,459.00,"219,402,000","236,385,000",9.64
404120,TIME K신재생에너지액티브,20260824,009830,한화솔루션,"7,150.00","229,157,500","229,872,500",9.38
404120,TIME K신재생에너지액티브,20260824,112610,씨에스윈드,"4,181.00","194,625,550","197,134,150",8.04
404120,TIME K신재생에너지액티브,20260824,005930,삼성전자,720.00,"202,680,000","185,040,000",7.55
404120,TIME K신재생에너지액티브,20260824,000660,SK하이닉스,110.00,"190,300,000","183,810,000",7.50
404120,TIME K신재생에너지액티브,20260824,336260,두산퓨얼셀,"3,101.00","114,737,000","121,404,150",4.95
404120,TIME K신재생에너지액티브,20260824,022100,포스코DX,"5,740.00","111,987,400","118,244,000",4.82
404120,TIME K신재생에너지액티브,20260824,005380,현대차,263.00,"109,145,000","108,882,000",4.44
404120,TIME K신재생에너지액티브,20260824,100090,SK오션플랜트,"7,989.00","104,096,670","103,857,000",4.24
404120,TIME K신재생에너지액티브,20260824,009150,삼성전기,75.00,"98,700,000","98,850,000",4.03
404120,TIME K신재생에너지액티브,20260824,009540,HD한국조선해양,275.00,"95,837,500","97,212,500",3.97
404120,TIME K신재생에너지액티브,20260824,005490,POSCO홀딩스,250.00,"77,500,000","81,875,000",3.34
404120,TIME K신재생에너지액티브,20260824,000270,기아,600.00,"78,540,000","78,900,000",3.22
404120,TIME K신재생에너지액티브,20260824,012330,현대모비스,150.00,"74,400,000","74,775,000",3.05
404120,TIME K신재생에너지액티브,20260824,373220,LG에너지솔루션,200.00,"68,700,000","72,400,000",2.95
404120,TIME K신재생에너지액티브,20260824,010120,LS ELECTRIC,340.00,"63,580,000","65,382,000",2.67
404120,TIME K신재생에너지액티브,20260824,475150,SK이터닉스,"1,198.00","61,457,400","63,733,600",2.60
404120,TIME K신재생에너지액티브,20260824,034730,SK,95.00,"55,670,000","52,155,000",2.13
404120,TIME K신재생에너지액티브,20260824,078600,대주전자재료,588.00,"48,745,200","51,508,800",2.10
404120,TIME K신재생에너지액티브,20260824,083650,비에이치아이,758.00,"42,827,000","42,296,400",1.73
404120,TIME K신재생에너지액티브,20260824,006260,LS,130.00,"38,155,000","37,505,000",1.53
404120,TIME K신재생에너지액티브,20260824,010140,삼성중공업,"1,637.00","33,067,400","32,903,700",1.34
404120,TIME K신재생에너지액티브,20260824,010060,OCI홀딩스,111.00,"29,415,000","29,859,000",1.22
404120,TIME K신재생에너지액티브,20260824,051910,LG화학,100.00,"25,250,000","27,300,000",1.11
404120,TIME K신재생에너지액티브,20260824,103590,일진전기,400.00,"26,240,000","26,440,000",1.08
404120,TIME K신재생에너지액티브,20260824,010130,고려아연,17.00,"21,029,000","22,848,000",0.93
404120,TIME K신재생에너지액티브,20260824,KRD010010001,원화현금,-,-,"10,718,953",0.44
404120,TIME K신재생에너지액티브,20260825,006400,삼성SDI,459.00,"236,385,000","238,221,000",9.55
404120,TIME K신재생에너지액티브,20260825,009830,한화솔루션,"7,150.00","229,872,500","231,302,500",9.27
404120,TIME K신재생에너지액티브,20260825,112610,씨에스윈드,"4,181.00","197,134,150","200,897,050",8.06
404120,TIME K신재생에너지액티브,20260825,005930,삼성전자,720.00,"185,040,000","185,040,000",7.42
404120,TIME K신재생에너지액티브,20260825,000660,SK하이닉스,110.00,"183,810,000","184,580,000",7.40
404120,TIME K신재생에너지액티브,20260825,336260,두산퓨얼셀,"3,101.00","121,404,150","131,327,350",5.27
404120,TIME K신재생에너지액티브,20260825,022100,포스코DX,"5,740.00","118,244,000","119,966,000",4.81
404120,TIME K신재생에너지액티브,20260825,005380,현대차,263.00,"108,882,000","110,723,000",4.44
404120,TIME K신재생에너지액티브,20260825,100090,SK오션플랜트,"7,989.00","103,857,000","106,892,820",4.29
404120,TIME K신재생에너지액티브,20260825,009150,삼성전기,75.00,"98,850,000","102,150,000",4.10
404120,TIME K신재생에너지액티브,20260825,009540,HD한국조선해양,275.00,"97,212,500","99,687,500",4.00
404120,TIME K신재생에너지액티브,20260825,005490,POSCO홀딩스,250.00,"81,875,000","83,000,000",3.33
404120,TIME K신재생에너지액티브,20260825,000270,기아,600.00,"78,900,000","80,940,000",3.25
404120,TIME K신재생에너지액티브,20260825,012330,현대모비스,150.00,"74,775,000","74,700,000",3.00
404120,TIME K신재생에너지액티브,20260825,373220,LG에너지솔루션,200.00,"72,400,000","69,900,000",2.80
404120,TIME K신재생에너지액티브,20260825,010120,LS ELECTRIC,340.00,"65,382,000","66,436,000",2.66
404120,TIME K신재생에너지액티브,20260825,475150,SK이터닉스,"1,198.00","63,733,600","66,129,600",2.65
404120,TIME K신재생에너지액티브,20260825,034730,SK,95.00,"52,155,000","52,820,000",2.12
404120,TIME K신재생에너지액티브,20260825,078600,대주전자재료,588.00,"51,508,800","51,567,600",2.07
404120,TIME K신재생에너지액티브,20260825,083650,비에이치아이,758.00,"42,296,400","48,133,000",1.93
404120,TIME K신재생에너지액티브,20260825,006260,LS,130.00,"37,505,000","38,285,000",1.54
404120,TIME K신재생에너지액티브,20260825,010140,삼성중공업,"1,637.00","32,903,700","33,476,650",1.34
404120,TIME K신재생에너지액티브,20260825,010060,OCI홀딩스,111.00,"29,859,000","30,525,000",1.22
404120,TIME K신재생에너지액티브,20260825,103590,일진전기,400.00,"26,440,000","26,520,000",1.06
404120,TIME K신재생에너지액티브,20260825,051910,LG화학,100.00,"27,300,000","26,300,000",1.05
404120,TIME K신재생에너지액티브,20260825,010130,고려아연,17.00,"22,848,000","24,259,000",0.97
404120,TIME K신재생에너지액티브,20260825,KRD010010001,원화현금,-,-,"10,173,158",0.41
404120,TIME K신재생에너지액티브,20260826,006400,삼성SDI,459.00,"238,221,000","236,844,000",9.45
404120,TIME K신재생에너지액티브,20260826,009830,한화솔루션,"7,150.00","231,302,500","235,235,000",9.38
404120,TIME K신재생에너지액티브,20260826,112610,씨에스윈드,"4,181.00","200,897,050","209,050,000",8.34
404120,TIME K신재생에너지액티브,20260826,005930,삼성전자,720.00,"185,040,000","188,280,000",7.51
404120,TIME K신재생에너지액티브,20260826,000660,SK하이닉스,95.00,"159,410,000","160,360,000",6.40
404120,TIME K신재생에너지액티브,20260826,336260,두산퓨얼셀,"3,101.00","131,327,350","141,095,500",5.63
404120,TIME K신재생에너지액티브,20260826,022100,포스코DX,"5,740.00","119,966,000","118,818,000",4.74
404120,TIME K신재생에너지액티브,20260826,100090,SK오션플랜트,"7,989.00","106,892,820","107,372,160",4.28
404120,TIME K신재생에너지액티브,20260826,005380,현대차,263.00,"110,723,000","107,304,000",4.28
404120,TIME K신재생에너지액티브,20260826,009150,삼성전기,75.00,"102,150,000","99,750,000",3.98
404120,TIME K신재생에너지액티브,20260826,009540,HD한국조선해양,275.00,"99,687,500","99,137,500",3.95
404120,TIME K신재생에너지액티브,20260826,005490,POSCO홀딩스,250.00,"83,000,000","82,000,000",3.27
404120,TIME K신재생에너지액티브,20260826,000270,기아,600.00,"80,940,000","78,840,000",3.14
404120,TIME K신재생에너지액티브,20260826,373220,LG에너지솔루션,200.00,"69,900,000","70,200,000",2.80
404120,TIME K신재생에너지액티브,20260826,012330,현대모비스,150.00,"74,700,000","69,600,000",2.78
404120,TIME K신재생에너지액티브,20260826,010120,LS ELECTRIC,340.00,"66,436,000","68,510,000",2.73
404120,TIME K신재생에너지액티브,20260826,475150,SK이터닉스,"1,198.00","66,129,600","64,572,200",2.58
404120,TIME K신재생에너지액티브,20260826,034730,SK,95.00,"52,820,000","52,630,000",2.10
404120,TIME K신재생에너지액티브,20260826,034020,두산에너빌리티,600.00,"48,420,000","51,480,000",2.05
404120,TIME K신재생에너지액티브,20260826,078600,대주전자재료,588.00,"51,567,600","50,626,800",2.02
404120,TIME K신재생에너지액티브,20260826,083650,비에이치아이,758.00,"48,133,000","49,118,400",1.96
404120,TIME K신재생에너지액티브,20260826,006260,LS,130.00,"38,285,000","38,155,000",1.52
404120,TIME K신재생에너지액티브,20260826,010140,삼성중공업,"1,637.00","33,476,650","33,885,900",1.35
404120,TIME K신재생에너지액티브,20260826,010060,OCI홀딩스,111.00,"30,525,000","30,580,500",1.22
404120,TIME K신재생에너지액티브,20260826,051910,LG화학,100.00,"26,300,000","26,350,000",1.05
404120,TIME K신재생에너지액티브,20260826,010130,고려아연,17.00,"24,259,000","23,324,000",0.93
404120,TIME K신재생에너지액티브,20260826,KRD010010001,원화현금,-,-,"14,348,524",0.57
404120,TIME K신재생에너지액티브,20260827,006400,삼성SDI,459.00,"236,844,000","261,171,000",10.18
404120,TIME K신재생에너지액티브,20260827,009830,한화솔루션,"7,150.00","235,235,000","238,810,000",9.31
404120,TIME K신재생에너지액티브,20260827,112610,씨에스윈드,"4,181.00","209,050,000","208,422,850",8.12
404120,TIME K신재생에너지액티브,20260827,005930,삼성전자,720.00,"188,280,000","191,520,000",7.47
404120,TIME K신재생에너지액티브,20260827,000660,SK하이닉스,95.00,"160,360,000","164,350,000",6.41
404120,TIME K신재생에너지액티브,20260827,336260,두산퓨얼셀,"3,101.00","141,095,500","140,165,200",5.46
404120,TIME K신재생에너지액티브,20260827,022100,포스코DX,"5,740.00","118,818,000","121,401,000",4.73
404120,TIME K신재생에너지액티브,20260827,100090,SK오션플랜트,"7,989.00","107,372,160","111,206,880",4.33
404120,TIME K신재생에너지액티브,20260827,005380,현대차,263.00,"107,304,000","104,674,000",4.08
404120,TIME K신재생에너지액티브,20260827,009150,삼성전기,75.00,"99,750,000","103,875,000",4.05
404120,TIME K신재생에너지액티브,20260827,009540,HD한국조선해양,275.00,"99,137,500","99,137,500",3.86
404120,TIME K신재생에너지액티브,20260827,005490,POSCO홀딩스,250.00,"82,000,000","84,875,000",3.31
404120,TIME K신재생에너지액티브,20260827,000270,기아,600.00,"78,840,000","75,660,000",2.95
404120,TIME K신재생에너지액티브,20260827,010120,LS ELECTRIC,340.00,"68,510,000","74,630,000",2.91
404120,TIME K신재생에너지액티브,20260827,373220,LG에너지솔루션,200.00,"70,200,000","74,100,000",2.89
404120,TIME K신재생에너지액티브,20260827,012330,현대모비스,150.00,"69,600,000","67,725,000",2.64
404120,TIME K신재생에너지액티브,20260827,475150,SK이터닉스,"1,198.00","64,572,200","66,848,400",2.61
404120,TIME K신재생에너지액티브,20260827,078600,대주전자재료,588.00,"50,626,800","54,390,000",2.12
404120,TIME K신재생에너지액티브,20260827,034730,SK,95.00,"52,630,000","52,820,000",2.06
404120,TIME K신재생에너지액티브,20260827,034020,두산에너빌리티,600.00,"51,480,000","51,540,000",2.01
404120,TIME K신재생에너지액티브,20260827,083650,비에이치아이,758.00,"49,118,400","48,512,000",1.89
404120,TIME K신재생에너지액티브,20260827,006260,LS,130.00,"38,155,000","40,690,000",1.59
404120,TIME K신재생에너지액티브,20260827,010140,삼성중공업,"1,637.00","33,885,900","34,377,000",1.34
404120,TIME K신재생에너지액티브,20260827,010060,OCI홀딩스,111.00,"30,580,500","30,636,000",1.19
404120,TIME K신재생에너지액티브,20260827,051910,LG화학,100.00,"26,350,000","27,450,000",1.07
404120,TIME K신재생에너지액티브,20260827,010130,고려아연,17.00,"23,324,000","23,324,000",0.91
404120,TIME K신재생에너지액티브,20260827,KRD010010001,원화현금,-,-,"13,035,435",0.51
404120,TIME K신재생에너지액티브,20260828,006400,삼성SDI,459.00,"261,171,000","262,089,000",10.25
404120,TIME K신재생에너지액티브,20260828,009830,한화솔루션,"7,150.00","238,810,000","241,312,500",9.43
404120,TIME K신재생에너지액티브,20260828,005930,삼성전자,720.00,"191,520,000","185,040,000",7.23
404120,TIME K신재생에너지액티브,20260828,112610,씨에스윈드,"3,600.00","179,460,000","177,840,000",6.95
404120,TIME K신재생에너지액티브,20260828,000660,SK하이닉스,95.00,"164,350,000","157,035,000",6.14
404120,TIME K신재생에너지액티브,20260828,336260,두산퓨얼셀,"3,101.00","140,165,200","140,785,400",5.50
404120,TIME K신재생에너지액티브,20260828,022100,포스코DX,"5,740.00","121,401,000","122,836,000",4.80
404120,TIME K신재생에너지액티브,20260828,100090,SK오션플랜트,"7,989.00","111,206,880","110,487,870",4.32
404120,TIME K신재생에너지액티브,20260828,009150,삼성전기,75.00,"103,875,000","106,575,000",4.17
404120,TIME K신재생에너지액티브,20260828,005380,현대차,263.00,"104,674,000","105,068,500",4.11
404120,TIME K신재생에너지액티브,20260828,009540,HD한국조선해양,275.00,"99,137,500","97,487,500",3.81
404120,TIME K신재생에너지액티브,20260828,005490,POSCO홀딩스,250.00,"84,875,000","84,375,000",3.30
404120,TIME K신재생에너지액티브,20260828,000880,한화,600.00,"78,120,000","80,940,000",3.16
404120,TIME K신재생에너지액티브,20260828,373220,LG에너지솔루션,200.00,"74,100,000","74,000,000",2.89
404120,TIME K신재생에너지액티브,20260828,010120,LS ELECTRIC,340.00,"74,630,000","72,930,000",2.85
404120,TIME K신재생에너지액티브,20260828,012330,현대모비스,150.00,"67,725,000","67,575,000",2.64
404120,TIME K신재생에너지액티브,20260828,475150,SK이터닉스,"1,198.00","66,848,400","66,848,400",2.61
404120,TIME K신재생에너지액티브,20260828,078600,대주전자재료,588.00,"54,390,000","53,978,400",2.11
404120,TIME K신재생에너지액티브,20260828,034020,두산에너빌리티,600.00,"51,540,000","52,920,000",2.07
404120,TIME K신재생에너지액티브,20260828,034730,SK,95.00,"52,820,000","51,585,000",2.02
404120,TIME K신재생에너지액티브,20260828,083650,비에이치아이,758.00,"48,512,000","49,573,200",1.94
404120,TIME K신재생에너지액티브,20260828,006260,LS,130.00,"40,690,000","40,690,000",1.59
404120,TIME K신재생에너지액티브,20260828,010140,삼성중공업,"1,637.00","34,377,000","34,704,400",1.36
404120,TIME K신재생에너지액티브,20260828,010060,OCI홀딩스,111.00,"30,636,000","30,469,500",1.19
404120,TIME K신재생에너지액티브,20260828,051910,LG화학,100.00,"27,450,000","27,700,000",1.08
404120,TIME K신재생에너지액티브,20260828,066970,엘앤에프,200.00,"25,960,000","26,960,000",1.05
404120,TIME K신재생에너지액티브,20260828,010130,고려아연,17.00,"23,324,000","23,375,000",0.91
404120,TIME K신재생에너지액티브,20260828,KRD010010001,원화현금,-,-,"12,904,043",0.50
482030,KoAct 반도체&2차전지핵심소재액티브,20260824,357780,솔브레인,95.00,"30,970,000","31,350,000",7.02
482030,KoAct 반도체&2차전지핵심소재액티브,20260824,005290,동진쎄미켐,629.00,"25,851,900","26,418,000",5.92
482030,KoAct 반도체&2차전지핵심소재액티브,20260824,066970,엘앤에프,191.00,"19,959,500","23,225,600",5.20
482030,KoAct 반도체&2차전지핵심소재액티브,20260824,086520,에코프로,246.00,"20,098,200","21,623,400",4.84
482030,KoAct 반도체&2차전지핵심소재액티브,20260824,047050,포스코인터내셔널,373.00,"18,873,800","19,992,800",4.48
482030,KoAct 반도체&2차전지핵심소재액티브,20260824,003670,포스코퓨처엠,110.00,"17,039,000","18,799,000",4.21
482030,KoAct 반도체&2차전지핵심소재액티브,20260824,010060,OCI홀딩스,67.00,"17,755,000","18,023,000",4.04
482030,KoAct 반도체&2차전지핵심소재액티브,20260824,078600,대주전자재료,204.00,"16,911,600","17,870,400",4.00
482030,KoAct 반도체&2차전지핵심소재액티브,20260824,010130,고려아연,13.00,"16,081,000","17,472,000",3.91
482030,KoAct 반도체&2차전지핵심소재액티브,20260824,093370,후성,"1,338.00","15,975,720","16,350,360",3.66
482030,KoAct 반도체&2차전지핵심소재액티브,20260824,247540,에코프로비엠,134.00,"14,150,400","15,678,000",3.51
482030,KoAct 반도체&2차전지핵심소재액티브,20260824,102710,이엔에프테크놀로지,337.00,"15,097,600","14,996,500",3.36
482030,KoAct 반도체&2차전지핵심소재액티브,20260824,009150,삼성전기,11.00,"14,476,000","14,498,000",3.25
482030,KoAct 반도체&2차전지핵심소재액티브,20260824,353200,대덕전자,136.00,"14,184,800","14,225,600",3.19
482030,KoAct 반도체&2차전지핵심소재액티브,20260824,170920,엘티씨,403.00,"14,407,250","14,145,300",3.17
482030,KoAct 반도체&2차전지핵심소재액티브,20260824,014680,한솔케미칼,69.00,"13,869,000","14,145,000",3.17
482030,KoAct 반도체&2차전지핵심소재액티브,20260824,005490,POSCO홀딩스,43.00,"13,330,000","14,082,500",3.16
482030,KoAct 반도체&2차전지핵심소재액티브,20260824,051910,LG화학,45.00,"11,362,500","12,285,000",2.75
482030,KoAct 반도체&2차전지핵심소재액티브,20260824,104830,원익머트리얼즈,375.00,"12,337,500","12,281,250",2.75
482030,KoAct 반도체&2차전지핵심소재액티브,20260824,281740,레이크머티리얼즈,860.00,"9,941,600","10,251,200",2.30
482030,KoAct 반도체&2차전지핵심소재액티브,20260824,229640,LS에코에너지,217.00,"9,255,050","9,309,300",2.09
482030,KoAct 반도체&2차전지핵심소재액티브,20260824,007660,이수페타시스,87.00,"8,639,100","8,752,200",1.96
482030,KoAct 반도체&2차전지핵심소재액티브,20260824,074600,원익QnC,322.00,"8,468,600","8,404,200",1.88
482030,KoAct 반도체&2차전지핵심소재액티브,20260824,482630,삼양엔씨켐,576.00,"7,511,040","7,574,400",1.70
482030,KoAct 반도체&2차전지핵심소재액티브,20260824,388210,씨엠티엑스,87.00,"6,046,500","6,090,000",1.36
482030,KoAct 반도체&2차전지핵심소재액티브,20260824,101490,에스앤에스텍,146.00,"5,934,900","5,971,400",1.34
482030,KoAct 반도체&2차전지핵심소재액티브,20260824,166090,하나머티리얼즈,115.00,"6,141,000","5,853,500",1.31
482030,KoAct 반도체&2차전지핵심소재액티브,20260824,036810,에프에스티,259.00,"5,866,350","5,853,400",1.31
482030,KoAct 반도체&2차전지핵심소재액티브,20260824,213420,덕산네오룩스,174.00,"5,541,900","5,515,800",1.24
482030,KoAct 반도체&2차전지핵심소재액티브,20260824,080580,오킨스전자,300.00,"5,010,000","4,851,000",1.09
482030,KoAct 반도체&2차전지핵심소재액티브,20260824,001430,세아베스틸지주,108.00,"4,249,800","4,514,400",1.01
482030,KoAct 반도체&2차전지핵심소재액티브,20260824,020150,롯데에너지머티리얼즈,110.00,"3,239,500","3,558,500",0.80
482030,KoAct 반도체&2차전지핵심소재액티브,20260824,004710,한솔테크닉스,518.00,"3,553,480","3,512,040",0.79
482030,KoAct 반도체&2차전지핵심소재액티브,20260824,456040,OCI,33.00,"2,643,300","2,646,600",0.59
482030,KoAct 반도체&2차전지핵심소재액티브,20260824,004560,현대비앤지스틸,202.00,"2,278,560","2,300,780",0.52
482030,KoAct 반도체&2차전지핵심소재액티브,20260824,112290,와이씨켐,218.00,"2,164,740","2,169,100",0.49
482030,KoAct 반도체&2차전지핵심소재액티브,20260824,317330,덕산테코피아,210.00,"2,112,600","2,150,400",0.48
482030,KoAct 반도체&2차전지핵심소재액티브,20260824,457190,이수스페셜티케미컬,16.00,"961,600","1,027,200",0.23
482030,KoAct 반도체&2차전지핵심소재액티브,20260824,295310,에이치브이엠,16.00,"716,000","718,400",0.16
482030,KoAct 반도체&2차전지핵심소재액티브,20260824,KRD010010001,원화현금,-,-,"7,847,332",1.76
482030,KoAct 반도체&2차전지핵심소재액티브,20260825,357780,솔브레인,95.00,"31,350,000","31,730,000",6.96
482030,KoAct 반도체&2차전지핵심소재액티브,20260825,005290,동진쎄미켐,629.00,"26,418,000","27,455,850",6.03
482030,KoAct 반도체&2차전지핵심소재액티브,20260825,066970,엘앤에프,191.00,"23,225,600","22,996,400",5.05
482030,KoAct 반도체&2차전지핵심소재액티브,20260825,086520,에코프로,246.00,"21,623,400","20,959,200",4.60
482030,KoAct 반도체&2차전지핵심소재액티브,20260825,047050,포스코인터내셔널,373.00,"19,992,800","20,104,700",4.41
482030,KoAct 반도체&2차전지핵심소재액티브,20260825,010130,고려아연,13.00,"17,472,000","18,551,000",4.07
482030,KoAct 반도체&2차전지핵심소재액티브,20260825,003670,포스코퓨처엠,110.00,"18,799,000","18,458,000",4.05
482030,KoAct 반도체&2차전지핵심소재액티브,20260825,010060,OCI홀딩스,67.00,"18,023,000","18,425,000",4.04
482030,KoAct 반도체&2차전지핵심소재액티브,20260825,078600,대주전자재료,204.00,"17,870,400","17,890,800",3.93
482030,KoAct 반도체&2차전지핵심소재액티브,20260825,093370,후성,"1,338.00","16,350,360","16,671,480",3.66
482030,KoAct 반도체&2차전지핵심소재액티브,20260825,102710,이엔에프테크놀로지,337.00,"14,996,500","15,839,000",3.48
482030,KoAct 반도체&2차전지핵심소재액티브,20260825,247540,에코프로비엠,134.00,"15,678,000","15,075,000",3.31
482030,KoAct 반도체&2차전지핵심소재액티브,20260825,353200,대덕전자,136.00,"14,225,600","15,068,800",3.31
482030,KoAct 반도체&2차전지핵심소재액티브,20260825,009150,삼성전기,11.00,"14,498,000","14,982,000",3.29
482030,KoAct 반도체&2차전지핵심소재액티브,20260825,005490,POSCO홀딩스,43.00,"14,082,500","14,276,000",3.13
482030,KoAct 반도체&2차전지핵심소재액티브,20260825,170920,엘티씨,403.00,"14,145,300","14,145,300",3.10
482030,KoAct 반도체&2차전지핵심소재액티브,20260825,014680,한솔케미칼,69.00,"14,145,000","14,145,000",3.10
482030,KoAct 반도체&2차전지핵심소재액티브,20260825,104830,원익머트리얼즈,375.00,"12,281,250","12,712,500",2.79
482030,KoAct 반도체&2차전지핵심소재액티브,20260825,051910,LG화학,45.00,"12,285,000","11,835,000",2.60
482030,KoAct 반도체&2차전지핵심소재액티브,20260825,281740,레이크머티리얼즈,860.00,"10,251,200","10,173,800",2.23
482030,KoAct 반도체&2차전지핵심소재액티브,20260825,229640,LS에코에너지,217.00,"9,309,300","9,710,750",2.13
482030,KoAct 반도체&2차전지핵심소재액티브,20260825,007660,이수페타시스,87.00,"8,752,200","9,300,300",2.04
482030,KoAct 반도체&2차전지핵심소재액티브,20260825,074600,원익QnC,322.00,"8,404,200","8,661,800",1.90
482030,KoAct 반도체&2차전지핵심소재액티브,20260825,482630,삼양엔씨켐,576.00,"7,574,400","7,891,200",1.73
482030,KoAct 반도체&2차전지핵심소재액티브,20260825,036810,에프에스티,259.00,"5,853,400","7,070,700",1.55
482030,KoAct 반도체&2차전지핵심소재액티브,20260825,388210,씨엠티엑스,87.00,"6,090,000","6,438,000",1.41
482030,KoAct 반도체&2차전지핵심소재액티브,20260825,166090,하나머티리얼즈,115.00,"5,853,500","6,336,500",1.39
482030,KoAct 반도체&2차전지핵심소재액티브,20260825,101490,에스앤에스텍,146.00,"5,971,400","6,314,500",1.39
482030,KoAct 반도체&2차전지핵심소재액티브,20260825,080580,오킨스전자,300.00,"4,851,000","5,820,000",1.28
482030,KoAct 반도체&2차전지핵심소재액티브,20260825,213420,덕산네오룩스,174.00,"5,515,800","5,646,300",1.24
482030,KoAct 반도체&2차전지핵심소재액티브,20260825,001430,세아베스틸지주,108.00,"4,514,400","4,795,200",1.05
482030,KoAct 반도체&2차전지핵심소재액티브,20260825,004710,한솔테크닉스,518.00,"3,512,040","3,569,020",0.78
482030,KoAct 반도체&2차전지핵심소재액티브,20260825,020150,롯데에너지머티리얼즈,110.00,"3,558,500","3,514,500",0.77
482030,KoAct 반도체&2차전지핵심소재액티브,20260825,456040,OCI,33.00,"2,646,600","2,663,100",0.58
482030,KoAct 반도체&2차전지핵심소재액티브,20260825,004560,현대비앤지스틸,202.00,"2,300,780","2,363,400",0.52
482030,KoAct 반도체&2차전지핵심소재액티브,20260825,112290,와이씨켐,218.00,"2,169,100","2,243,220",0.49
482030,KoAct 반도체&2차전지핵심소재액티브,20260825,317330,덕산테코피아,210.00,"2,150,400","2,223,900",0.49
482030,KoAct 반도체&2차전지핵심소재액티브,20260825,457190,이수스페셜티케미컬,16.00,"1,027,200","1,022,400",0.22
482030,KoAct 반도체&2차전지핵심소재액티브,20260825,295310,에이치브이엠,16.00,"718,400","753,600",0.17
482030,KoAct 반도체&2차전지핵심소재액티브,20260825,KRD010010001,원화현금,-,-,"7,839,359",1.72
482030,KoAct 반도체&2차전지핵심소재액티브,20260826,357780,솔브레인,95.00,"31,730,000","31,350,000",6.96
482030,KoAct 반도체&2차전지핵심소재액티브,20260826,005290,동진쎄미켐,629.00,"27,455,850","26,638,150",5.92
482030,KoAct 반도체&2차전지핵심소재액티브,20260826,066970,엘앤에프,191.00,"22,996,400","23,340,200",5.19
482030,KoAct 반도체&2차전지핵심소재액티브,20260826,086520,에코프로,246.00,"20,959,200","21,402,000",4.75
482030,KoAct 반도체&2차전지핵심소재액티브,20260826,047050,포스코인터내셔널,373.00,"20,104,700","19,582,500",4.35
482030,KoAct 반도체&2차전지핵심소재액티브,20260826,003670,포스코퓨처엠,110.00,"18,458,000","18,557,000",4.12
482030,KoAct 반도체&2차전지핵심소재액티브,20260826,010060,OCI홀딩스,67.00,"18,425,000","18,458,500",4.10
482030,KoAct 반도체&2차전지핵심소재액티브,20260826,010130,고려아연,13.00,"18,551,000","17,836,000",3.96
482030,KoAct 반도체&2차전지핵심소재액티브,20260826,078600,대주전자재료,204.00,"17,890,800","17,564,400",3.90
482030,KoAct 반도체&2차전지핵심소재액티브,20260826,093370,후성,"1,338.00","16,671,480","16,631,340",3.69
482030,KoAct 반도체&2차전지핵심소재액티브,20260826,102710,이엔에프테크놀로지,337.00,"15,839,000","15,232,400",3.38
482030,KoAct 반도체&2차전지핵심소재액티브,20260826,247540,에코프로비엠,134.00,"15,075,000","14,941,000",3.32
482030,KoAct 반도체&2차전지핵심소재액티브,20260826,009150,삼성전기,11.00,"14,982,000","14,630,000",3.25
482030,KoAct 반도체&2차전지핵심소재액티브,20260826,353200,대덕전자,136.00,"15,068,800","14,552,000",3.23
482030,KoAct 반도체&2차전지핵심소재액티브,20260826,005490,POSCO홀딩스,43.00,"14,276,000","14,104,000",3.13
482030,KoAct 반도체&2차전지핵심소재액티브,20260826,014680,한솔케미칼,69.00,"14,145,000","13,972,500",3.10
482030,KoAct 반도체&2차전지핵심소재액티브,20260826,170920,엘티씨,403.00,"14,145,300","13,923,650",3.09
482030,KoAct 반도체&2차전지핵심소재액티브,20260826,104830,원익머트리얼즈,375.00,"12,712,500","12,487,500",2.77
482030,KoAct 반도체&2차전지핵심소재액티브,20260826,051910,LG화학,45.00,"11,835,000","11,857,500",2.63
482030,KoAct 반도체&2차전지핵심소재액티브,20260826,281740,레이크머티리얼즈,860.00,"10,173,800","10,087,800",2.24
482030,KoAct 반도체&2차전지핵심소재액티브,20260826,007660,이수페타시스,87.00,"9,300,300","9,639,600",2.14
482030,KoAct 반도체&2차전지핵심소재액티브,20260826,229640,LS에코에너지,217.00,"9,710,750","9,602,250",2.13
482030,KoAct 반도체&2차전지핵심소재액티브,20260826,074600,원익QnC,322.00,"8,661,800","8,597,400",1.91
482030,KoAct 반도체&2차전지핵심소재액티브,20260826,482630,삼양엔씨켐,576.00,"7,891,200","7,799,040",1.73
482030,KoAct 반도체&2차전지핵심소재액티브,20260826,036810,에프에스티,259.00,"7,070,700","6,643,350",1.48
482030,KoAct 반도체&2차전지핵심소재액티브,20260826,388210,씨엠티엑스,87.00,"6,438,000","6,368,400",1.41
482030,KoAct 반도체&2차전지핵심소재액티브,20260826,101490,에스앤에스텍,146.00,"6,314,500","6,139,300",1.36
482030,KoAct 반도체&2차전지핵심소재액티브,20260826,166090,하나머티리얼즈,115.00,"6,336,500","6,083,500",1.35
482030,KoAct 반도체&2차전지핵심소재액티브,20260826,080580,오킨스전자,300.00,"5,820,000","5,610,000",1.25
482030,KoAct 반도체&2차전지핵심소재액티브,20260826,213420,덕산네오룩스,174.00,"5,646,300","5,559,300",1.24
482030,KoAct 반도체&2차전지핵심소재액티브,20260826,001430,세아베스틸지주,108.00,"4,795,200","4,633,200",1.03
482030,KoAct 반도체&2차전지핵심소재액티브,20260826,020150,롯데에너지머티리얼즈,110.00,"3,514,500","3,619,000",0.80
482030,KoAct 반도체&2차전지핵심소재액티브,20260826,004710,한솔테크닉스,518.00,"3,569,020","3,610,460",0.80
482030,KoAct 반도체&2차전지핵심소재액티브,20260826,456040,OCI,33.00,"2,663,100","2,659,800",0.59
482030,KoAct 반도체&2차전지핵심소재액티브,20260826,004560,현대비앤지스틸,202.00,"2,363,400","2,377,540",0.53
482030,KoAct 반도체&2차전지핵심소재액티브,20260826,112290,와이씨켐,218.00,"2,243,220","2,223,600",0.49
482030,KoAct 반도체&2차전지핵심소재액티브,20260826,317330,덕산테코피아,210.00,"2,223,900","2,190,300",0.49
482030,KoAct 반도체&2차전지핵심소재액티브,20260826,457190,이수스페셜티케미컬,16.00,"1,022,400","1,014,400",0.23
482030,KoAct 반도체&2차전지핵심소재액티브,20260826,295310,에이치브이엠,16.00,"753,600","754,400",0.17
482030,KoAct 반도체&2차전지핵심소재액티브,20260826,KRD010010001,원화현금,-,-,"7,854,164",1.74
482030,KoAct 반도체&2차전지핵심소재액티브,20260827,357780,솔브레인,95.00,"31,350,000","32,395,000",6.98
482030,KoAct 반도체&2차전지핵심소재액티브,20260827,005290,동진쎄미켐,629.00,"26,638,150","26,984,100",5.81
482030,KoAct 반도체&2차전지핵심소재액티브,20260827,066970,엘앤에프,191.00,"23,340,200","24,791,800",5.34
482030,KoAct 반도체&2차전지핵심소재액티브,20260827,086520,에코프로,246.00,"21,402,000","22,632,000",4.88
482030,KoAct 반도체&2차전지핵심소재액티브,20260827,003670,포스코퓨처엠,110.00,"18,557,000","20,240,000",4.36
482030,KoAct 반도체&2차전지핵심소재액티브,20260827,047050,포스코인터내셔널,373.00,"19,582,500","19,582,500",4.22
482030,KoAct 반도체&2차전지핵심소재액티브,20260827,078600,대주전자재료,204.00,"17,564,400","18,870,000",4.07
482030,KoAct 반도체&2차전지핵심소재액티브,20260827,010060,OCI홀딩스,67.00,"18,458,500","18,492,000",3.98
482030,KoAct 반도체&2차전지핵심소재액티브,20260827,010130,고려아연,13.00,"17,836,000","17,836,000",3.84
482030,KoAct 반도체&2차전지핵심소재액티브,20260827,093370,후성,"1,338.00","16,631,340","17,474,280",3.76
482030,KoAct 반도체&2차전지핵심소재액티브,20260827,247540,에코프로비엠,134.00,"14,941,000","15,812,000",3.41
482030,KoAct 반도체&2차전지핵심소재액티브,20260827,102710,이엔에프테크놀로지,337.00,"15,232,400","15,266,100",3.29
482030,KoAct 반도체&2차전지핵심소재액티브,20260827,009150,삼성전기,11.00,"14,630,000","15,235,000",3.28
482030,KoAct 반도체&2차전지핵심소재액티브,20260827,353200,대덕전자,136.00,"14,552,000","15,136,800",3.26
482030,KoAct 반도체&2차전지핵심소재액티브,20260827,005490,POSCO홀딩스,43.00,"14,104,000","14,598,500",3.15
482030,KoAct 반도체&2차전지핵심소재액티브,20260827,170920,엘티씨,403.00,"13,923,650","14,346,800",3.09
482030,KoAct 반도체&2차전지핵심소재액티브,20260827,014680,한솔케미칼,69.00,"13,972,500","14,214,000",3.06
482030,KoAct 반도체&2차전지핵심소재액티브,20260827,104830,원익머트리얼즈,375.00,"12,487,500","12,431,250",2.68
482030,KoAct 반도체&2차전지핵심소재액티브,20260827,051910,LG화학,45.00,"11,857,500","12,352,500",2.66
482030,KoAct 반도체&2차전지핵심소재액티브,20260827,229640,LS에코에너지,217.00,"9,602,250","10,502,800",2.26
482030,KoAct 반도체&2차전지핵심소재액티브,20260827,281740,레이크머티리얼즈,860.00,"10,087,800","10,492,000",2.26
482030,KoAct 반도체&2차전지핵심소재액티브,20260827,007660,이수페타시스,87.00,"9,639,600","9,813,600",2.11
482030,KoAct 반도체&2차전지핵심소재액티브,20260827,074600,원익QnC,322.00,"8,597,400","8,597,400",1.85
482030,KoAct 반도체&2차전지핵심소재액티브,20260827,482630,삼양엔씨켐,576.00,"7,799,040","7,781,760",1.68
482030,KoAct 반도체&2차전지핵심소재액티브,20260827,036810,에프에스티,259.00,"6,643,350","6,526,800",1.41
482030,KoAct 반도체&2차전지핵심소재액티브,20260827,388210,씨엠티엑스,87.00,"6,368,400","6,507,600",1.40
482030,KoAct 반도체&2차전지핵심소재액티브,20260827,166090,하나머티리얼즈,115.00,"6,083,500","6,210,000",1.34
482030,KoAct 반도체&2차전지핵심소재액티브,20260827,101490,에스앤에스텍,146.00,"6,139,300","6,190,400",1.33
482030,KoAct 반도체&2차전지핵심소재액티브,20260827,080580,오킨스전자,300.00,"5,610,000","5,823,000",1.25
482030,KoAct 반도체&2차전지핵심소재액티브,20260827,213420,덕산네오룩스,174.00,"5,559,300","5,628,900",1.21
482030,KoAct 반도체&2차전지핵심소재액티브,20260827,001430,세아베스틸지주,108.00,"4,633,200","4,692,600",1.01
482030,KoAct 반도체&2차전지핵심소재액티브,20260827,020150,롯데에너지머티리얼즈,110.00,"3,619,000","3,872,000",0.83
482030,KoAct 반도체&2차전지핵심소재액티브,20260827,004710,한솔테크닉스,518.00,"3,610,460","3,579,380",0.77
482030,KoAct 반도체&2차전지핵심소재액티브,20260827,456040,OCI,33.00,"2,659,800","2,643,300",0.57
482030,KoAct 반도체&2차전지핵심소재액티브,20260827,004560,현대비앤지스틸,202.00,"2,377,540","2,381,580",0.51
482030,KoAct 반도체&2차전지핵심소재액티브,20260827,317330,덕산테코피아,210.00,"2,190,300","2,282,700",0.49
482030,KoAct 반도체&2차전지핵심소재액티브,20260827,112290,와이씨켐,218.00,"2,223,600","2,256,300",0.49
482030,KoAct 반도체&2차전지핵심소재액티브,20260827,457190,이수스페셜티케미컬,16.00,"1,014,400","1,067,200",0.23
482030,KoAct 반도체&2차전지핵심소재액티브,20260827,295310,에이치브이엠,16.00,"754,400","781,600",0.17
482030,KoAct 반도체&2차전지핵심소재액티브,20260827,KRD010010001,원화현금,-,-,"7,829,563",1.69
482030,KoAct 반도체&2차전지핵심소재액티브,20260828,357780,솔브레인,95.00,"32,395,000","32,917,500",7.14
482030,KoAct 반도체&2차전지핵심소재액티브,20260828,005290,동진쎄미켐,629.00,"26,984,100","26,669,600",5.78
482030,KoAct 반도체&2차전지핵심소재액티브,20260828,066970,엘앤에프,191.00,"24,791,800","25,746,800",5.58
482030,KoAct 반도체&2차전지핵심소재액티브,20260828,086520,에코프로,246.00,"22,632,000","22,189,200",4.81
482030,KoAct 반도체&2차전지핵심소재액티브,20260828,003670,포스코퓨처엠,110.00,"20,240,000","20,493,000",4.44
482030,KoAct 반도체&2차전지핵심소재액티브,20260828,047050,포스코인터내셔널,373.00,"19,582,500","19,657,100",4.26
482030,KoAct 반도체&2차전지핵심소재액티브,20260828,078600,대주전자재료,204.00,"18,870,000","18,727,200",4.06
482030,KoAct 반도체&2차전지핵심소재액티브,20260828,010060,OCI홀딩스,67.00,"18,492,000","18,391,500",3.99
482030,KoAct 반도체&2차전지핵심소재액티브,20260828,010130,고려아연,13.00,"17,836,000","17,875,000",3.88
482030,KoAct 반도체&2차전지핵심소재액티브,20260828,093370,후성,"1,338.00","17,474,280","16,751,760",3.63
482030,KoAct 반도체&2차전지핵심소재액티브,20260828,247540,에코프로비엠,134.00,"15,812,000","15,838,800",3.43
482030,KoAct 반도체&2차전지핵심소재액티브,20260828,009150,삼성전기,11.00,"15,235,000","15,631,000",3.39
482030,KoAct 반도체&2차전지핵심소재액티브,20260828,102710,이엔에프테크놀로지,337.00,"15,266,100","15,249,250",3.31
482030,KoAct 반도체&2차전지핵심소재액티브,20260828,353200,대덕전자,136.00,"15,136,800","14,633,600",3.17
482030,KoAct 반도체&2차전지핵심소재액티브,20260828,005490,POSCO홀딩스,43.00,"14,598,500","14,512,500",3.15
482030,KoAct 반도체&2차전지핵심소재액티브,20260828,014680,한솔케미칼,69.00,"14,214,000","14,007,000",3.04
482030,KoAct 반도체&2차전지핵심소재액티브,20260828,170920,엘티씨,403.00,"14,346,800","13,299,000",2.88
482030,KoAct 반도체&2차전지핵심소재액티브,20260828,051910,LG화학,45.00,"12,352,500","12,465,000",2.70
482030,KoAct 반도체&2차전지핵심소재액티브,20260828,104830,원익머트리얼즈,375.00,"12,431,250","12,375,000",2.68
482030,KoAct 반도체&2차전지핵심소재액티브,20260828,281740,레이크머티리얼즈,860.00,"10,492,000","10,302,800",2.23
482030,KoAct 반도체&2차전지핵심소재액티브,20260828,229640,LS에코에너지,217.00,"10,502,800","9,960,300",2.16
482030,KoAct 반도체&2차전지핵심소재액티브,20260828,007660,이수페타시스,87.00,"9,813,600","9,813,600",2.13
482030,KoAct 반도체&2차전지핵심소재액티브,20260828,074600,원익QnC,322.00,"8,597,400","8,420,300",1.83
482030,KoAct 반도체&2차전지핵심소재액티브,20260828,482630,삼양엔씨켐,576.00,"7,781,760","7,632,000",1.65
482030,KoAct 반도체&2차전지핵심소재액티브,20260828,036810,에프에스티,259.00,"6,526,800","6,384,350",1.38
482030,KoAct 반도체&2차전지핵심소재액티브,20260828,388210,씨엠티엑스,87.00,"6,507,600","6,307,500",1.37
482030,KoAct 반도체&2차전지핵심소재액티브,20260828,080580,오킨스전자,300.00,"5,823,000","6,090,000",1.32
482030,KoAct 반도체&2차전지핵심소재액티브,20260828,166090,하나머티리얼즈,115.00,"6,210,000","6,049,000",1.31
482030,KoAct 반도체&2차전지핵심소재액티브,20260828,101490,에스앤에스텍,146.00,"6,190,400","6,015,200",1.30
482030,KoAct 반도체&2차전지핵심소재액티브,20260828,213420,덕산네오룩스,174.00,"5,628,900","5,602,800",1.21
482030,KoAct 반도체&2차전지핵심소재액티브,20260828,001430,세아베스틸지주,108.00,"4,692,600","4,600,800",1.00
482030,KoAct 반도체&2차전지핵심소재액티브,20260828,020150,롯데에너지머티리얼즈,110.00,"3,872,000","3,883,000",0.84
482030,KoAct 반도체&2차전지핵심소재액티브,20260828,004710,한솔테크닉스,518.00,"3,579,380","3,506,860",0.76
482030,KoAct 반도체&2차전지핵심소재액티브,20260828,456040,OCI,33.00,"2,643,300","2,706,000",0.59
482030,KoAct 반도체&2차전지핵심소재액티브,20260828,004560,현대비앤지스틸,202.00,"2,381,580","2,379,560",0.52
482030,KoAct 반도체&2차전지핵심소재액티브,20260828,317330,덕산테코피아,210.00,"2,282,700","2,303,700",0.50
482030,KoAct 반도체&2차전지핵심소재액티브,20260828,112290,와이씨켐,218.00,"2,256,300","2,227,960",0.48
482030,KoAct 반도체&2차전지핵심소재액티브,20260828,457190,이수스페셜티케미컬,16.00,"1,067,200","1,057,600",0.23
482030,KoAct 반도체&2차전지핵심소재액티브,20260828,295310,에이치브이엠,16.00,"781,600","752,000",0.16
482030,KoAct 반도체&2차전지핵심소재액티브,20260828,KRD010010001,원화현금,-,-,"7,838,025",1.70
0000Z0,RISE 바이오TOP10액티브,20260824,196170,알테오젠,139.00,"44,480,000","44,549,500",9.30
0000Z0,RISE 바이오TOP10액티브,20260824,128940,한미약품,75.00,"31,162,500","40,500,000",8.46
0000Z0,RISE 바이오TOP10액티브,20260824,141080,리가켐바이오,358.00,"35,800,000","36,838,200",7.69
0000Z0,RISE 바이오TOP10액티브,20260824,068270,셀트리온,184.00,"35,383,200","35,696,000",7.45
0000Z0,RISE 바이오TOP10액티브,20260824,226950,올릭스,341.00,"33,452,100","34,850,200",7.28
0000Z0,RISE 바이오TOP10액티브,20260824,298380,에이비엘바이오,443.00,"33,313,600","33,579,400",7.01
0000Z0,RISE 바이오TOP10액티브,20260824,237690,에스티팜,278.00,"27,716,600","30,635,600",6.40
0000Z0,RISE 바이오TOP10액티브,20260824,347850,디앤디파마텍,445.00,"23,718,500","25,498,500",5.32
0000Z0,RISE 바이오TOP10액티브,20260824,009420,한올바이오파마,409.00,"23,108,500","24,458,200",5.11
0000Z0,RISE 바이오TOP10액티브,20260824,214450,파마리서치,49.00,"19,624,500","20,384,000",4.26
0000Z0,RISE 바이오TOP10액티브,20260824,039200,오스코텍,505.00,"18,533,500","19,316,250",4.03
0000Z0,RISE 바이오TOP10액티브,20260824,174900,앱클론,614.00,"16,915,700","18,512,100",3.87
0000Z0,RISE 바이오TOP10액티브,20260824,476830,알지노믹스,572.00,"17,245,800","17,903,600",3.74
0000Z0,RISE 바이오TOP10액티브,20260824,310210,보로노이,89.00,"13,536,900","14,916,400",3.11
0000Z0,RISE 바이오TOP10액티브,20260824,950260,인제니아테라퓨틱스(Reg.S),878.00,"13,846,060","13,301,700",2.78
0000Z0,RISE 바이오TOP10액티브,20260824,087010,펩트론,72.00,"12,859,200","13,168,800",2.75
0000Z0,RISE 바이오TOP10액티브,20260824,475830,오름테라퓨틱,179.00,"11,098,000","12,977,500",2.71
0000Z0,RISE 바이오TOP10액티브,20260824,145020,휴젤,47.00,"11,515,000","11,773,500",2.46
0000Z0,RISE 바이오TOP10액티브,20260824,491000,리브스메드,233.00,"7,793,850","8,166,650",1.71
0000Z0,RISE 바이오TOP10액티브,20260824,468530,프로티나,227.00,"8,330,900","7,797,450",1.63
0000Z0,RISE 바이오TOP10액티브,20260824,042520,한스바이오메드,311.00,"5,290,110","5,737,950",1.20
0000Z0,RISE 바이오TOP10액티브,20260824,397030,에이프릴바이오,234.00,"4,642,560","4,665,960",0.97
0000Z0,RISE 바이오TOP10액티브,20260824,365270,큐라클,99.00,"1,073,160","1,084,050",0.23
0000Z0,RISE 바이오TOP10액티브,20260824,KRD010010001,원화현금,-,-,"2,566,716",0.54
0000Z0,RISE 바이오TOP10액티브,20260825,196170,알테오젠,139.00,"44,549,500","42,464,500",9.05
0000Z0,RISE 바이오TOP10액티브,20260825,128940,한미약품,75.00,"40,500,000","37,575,000",8.00
0000Z0,RISE 바이오TOP10액티브,20260825,141080,리가켐바이오,358.00,"36,838,200","35,692,600",7.60
0000Z0,RISE 바이오TOP10액티브,20260825,068270,셀트리온,184.00,"35,696,000","34,886,400",7.43
0000Z0,RISE 바이오TOP10액티브,20260825,226950,올릭스,341.00,"34,850,200","34,236,400",7.29
0000Z0,RISE 바이오TOP10액티브,20260825,298380,에이비엘바이오,443.00,"33,579,400","33,047,800",7.04
0000Z0,RISE 바이오TOP10액티브,20260825,237690,에스티팜,278.00,"30,635,600","29,662,600",6.32
0000Z0,RISE 바이오TOP10액티브,20260825,347850,디앤디파마텍,445.00,"25,498,500","25,009,000",5.33
0000Z0,RISE 바이오TOP10액티브,20260825,009420,한올바이오파마,409.00,"24,458,200","24,826,300",5.29
0000Z0,RISE 바이오TOP10액티브,20260825,214450,파마리서치,49.00,"20,384,000","20,310,500",4.33
0000Z0,RISE 바이오TOP10액티브,20260825,039200,오스코텍,505.00,"19,316,250","18,836,500",4.01
0000Z0,RISE 바이오TOP10액티브,20260825,476830,알지노믹스,572.00,"17,903,600","18,275,400",3.89
0000Z0,RISE 바이오TOP10액티브,20260825,174900,앱클론,614.00,"18,512,100","17,376,200",3.70
0000Z0,RISE 바이오TOP10액티브,20260825,310210,보로노이,89.00,"14,916,400","14,960,900",3.19
0000Z0,RISE 바이오TOP10액티브,20260825,950260,인제니아테라퓨틱스(Reg.S),878.00,"13,301,700","14,539,680",3.10
0000Z0,RISE 바이오TOP10액티브,20260825,087010,펩트론,72.00,"13,168,800","13,190,400",2.81
0000Z0,RISE 바이오TOP10액티브,20260825,475830,오름테라퓨틱,179.00,"12,977,500","12,655,300",2.70
0000Z0,RISE 바이오TOP10액티브,20260825,145020,휴젤,47.00,"11,773,500","11,679,500",2.49
0000Z0,RISE 바이오TOP10액티브,20260825,491000,리브스메드,233.00,"8,166,650","8,108,400",1.73
0000Z0,RISE 바이오TOP10액티브,20260825,468530,프로티나,227.00,"7,797,450","7,933,650",1.69
0000Z0,RISE 바이오TOP10액티브,20260825,042520,한스바이오메드,311.00,"5,737,950","5,899,670",1.26
0000Z0,RISE 바이오TOP10액티브,20260825,397030,에이프릴바이오,234.00,"4,665,960","4,555,980",0.97
0000Z0,RISE 바이오TOP10액티브,20260825,365270,큐라클,99.00,"1,084,050","1,085,040",0.23
0000Z0,RISE 바이오TOP10액티브,20260825,KRD010010001,원화현금,-,-,"2,659,716",0.57
0000Z0,RISE 바이오TOP10액티브,20260826,196170,알테오젠,139.00,"42,464,500","43,298,500",9.11
0000Z0,RISE 바이오TOP10액티브,20260826,128940,한미약품,75.00,"37,575,000","39,750,000",8.36
0000Z0,RISE 바이오TOP10액티브,20260826,068270,셀트리온,184.00,"34,886,400","35,585,600",7.48
0000Z0,RISE 바이오TOP10액티브,20260826,141080,리가켐바이오,358.00,"35,692,600","35,191,400",7.40
0000Z0,RISE 바이오TOP10액티브,20260826,226950,올릭스,341.00,"34,236,400","33,861,300",7.12
0000Z0,RISE 바이오TOP10액티브,20260826,298380,에이비엘바이오,443.00,"33,047,800","33,047,800",6.95
0000Z0,RISE 바이오TOP10액티브,20260826,237690,에스티팜,278.00,"29,662,600","30,580,000",6.43
0000Z0,RISE 바이오TOP10액티브,20260826,009420,한올바이오파마,409.00,"24,826,300","25,889,700",5.44
0000Z0,RISE 바이오TOP10액티브,20260826,347850,디앤디파마텍,445.00,"25,009,000","25,053,500",5.27
0000Z0,RISE 바이오TOP10액티브,20260826,214450,파마리서치,49.00,"20,310,500","21,658,000",4.55
0000Z0,RISE 바이오TOP10액티브,20260826,039200,오스코텍,505.00,"18,836,500","18,129,500",3.81
0000Z0,RISE 바이오TOP10액티브,20260826,476830,알지노믹스,572.00,"18,275,400","18,018,000",3.79
0000Z0,RISE 바이오TOP10액티브,20260826,174900,앱클론,614.00,"17,376,200","17,468,300",3.67
0000Z0,RISE 바이오TOP10액티브,20260826,950260,인제니아테라퓨틱스(Reg.S),878.00,"14,539,680","15,224,520",3.20
0000Z0,RISE 바이오TOP10액티브,20260826,310210,보로노이,89.00,"14,960,900","14,756,200",3.10
0000Z0,RISE 바이오TOP10액티브,20260826,087010,펩트론,72.00,"13,190,400","13,320,000",2.80
0000Z0,RISE 바이오TOP10액티브,20260826,475830,오름테라퓨틱,179.00,"12,655,300","12,207,800",2.57
0000Z0,RISE 바이오TOP10액티브,20260826,145020,휴젤,47.00,"11,679,500","11,773,500",2.48
0000Z0,RISE 바이오TOP10액티브,20260826,468530,프로티나,227.00,"7,933,650","8,523,850",1.79
0000Z0,RISE 바이오TOP10액티브,20260826,491000,리브스메드,233.00,"8,108,400","8,096,750",1.70
0000Z0,RISE 바이오TOP10액티브,20260826,042520,한스바이오메드,311.00,"5,899,670","6,002,300",1.26
0000Z0,RISE 바이오TOP10액티브,20260826,397030,에이프릴바이오,234.00,"4,555,980","4,490,460",0.94
0000Z0,RISE 바이오TOP10액티브,20260826,365270,큐라클,99.00,"1,085,040","1,091,970",0.23
0000Z0,RISE 바이오TOP10액티브,20260826,KRD010010001,원화현금,-,-,"2,518,535",0.53
0000Z0,RISE 바이오TOP10액티브,20260827,196170,알테오젠,139.00,"43,298,500","43,298,500",9.12
0000Z0,RISE 바이오TOP10액티브,20260827,128940,한미약품,75.00,"39,750,000","37,800,000",7.96
0000Z0,RISE 바이오TOP10액티브,20260827,226950,올릭스,341.00,"33,861,300","35,736,800",7.52
0000Z0,RISE 바이오TOP10액티브,20260827,141080,리가켐바이오,358.00,"35,191,400","35,656,800",7.51
0000Z0,RISE 바이오TOP10액티브,20260827,068270,셀트리온,184.00,"35,585,600","35,199,200",7.41
0000Z0,RISE 바이오TOP10액티브,20260827,298380,에이비엘바이오,443.00,"33,047,800","33,668,000",7.09
0000Z0,RISE 바이오TOP10액티브,20260827,237690,에스티팜,278.00,"30,580,000","30,830,200",6.49
0000Z0,RISE 바이오TOP10액티브,20260827,009420,한올바이오파마,409.00,"25,889,700","26,298,700",5.54
0000Z0,RISE 바이오TOP10액티브,20260827,347850,디앤디파마텍,445.00,"25,053,500","25,053,500",5.27
0000Z0,RISE 바이오TOP10액티브,20260827,214450,파마리서치,49.00,"21,658,000","21,192,500",4.46
0000Z0,RISE 바이오TOP10액티브,20260827,476830,알지노믹스,572.00,"18,018,000","18,075,200",3.81
0000Z0,RISE 바이오TOP10액티브,20260827,039200,오스코텍,505.00,"18,129,500","17,700,250",3.73
0000Z0,RISE 바이오TOP10액티브,20260827,174900,앱클론,614.00,"17,468,300","16,977,100",3.57
0000Z0,RISE 바이오TOP10액티브,20260827,950260,인제니아테라퓨틱스(Reg.S),878.00,"15,224,520","15,233,300",3.21
0000Z0,RISE 바이오TOP10액티브,20260827,310210,보로노이,89.00,"14,756,200","14,863,000",3.13
0000Z0,RISE 바이오TOP10액티브,20260827,087010,펩트론,72.00,"13,320,000","13,550,400",2.85
0000Z0,RISE 바이오TOP10액티브,20260827,475830,오름테라퓨틱,179.00,"12,207,800","11,957,200",2.52
0000Z0,RISE 바이오TOP10액티브,20260827,145020,휴젤,47.00,"11,773,500","11,538,500",2.43
0000Z0,RISE 바이오TOP10액티브,20260827,468530,프로티나,227.00,"8,523,850","8,580,600",1.81
0000Z0,RISE 바이오TOP10액티브,20260827,491000,리브스메드,233.00,"8,096,750","7,805,500",1.64
0000Z0,RISE 바이오TOP10액티브,20260827,042520,한스바이오메드,311.00,"6,002,300","6,002,300",1.26
0000Z0,RISE 바이오TOP10액티브,20260827,397030,에이프릴바이오,234.00,"4,490,460","4,509,180",0.95
0000Z0,RISE 바이오TOP10액티브,20260827,365270,큐라클,99.00,"1,091,970","1,050,390",0.22
0000Z0,RISE 바이오TOP10액티브,20260827,KRD010010001,원화현금,-,-,"2,429,922",0.51
0000Z0,RISE 바이오TOP10액티브,20260828,196170,알테오젠,139.00,"43,298,500","44,480,000",9.28
0000Z0,RISE 바이오TOP10액티브,20260828,128940,한미약품,75.00,"37,800,000","38,175,000",7.96
0000Z0,RISE 바이오TOP10액티브,20260828,141080,리가켐바이오,358.00,"35,656,800","36,158,000",7.54
0000Z0,RISE 바이오TOP10액티브,20260828,226950,올릭스,341.00,"35,736,800","36,111,900",7.53
0000Z0,RISE 바이오TOP10액티브,20260828,068270,셀트리온,184.00,"35,199,200","35,088,800",7.32
0000Z0,RISE 바이오TOP10액티브,20260828,298380,에이비엘바이오,443.00,"33,668,000","34,066,700",7.11
0000Z0,RISE 바이오TOP10액티브,20260828,237690,에스티팜,278.00,"30,830,200","30,635,600",6.39
0000Z0,RISE 바이오TOP10액티브,20260828,009420,한올바이오파마,409.00,"26,298,700","26,421,400",5.51
0000Z0,RISE 바이오TOP10액티브,20260828,347850,디앤디파마텍,445.00,"25,053,500","24,742,000",5.16
0000Z0,RISE 바이오TOP10액티브,20260828,214450,파마리서치,49.00,"21,192,500","22,613,500",4.72
0000Z0,RISE 바이오TOP10액티브,20260828,039200,오스코텍,505.00,"17,700,250","18,079,000",3.77
0000Z0,RISE 바이오TOP10액티브,20260828,476830,알지노믹스,572.00,"18,075,200","17,932,200",3.74
0000Z0,RISE 바이오TOP10액티브,20260828,174900,앱클론,614.00,"16,977,100","15,994,700",3.34
0000Z0,RISE 바이오TOP10액티브,20260828,950260,인제니아테라퓨틱스(Reg.S),878.00,"15,233,300","15,804,000",3.30
0000Z0,RISE 바이오TOP10액티브,20260828,310210,보로노이,89.00,"14,863,000","15,361,400",3.20
0000Z0,RISE 바이오TOP10액티브,20260828,087010,펩트론,72.00,"13,550,400","13,852,800",2.89
0000Z0,RISE 바이오TOP10액티브,20260828,145020,휴젤,47.00,"11,538,500","12,173,000",2.54
0000Z0,RISE 바이오TOP10액티브,20260828,475830,오름테라퓨틱,179.00,"11,957,200","11,814,000",2.46
0000Z0,RISE 바이오TOP10액티브,20260828,468530,프로티나,227.00,"8,580,600","8,149,300",1.70
0000Z0,RISE 바이오TOP10액티브,20260828,491000,리브스메드,233.00,"7,805,500","7,793,850",1.63
0000Z0,RISE 바이오TOP10액티브,20260828,042520,한스바이오메드,311.00,"6,002,300","6,170,240",1.29
0000Z0,RISE 바이오TOP10액티브,20260828,397030,에이프릴바이오,234.00,"4,509,180","4,340,700",0.91
0000Z0,RISE 바이오TOP10액티브,20260828,365270,큐라클,99.00,"1,050,390","1,068,210",0.22
0000Z0,RISE 바이오TOP10액티브,20260828,KRD010010001,원화현금,-,-,"2,398,565",0.50
0168K0,TIGER 기술이전바이오액티브,20260824,196170,알테오젠,19.00,"6,080,000","6,089,500",9.25
0168K0,TIGER 기술이전바이오액티브,20260824,226950,올릭스,54.00,"5,297,400","5,518,800",8.38
0168K0,TIGER 기술이전바이오액티브,20260824,141080,리가켐바이오,50.00,"5,000,000","5,145,000",7.81
0168K0,TIGER 기술이전바이오액티브,20260824,009420,한올바이오파마,60.00,"3,390,000","3,588,000",5.45
0168K0,TIGER 기술이전바이오액티브,20260824,298380,에이비엘바이오,45.00,"3,384,000","3,411,000",5.18
0168K0,TIGER 기술이전바이오액티브,20260824,068270,셀트리온,17.00,"3,269,100","3,298,000",5.01
0168K0,TIGER 기술이전바이오액티브,20260824,475830,오름테라퓨틱,45.00,"2,790,000","3,262,500",4.95
0168K0,TIGER 기술이전바이오액티브,20260824,128940,한미약품,6.00,"2,493,000","3,240,000",4.92
0168K0,TIGER 기술이전바이오액티브,20260824,207940,삼성바이오로직스,2.00,"3,102,000","3,146,000",4.78
0168K0,TIGER 기술이전바이오액티브,20260824,476830,알지노믹스,88.00,"2,653,200","2,754,400",4.18
0168K0,TIGER 기술이전바이오액티브,20260824,237690,에스티팜,22.00,"2,193,400","2,424,400",3.68
0168K0,TIGER 기술이전바이오액티브,20260824,174900,앱클론,80.00,"2,204,000","2,412,000",3.66
0168K0,TIGER 기술이전바이오액티브,20260824,039200,오스코텍,59.00,"2,165,300","2,256,750",3.43
0168K0,TIGER 기술이전바이오액티브,20260824,456160,지투지바이오,54.00,"2,019,600","2,049,300",3.11
0168K0,TIGER 기술이전바이오액티브,20260824,310210,보로노이,12.00,"1,825,200","2,011,200",3.05
0168K0,TIGER 기술이전바이오액티브,20260824,347850,디앤디파마텍,30.00,"1,599,000","1,719,000",2.61
0168K0,TIGER 기술이전바이오액티브,20260824,003000,부광약품,348.00,"1,437,240","1,445,940",2.20
0168K0,TIGER 기술이전바이오액티브,20260824,397030,에이프릴바이오,69.00,"1,368,960","1,375,860",2.09
0168K0,TIGER 기술이전바이오액티브,20260824,214450,파마리서치,3.00,"1,201,500","1,248,000",1.90
0168K0,TIGER 기술이전바이오액티브,20260824,326030,SK바이오팜,12.00,"1,004,400","1,036,800",1.57
0168K0,TIGER 기술이전바이오액티브,20260824,389650,넥스트바이오메디컬,20.00,"646,000","665,000",1.01
0168K0,TIGER 기술이전바이오액티브,20260824,476060,온코닉테라퓨틱스,45.00,"653,400","653,400",0.99
0168K0,TIGER 기술이전바이오액티브,20260824,287840,인투셀,33.00,"641,850","633,600",0.96
0168K0,TIGER 기술이전바이오액티브,20260824,950260,인제니아테라퓨틱스(Reg.S),36.00,"567,720","545,400",0.83
0168K0,TIGER 기술이전바이오액티브,20260824,394800,쓰리빌리언,99.00,"536,580","538,560",0.82
0168K0,TIGER 기술이전바이오액티브,20260824,024850,HLB이노베이션,20.00,"277,800","266,400",0.40
0168K0,TIGER 기술이전바이오액티브,20260824,078160,메디포스트,30.00,"258,900","264,000",0.40
0168K0,TIGER 기술이전바이오액티브,20260824,0120G0,삼양바이오팜,4.00,"235,200","248,400",0.38
0168K0,TIGER 기술이전바이오액티브,20260824,468530,프로티나,7.00,"256,900","240,450",0.37
0168K0,TIGER 기술이전바이오액티브,20260824,338840,와이바이오로직스,25.00,"227,000","234,750",0.36
0168K0,TIGER 기술이전바이오액티브,20260824,389030,지니너스,44.00,"88,000","89,540",0.14
0168K0,TIGER 기술이전바이오액티브,20260824,321550,티움바이오,2.00,"8,300","8,200",0.01
0168K0,TIGER 기술이전바이오액티브,20260824,358570,지아이이노베이션,1.00,"7,630","8,160",0.01
0168K0,TIGER 기술이전바이오액티브,20260824,KRD010010001,원화현금,-,-,"4,023,965",6.11
0168K0,TIGER 기술이전바이오액티브,20260825,196170,알테오젠,19.00,"6,089,500","5,804,500",8.98
0168K0,TIGER 기술이전바이오액티브,20260825,226950,올릭스,54.00,"5,518,800","5,421,600",8.39
0168K0,TIGER 기술이전바이오액티브,20260825,141080,리가켐바이오,50.00,"5,145,000","4,985,000",7.71
0168K0,TIGER 기술이전바이오액티브,20260825,009420,한올바이오파마,62.00,"3,707,600","3,763,400",5.82
0168K0,TIGER 기술이전바이오액티브,20260825,128940,한미약품,7.00,"3,780,000","3,507,000",5.42
0168K0,TIGER 기술이전바이오액티브,20260825,298380,에이비엘바이오,45.00,"3,411,000","3,357,000",5.19
0168K0,TIGER 기술이전바이오액티브,20260825,068270,셀트리온,17.00,"3,298,000","3,223,200",4.99
0168K0,TIGER 기술이전바이오액티브,20260825,475830,오름테라퓨틱,45.00,"3,262,500","3,181,500",4.92
0168K0,TIGER 기술이전바이오액티브,20260825,207940,삼성바이오로직스,2.00,"3,146,000","3,170,000",4.90
0168K0,TIGER 기술이전바이오액티브,20260825,476830,알지노믹스,88.00,"2,754,400","2,811,600",4.35
0168K0,TIGER 기술이전바이오액티브,20260825,237690,에스티팜,24.00,"2,644,800","2,560,800",3.96
0168K0,TIGER 기술이전바이오액티브,20260825,174900,앱클론,82.00,"2,472,300","2,320,600",3.59
0168K0,TIGER 기술이전바이오액티브,20260825,039200,오스코텍,59.00,"2,256,750","2,200,700",3.40
0168K0,TIGER 기술이전바이오액티브,20260825,310210,보로노이,13.00,"2,178,800","2,185,300",3.38
0168K0,TIGER 기술이전바이오액티브,20260825,456160,지투지바이오,55.00,"2,087,250","2,062,500",3.19
0168K0,TIGER 기술이전바이오액티브,20260825,347850,디앤디파마텍,30.00,"1,719,000","1,686,000",2.61
0168K0,TIGER 기술이전바이오액티브,20260825,003000,부광약품,348.00,"1,445,940","1,444,200",2.23
0168K0,TIGER 기술이전바이오액티브,20260825,397030,에이프릴바이오,69.00,"1,375,860","1,343,430",2.08
0168K0,TIGER 기술이전바이오액티브,20260825,214450,파마리서치,3.00,"1,248,000","1,243,500",1.92
0168K0,TIGER 기술이전바이오액티브,20260825,326030,SK바이오팜,12.00,"1,036,800","1,012,800",1.57
0168K0,TIGER 기술이전바이오액티브,20260825,950260,인제니아테라퓨틱스(Reg.S),49.00,"742,350","811,440",1.26
0168K0,TIGER 기술이전바이오액티브,20260825,389650,넥스트바이오메디컬,20.00,"665,000","659,000",1.02
0168K0,TIGER 기술이전바이오액티브,20260825,476060,온코닉테라퓨틱스,45.00,"653,400","646,650",1.00
0168K0,TIGER 기술이전바이오액티브,20260825,287840,인투셀,33.00,"633,600","631,290",0.98
0168K0,TIGER 기술이전바이오액티브,20260825,394800,쓰리빌리언,99.00,"538,560","535,590",0.83
0168K0,TIGER 기술이전바이오액티브,20260825,024850,HLB이노베이션,20.00,"266,400","277,000",0.43
0168K0,TIGER 기술이전바이오액티브,20260825,078160,메디포스트,30.00,"264,000","260,100",0.40
0168K0,TIGER 기술이전바이오액티브,20260825,468530,프로티나,7.00,"240,450","244,650",0.38
0168K0,TIGER 기술이전바이오액티브,20260825,338840,와이바이오로직스,25.00,"234,750","224,750",0.35
0168K0,TIGER 기술이전바이오액티브,20260825,0120G0,삼양바이오팜,4.00,"248,400","218,800",0.34
0168K0,TIGER 기술이전바이오액티브,20260825,389030,지니너스,44.00,"89,540","90,420",0.14
0168K0,TIGER 기술이전바이오액티브,20260825,321550,티움바이오,2.00,"8,200","8,250",0.01
0168K0,TIGER 기술이전바이오액티브,20260825,358570,지아이이노베이션,1.00,"8,160","8,000",0.01
0168K0,TIGER 기술이전바이오액티브,20260825,KRD010010001,원화현금,-,-,"2,748,242",4.25
0168K0,TIGER 기술이전바이오액티브,20260826,196170,알테오젠,19.00,"5,804,500","5,918,500",9.05
0168K0,TIGER 기술이전바이오액티브,20260826,226950,올릭스,54.00,"5,421,600","5,362,200",8.20
0168K0,TIGER 기술이전바이오액티브,20260826,141080,리가켐바이오,49.00,"4,885,300","4,816,700",7.36
0168K0,TIGER 기술이전바이오액티브,20260826,009420,한올바이오파마,63.00,"3,824,100","3,987,900",6.10
0168K0,TIGER 기술이전바이오액티브,20260826,128940,한미약품,7.00,"3,507,000","3,710,000",5.67
0168K0,TIGER 기술이전바이오액티브,20260826,298380,에이비엘바이오,46.00,"3,431,600","3,431,600",5.25
0168K0,TIGER 기술이전바이오액티브,20260826,068270,셀트리온,17.00,"3,223,200","3,287,800",5.03
0168K0,TIGER 기술이전바이오액티브,20260826,207940,삼성바이오로직스,2.00,"3,170,000","3,198,000",4.89
0168K0,TIGER 기술이전바이오액티브,20260826,475830,오름테라퓨틱,45.00,"3,181,500","3,069,000",4.69
0168K0,TIGER 기술이전바이오액티브,20260826,476830,알지노믹스,90.00,"2,875,500","2,835,000",4.33
0168K0,TIGER 기술이전바이오액티브,20260826,237690,에스티팜,24.00,"2,560,800","2,640,000",4.04
0168K0,TIGER 기술이전바이오액티브,20260826,174900,앱클론,85.00,"2,405,500","2,418,250",3.70
0168K0,TIGER 기술이전바이오액티브,20260826,456160,지투지바이오,55.00,"2,062,500","2,296,250",3.51
0168K0,TIGER 기술이전바이오액티브,20260826,039200,오스코텍,62.00,"2,312,600","2,225,800",3.40
0168K0,TIGER 기술이전바이오액티브,20260826,310210,보로노이,13.00,"2,185,300","2,155,400",3.29
0168K0,TIGER 기술이전바이오액티브,20260826,347850,디앤디파마텍,30.00,"1,686,000","1,689,000",2.58
0168K0,TIGER 기술이전바이오액티브,20260826,003000,부광약품,348.00,"1,444,200","1,465,080",2.24
0168K0,TIGER 기술이전바이오액티브,20260826,214450,파마리서치,3.00,"1,243,500","1,326,000",2.03
0168K0,TIGER 기술이전바이오액티브,20260826,397030,에이프릴바이오,69.00,"1,343,430","1,324,110",2.02
0168K0,TIGER 기술이전바이오액티브,20260826,326030,SK바이오팜,12.00,"1,012,800","1,099,200",1.68
0168K0,TIGER 기술이전바이오액티브,20260826,950260,인제니아테라퓨틱스(Reg.S),49.00,"811,440","849,660",1.30
0168K0,TIGER 기술이전바이오액티브,20260826,389650,넥스트바이오메디컬,20.00,"659,000","671,000",1.03
0168K0,TIGER 기술이전바이오액티브,20260826,476060,온코닉테라퓨틱스,45.00,"646,650","650,700",0.99
0168K0,TIGER 기술이전바이오액티브,20260826,287840,인투셀,33.00,"631,290","638,220",0.98
0168K0,TIGER 기술이전바이오액티브,20260826,394800,쓰리빌리언,99.00,"535,590","535,590",0.82
0168K0,TIGER 기술이전바이오액티브,20260826,024850,HLB이노베이션,20.00,"277,000","276,000",0.42
0168K0,TIGER 기술이전바이오액티브,20260826,078160,메디포스트,30.00,"260,100","265,800",0.41
0168K0,TIGER 기술이전바이오액티브,20260826,468530,프로티나,7.00,"244,650","262,850",0.40
0168K0,TIGER 기술이전바이오액티브,20260826,0120G0,삼양바이오팜,4.00,"218,800","232,800",0.36
0168K0,TIGER 기술이전바이오액티브,20260826,338840,와이바이오로직스,25.00,"224,750","227,000",0.35
0168K0,TIGER 기술이전바이오액티브,20260826,389030,지니너스,44.00,"90,420","89,320",0.14
0168K0,TIGER 기술이전바이오액티브,20260826,358570,지아이이노베이션,1.00,"8,000","8,340",0.01
0168K0,TIGER 기술이전바이오액티브,20260826,321550,티움바이오,2.00,"8,250","8,240",0.01
0168K0,TIGER 기술이전바이오액티브,20260826,KRD010010001,원화현금,-,-,"2,450,116",3.75
0168K0,TIGER 기술이전바이오액티브,20260827,196170,알테오젠,19.00,"5,918,500","5,918,500",9.05
0168K0,TIGER 기술이전바이오액티브,20260827,226950,올릭스,54.00,"5,362,200","5,659,200",8.66
0168K0,TIGER 기술이전바이오액티브,20260827,141080,리가켐바이오,49.00,"4,816,700","4,880,400",7.47
0168K0,TIGER 기술이전바이오액티브,20260827,009420,한올바이오파마,63.00,"3,987,900","4,050,900",6.20
0168K0,TIGER 기술이전바이오액티브,20260827,128940,한미약품,8.00,"4,240,000","4,032,000",6.17
0168K0,TIGER 기술이전바이오액티브,20260827,298380,에이비엘바이오,46.00,"3,431,600","3,496,000",5.35
0168K0,TIGER 기술이전바이오액티브,20260827,068270,셀트리온,17.00,"3,287,800","3,252,100",4.97
0168K0,TIGER 기술이전바이오액티브,20260827,207940,삼성바이오로직스,2.00,"3,198,000","3,188,000",4.88
0168K0,TIGER 기술이전바이오액티브,20260827,475830,오름테라퓨틱,45.00,"3,069,000","3,006,000",4.60
0168K0,TIGER 기술이전바이오액티브,20260827,237690,에스티팜,27.00,"2,970,000","2,994,300",4.58
0168K0,TIGER 기술이전바이오액티브,20260827,476830,알지노믹스,90.00,"2,835,000","2,844,000",4.35
0168K0,TIGER 기술이전바이오액티브,20260827,456160,지투지바이오,61.00,"2,546,750","2,516,250",3.85
0168K0,TIGER 기술이전바이오액티브,20260827,174900,앱클론,85.00,"2,418,250","2,350,250",3.59
0168K0,TIGER 기술이전바이오액티브,20260827,039200,오스코텍,62.00,"2,225,800","2,173,100",3.32
0168K0,TIGER 기술이전바이오액티브,20260827,310210,보로노이,13.00,"2,155,400","2,171,000",3.32
0168K0,TIGER 기술이전바이오액티브,20260827,214450,파마리서치,5.00,"2,210,000","2,162,500",3.31
0168K0,TIGER 기술이전바이오액티브,20260827,347850,디앤디파마텍,30.00,"1,689,000","1,689,000",2.58
0168K0,TIGER 기술이전바이오액티브,20260827,003000,부광약품,348.00,"1,465,080","1,451,160",2.22
0168K0,TIGER 기술이전바이오액티브,20260827,397030,에이프릴바이오,69.00,"1,324,110","1,329,630",2.03
0168K0,TIGER 기술이전바이오액티브,20260827,950260,인제니아테라퓨틱스(Reg.S),49.00,"849,660","850,150",1.30
0168K0,TIGER 기술이전바이오액티브,20260827,326030,SK바이오팜,9.00,"824,400","792,000",1.21
0168K0,TIGER 기술이전바이오액티브,20260827,389650,넥스트바이오메디컬,20.00,"671,000","669,000",1.02
0168K0,TIGER 기술이전바이오액티브,20260827,476060,온코닉테라퓨틱스,45.00,"650,700","646,650",0.99
0168K0,TIGER 기술이전바이오액티브,20260827,287840,인투셀,33.00,"638,220","639,540",0.98
0168K0,TIGER 기술이전바이오액티브,20260827,394800,쓰리빌리언,99.00,"535,590","513,810",0.79
0168K0,TIGER 기술이전바이오액티브,20260827,024850,HLB이노베이션,20.00,"276,000","286,000",0.44
0168K0,TIGER 기술이전바이오액티브,20260827,468530,프로티나,7.00,"262,850","264,600",0.40
0168K0,TIGER 기술이전바이오액티브,20260827,078160,메디포스트,30.00,"265,800","262,200",0.40
0168K0,TIGER 기술이전바이오액티브,20260827,338840,와이바이오로직스,25.00,"227,000","225,250",0.34
0168K0,TIGER 기술이전바이오액티브,20260827,0120G0,삼양바이오팜,4.00,"232,800","219,200",0.34
0168K0,TIGER 기술이전바이오액티브,20260827,389030,지니너스,44.00,"89,320","88,440",0.14
0168K0,TIGER 기술이전바이오액티브,20260827,321550,티움바이오,2.00,"8,240","8,480",0.01
0168K0,TIGER 기술이전바이오액티브,20260827,358570,지아이이노베이션,1.00,"8,340","8,020",0.01
0168K0,TIGER 기술이전바이오액티브,20260827,KRD010010001,원화현금,-,-,"738,402",1.13
0168K0,TIGER 기술이전바이오액티브,20260828,196170,알테오젠,19.00,"5,918,500","6,080,000",9.25
0168K0,TIGER 기술이전바이오액티브,20260828,226950,올릭스,54.00,"5,659,200","5,718,600",8.70
0168K0,TIGER 기술이전바이오액티브,20260828,141080,리가켐바이오,49.00,"4,880,400","4,949,000",7.53
0168K0,TIGER 기술이전바이오액티브,20260828,009420,한올바이오파마,64.00,"4,115,200","4,134,400",6.29
0168K0,TIGER 기술이전바이오액티브,20260828,128940,한미약품,8.00,"4,032,000","4,072,000",6.20
0168K0,TIGER 기술이전바이오액티브,20260828,298380,에이비엘바이오,47.00,"3,572,000","3,614,300",5.50
0168K0,TIGER 기술이전바이오액티브,20260828,068270,셀트리온,17.00,"3,252,100","3,241,900",4.93
0168K0,TIGER 기술이전바이오액티브,20260828,237690,에스티팜,28.00,"3,105,200","3,085,600",4.70
0168K0,TIGER 기술이전바이오액티브,20260828,207940,삼성바이오로직스,2.00,"3,188,000","2,972,000",4.52
0168K0,TIGER 기술이전바이오액티브,20260828,475830,오름테라퓨틱,45.00,"3,006,000","2,970,000",4.52
0168K0,TIGER 기술이전바이오액티브,20260828,476830,알지노믹스,90.00,"2,844,000","2,821,500",4.29
0168K0,TIGER 기술이전바이오액티브,20260828,456160,지투지바이오,61.00,"2,516,250","2,662,650",4.05
0168K0,TIGER 기술이전바이오액티브,20260828,214450,파마리서치,5.00,"2,162,500","2,307,500",3.51
0168K0,TIGER 기술이전바이오액티브,20260828,310210,보로노이,13.00,"2,171,000","2,243,800",3.41
0168K0,TIGER 기술이전바이오액티브,20260828,039200,오스코텍,62.00,"2,173,100","2,219,600",3.38
0168K0,TIGER 기술이전바이오액티브,20260828,174900,앱클론,85.00,"2,350,250","2,214,250",3.37
0168K0,TIGER 기술이전바이오액티브,20260828,347850,디앤디파마텍,30.00,"1,689,000","1,668,000",2.54
0168K0,TIGER 기술이전바이오액티브,20260828,003000,부광약품,348.00,"1,451,160","1,461,600",2.22
0168K0,TIGER 기술이전바이오액티브,20260828,397030,에이프릴바이오,69.00,"1,329,630","1,279,950",1.95
0168K0,TIGER 기술이전바이오액티브,20260828,476060,온코닉테라퓨틱스,45.00,"646,650","664,650",1.01
0168K0,TIGER 기술이전바이오액티브,20260828,389650,넥스트바이오메디컬,20.00,"669,000","660,000",1.00
0168K0,TIGER 기술이전바이오액티브,20260828,287840,인투셀,31.00,"600,780","590,240",0.90
0168K0,TIGER 기술이전바이오액티브,20260828,394800,쓰리빌리언,99.00,"513,810","529,650",0.81
0168K0,TIGER 기술이전바이오액티브,20260828,326030,SK바이오팜,5.00,"440,000","440,000",0.67
0168K0,TIGER 기술이전바이오액티브,20260828,024850,HLB이노베이션,24.00,"343,200","354,240",0.54
0168K0,TIGER 기술이전바이오액티브,20260828,468530,프로티나,7.00,"264,600","251,300",0.38
0168K0,TIGER 기술이전바이오액티브,20260828,078160,메디포스트,25.00,"218,500","224,500",0.34
0168K0,TIGER 기술이전바이오액티브,20260828,338840,와이바이오로직스,25.00,"225,250","223,750",0.34
0168K0,TIGER 기술이전바이오액티브,20260828,0120G0,삼양바이오팜,2.00,"109,600","109,600",0.17
0168K0,TIGER 기술이전바이오액티브,20260828,389030,지니너스,30.00,"60,300","60,150",0.09
0168K0,TIGER 기술이전바이오액티브,20260828,358570,지아이이노베이션,1.00,"8,020","8,090",0.01
0168K0,TIGER 기술이전바이오액티브,20260828,321550,티움바이오,1.00,"4,240","4,285",0.01
0168K0,TIGER 기술이전바이오액티브,20260828,KRD010010001,원화현금,-,-,"1,868,009",2.84
463050,TIME K바이오액티브,20260824,068270,셀트리온,520.00,"99,996,000","100,880,000",15.12
463050,TIME K바이오액티브,20260824,196170,알테오젠,236.00,"75,520,000","75,638,000",11.34
463050,TIME K바이오액티브,20260824,128940,한미약품,85.00,"35,317,500","45,900,000",6.88
463050,TIME K바이오액티브,20260824,298380,에이비엘바이오,604.00,"45,420,800","45,783,200",6.86
463050,TIME K바이오액티브,20260824,226950,올릭스,373.00,"36,591,300","38,120,600",5.71
463050,TIME K바이오액티브,20260824,207940,삼성바이오로직스,24.00,"37,224,000","37,752,000",5.66
463050,TIME K바이오액티브,20260824,009420,한올바이오파마,497.00,"28,080,500","29,720,600",4.45
463050,TIME K바이오액티브,20260824,141080,리가켐바이오,264.00,"26,400,000","27,165,600",4.07
463050,TIME K바이오액티브,20260824,068760,셀트리온제약,632.00,"26,259,600","27,049,600",4.05
463050,TIME K바이오액티브,20260824,310210,보로노이,156.00,"23,727,600","26,145,600",3.92
463050,TIME K바이오액티브,20260824,475830,오름테라퓨틱,339.00,"21,018,000","24,577,500",3.68
463050,TIME K바이오액티브,20260824,000100,유한양행,285.00,"23,455,500","24,025,500",3.60
463050,TIME K바이오액티브,20260824,347850,디앤디파마텍,412.00,"21,959,600","23,607,600",3.54
463050,TIME K바이오액티브,20260824,456160,지투지바이오,396.00,"14,810,400","15,028,200",2.25
463050,TIME K바이오액티브,20260824,0126Z0,삼성에피스홀딩스,39.00,"14,040,000","14,371,500",2.15
463050,TIME K바이오액티브,20260824,145020,휴젤,50.00,"12,250,000","12,525,000",1.88
463050,TIME K바이오액티브,20260824,214450,파마리서치,30.00,"12,015,000","12,480,000",1.87
463050,TIME K바이오액티브,20260824,039200,오스코텍,301.00,"11,046,700","11,513,250",1.73
463050,TIME K바이오액티브,20260824,028300,HLB,300.00,"11,595,000","11,355,000",1.70
463050,TIME K바이오액티브,20260824,476830,알지노믹스,341.00,"10,281,150","10,673,300",1.60
463050,TIME K바이오액티브,20260824,458870,씨어스,401.00,"8,380,900","8,441,050",1.27
463050,TIME K바이오액티브,20260824,389470,인벤티지랩,276.00,"7,852,200","8,252,400",1.24
463050,TIME K바이오액티브,20260824,237690,에스티팜,66.00,"6,580,200","7,273,200",1.09
463050,TIME K바이오액티브,20260824,491000,리브스메드,201.00,"6,723,450","7,045,050",1.06
463050,TIME K바이오액티브,20260824,397030,에이프릴바이오,253.00,"5,019,520","5,044,820",0.76
463050,TIME K바이오액티브,20260824,0009K0,에임드바이오,101.00,"2,474,500","2,620,950",0.39
463050,TIME K바이오액티브,20260824,174900,앱클론,82.00,"2,259,100","2,472,300",0.37
463050,TIME K바이오액티브,20260824,475960,토모큐브,60.00,"1,731,000","1,950,000",0.29
463050,TIME K바이오액티브,20260824,358570,지아이이노베이션,118.00,"900,340","962,880",0.14
463050,TIME K바이오액티브,20260824,007390,네이처셀,17.00,"403,750","401,200",0.06
463050,TIME K바이오액티브,20260824,KRD010010001,원화현금,-,-,"8,446,737",1.27
463050,TIME K바이오액티브,20260825,068270,셀트리온,520.00,"100,880,000","98,592,000",15.08
463050,TIME K바이오액티브,20260825,196170,알테오젠,236.00,"75,638,000","72,098,000",11.03
463050,TIME K바이오액티브,20260825,298380,에이비엘바이오,604.00,"45,783,200","45,058,400",6.89
463050,TIME K바이오액티브,20260825,128940,한미약품,85.00,"45,900,000","42,585,000",6.52
463050,TIME K바이오액티브,20260825,207940,삼성바이오로직스,24.00,"37,752,000","38,040,000",5.82
463050,TIME K바이오액티브,20260825,226950,올릭스,373.00,"38,120,600","37,449,200",5.73
463050,TIME K바이오액티브,20260825,009420,한올바이오파마,497.00,"29,720,600","30,167,900",4.62
463050,TIME K바이오액티브,20260825,068760,셀트리온제약,632.00,"27,049,600","26,544,000",4.06
463050,TIME K바이오액티브,20260825,141080,리가켐바이오,264.00,"27,165,600","26,320,800",4.03
463050,TIME K바이오액티브,20260825,310210,보로노이,156.00,"26,145,600","26,223,600",4.01
463050,TIME K바이오액티브,20260825,475830,오름테라퓨틱,339.00,"24,577,500","23,967,300",3.67
463050,TIME K바이오액티브,20260825,000100,유한양행,285.00,"24,025,500","23,740,500",3.63
463050,TIME K바이오액티브,20260825,347850,디앤디파마텍,412.00,"23,607,600","23,154,400",3.54
463050,TIME K바이오액티브,20260825,456160,지투지바이오,396.00,"15,028,200","14,850,000",2.27
463050,TIME K바이오액티브,20260825,0126Z0,삼성에피스홀딩스,39.00,"14,371,500","14,274,000",2.18
463050,TIME K바이오액티브,20260825,214450,파마리서치,30.00,"12,480,000","12,435,000",1.90
463050,TIME K바이오액티브,20260825,145020,휴젤,50.00,"12,525,000","12,425,000",1.90
463050,TIME K바이오액티브,20260825,028300,HLB,300.00,"11,355,000","11,490,000",1.76
463050,TIME K바이오액티브,20260825,039200,오스코텍,301.00,"11,513,250","11,227,300",1.72
463050,TIME K바이오액티브,20260825,476830,알지노믹스,341.00,"10,673,300","10,894,950",1.67
463050,TIME K바이오액티브,20260825,458870,씨어스,401.00,"8,441,050","8,441,050",1.29
463050,TIME K바이오액티브,20260825,389470,인벤티지랩,276.00,"8,252,400","8,197,200",1.25
463050,TIME K바이오액티브,20260825,237690,에스티팜,66.00,"7,273,200","7,042,200",1.08
463050,TIME K바이오액티브,20260825,491000,리브스메드,201.00,"7,045,050","6,994,800",1.07
463050,TIME K바이오액티브,20260825,397030,에이프릴바이오,253.00,"5,044,820","4,925,910",0.75
463050,TIME K바이오액티브,20260825,0009K0,에임드바이오,101.00,"2,620,950","2,626,000",0.40
463050,TIME K바이오액티브,20260825,174900,앱클론,82.00,"2,472,300","2,320,600",0.36
463050,TIME K바이오액티브,20260825,475960,토모큐브,60.00,"1,950,000","1,875,000",0.29
463050,TIME K바이오액티브,20260825,358570,지아이이노베이션,118.00,"962,880","944,000",0.14
463050,TIME K바이오액티브,20260825,007390,네이처셀,17.00,"401,200","422,450",0.06
463050,TIME K바이오액티브,20260825,KRD010010001,원화현금,-,-,"8,284,765",1.27
463050,TIME K바이오액티브,20260826,068270,셀트리온,451.00,"85,509,600","87,223,400",13.15
463050,TIME K바이오액티브,20260826,196170,알테오젠,216.00,"65,988,000","67,284,000",10.14
463050,TIME K바이오액티브,20260826,128940,한미약품,109.00,"54,609,000","57,770,000",8.71
463050,TIME K바이오액티브,20260826,298380,에이비엘바이오,604.00,"45,058,400","45,058,400",6.79
463050,TIME K바이오액티브,20260826,207940,삼성바이오로직스,24.00,"38,040,000","38,376,000",5.78
463050,TIME K바이오액티브,20260826,226950,올릭스,373.00,"37,449,200","37,038,900",5.58
463050,TIME K바이오액티브,20260826,009420,한올바이오파마,496.00,"30,107,200","31,396,800",4.73
463050,TIME K바이오액티브,20260826,475830,오름테라퓨틱,430.00,"30,401,000","29,326,000",4.42
463050,TIME K바이오액티브,20260826,068760,셀트리온제약,632.00,"26,544,000","26,891,600",4.05
463050,TIME K바이오액티브,20260826,141080,리가켐바이오,264.00,"26,320,800","25,951,200",3.91
463050,TIME K바이오액티브,20260826,310210,보로노이,156.00,"26,223,600","25,864,800",3.90
463050,TIME K바이오액티브,20260826,000100,유한양행,285.00,"23,740,500","24,709,500",3.72
463050,TIME K바이오액티브,20260826,347850,디앤디파마텍,412.00,"23,154,400","23,195,600",3.50
463050,TIME K바이오액티브,20260826,456160,지투지바이오,396.00,"14,850,000","16,533,000",2.49
463050,TIME K바이오액티브,20260826,0126Z0,삼성에피스홀딩스,39.00,"14,274,000","14,820,000",2.23
463050,TIME K바이오액티브,20260826,214450,파마리서치,30.00,"12,435,000","13,260,000",2.00
463050,TIME K바이오액티브,20260826,145020,휴젤,50.00,"12,425,000","12,525,000",1.89
463050,TIME K바이오액티브,20260826,028300,HLB,300.00,"11,490,000","10,950,000",1.65
463050,TIME K바이오액티브,20260826,039200,오스코텍,301.00,"11,227,300","10,805,900",1.63
463050,TIME K바이오액티브,20260826,476830,알지노믹스,341.00,"10,894,950","10,741,500",1.62
463050,TIME K바이오액티브,20260826,458870,씨어스,401.00,"8,441,050","8,441,050",1.27
463050,TIME K바이오액티브,20260826,389470,인벤티지랩,276.00,"8,197,200","8,266,200",1.25
463050,TIME K바이오액티브,20260826,237690,에스티팜,67.00,"7,148,900","7,370,000",1.11
463050,TIME K바이오액티브,20260826,491000,리브스메드,201.00,"6,994,800","6,984,750",1.05
463050,TIME K바이오액티브,20260826,397030,에이프릴바이오,257.00,"5,003,790","4,931,830",0.74
463050,TIME K바이오액티브,20260826,0009K0,에임드바이오,102.00,"2,652,000","2,590,800",0.39
463050,TIME K바이오액티브,20260826,174900,앱클론,83.00,"2,348,900","2,361,350",0.36
463050,TIME K바이오액티브,20260826,475960,토모큐브,60.00,"1,875,000","1,914,000",0.29
463050,TIME K바이오액티브,20260826,358570,지아이이노베이션,119.00,"952,000","992,460",0.15
463050,TIME K바이오액티브,20260826,007390,네이처셀,17.00,"422,450","415,650",0.06
463050,TIME K바이오액티브,20260826,KRD010010001,원화현금,-,-,"9,419,262",1.42
463050,TIME K바이오액티브,20260827,068270,셀트리온,451.00,"87,223,400","86,276,300",13.07
463050,TIME K바이오액티브,20260827,196170,알테오젠,216.00,"67,284,000","67,284,000",10.19
463050,TIME K바이오액티브,20260827,128940,한미약품,109.00,"57,770,000","54,936,000",8.32
463050,TIME K바이오액티브,20260827,298380,에이비엘바이오,604.00,"45,058,400","45,904,000",6.95
463050,TIME K바이오액티브,20260827,226950,올릭스,373.00,"37,038,900","39,090,400",5.92
463050,TIME K바이오액티브,20260827,207940,삼성바이오로직스,24.00,"38,376,000","38,256,000",5.79
463050,TIME K바이오액티브,20260827,009420,한올바이오파마,496.00,"31,396,800","31,892,800",4.83
463050,TIME K바이오액티브,20260827,475830,오름테라퓨틱,430.00,"29,326,000","28,724,000",4.35
463050,TIME K바이오액티브,20260827,068760,셀트리온제약,632.00,"26,891,600","26,544,000",4.02
463050,TIME K바이오액티브,20260827,141080,리가켐바이오,264.00,"25,951,200","26,294,400",3.98
463050,TIME K바이오액티브,20260827,310210,보로노이,156.00,"25,864,800","26,052,000",3.95
463050,TIME K바이오액티브,20260827,000100,유한양행,285.00,"24,709,500","23,569,500",3.57
463050,TIME K바이오액티브,20260827,347850,디앤디파마텍,412.00,"23,195,600","23,195,600",3.51
463050,TIME K바이오액티브,20260827,456160,지투지바이오,396.00,"16,533,000","16,335,000",2.47
463050,TIME K바이오액티브,20260827,0126Z0,삼성에피스홀딩스,39.00,"14,820,000","15,054,000",2.28
463050,TIME K바이오액티브,20260827,214450,파마리서치,30.00,"13,260,000","12,975,000",1.97
463050,TIME K바이오액티브,20260827,145020,휴젤,50.00,"12,525,000","12,275,000",1.86
463050,TIME K바이오액티브,20260827,476830,알지노믹스,341.00,"10,741,500","10,775,600",1.63
463050,TIME K바이오액티브,20260827,028300,HLB,300.00,"10,950,000","10,635,000",1.61
463050,TIME K바이오액티브,20260827,039200,오스코텍,301.00,"10,805,900","10,550,050",1.60
463050,TIME K바이오액티브,20260827,458870,씨어스,401.00,"8,441,050","8,741,800",1.32
463050,TIME K바이오액티브,20260827,389470,인벤티지랩,276.00,"8,266,200","8,059,200",1.22
463050,TIME K바이오액티브,20260827,237690,에스티팜,67.00,"7,370,000","7,430,300",1.13
463050,TIME K바이오액티브,20260827,491000,리브스메드,201.00,"6,984,750","6,733,500",1.02
463050,TIME K바이오액티브,20260827,397030,에이프릴바이오,257.00,"4,931,830","4,952,390",0.75
463050,TIME K바이오액티브,20260827,0009K0,에임드바이오,102.00,"2,590,800","2,621,400",0.40
463050,TIME K바이오액티브,20260827,174900,앱클론,83.00,"2,361,350","2,294,950",0.35
463050,TIME K바이오액티브,20260827,475960,토모큐브,60.00,"1,914,000","1,848,000",0.28
463050,TIME K바이오액티브,20260827,358570,지아이이노베이션,119.00,"992,460","954,380",0.14
463050,TIME K바이오액티브,20260827,007390,네이처셀,17.00,"415,650","444,550",0.07
463050,TIME K바이오액티브,20260827,KRD010010001,원화현금,-,-,"9,508,200",1.44
463050,TIME K바이오액티브,20260828,196170,알테오젠,216.00,"67,284,000","69,120,000",10.39
463050,TIME K바이오액티브,20260828,068270,셀트리온,314.00,"60,068,200","59,879,800",9.00
463050,TIME K바이오액티브,20260828,128940,한미약품,109.00,"54,936,000","55,481,000",8.34
463050,TIME K바이오액티브,20260828,298380,에이비엘바이오,604.00,"45,904,000","46,447,600",6.98
463050,TIME K바이오액티브,20260828,226950,올릭스,373.00,"39,090,400","39,500,700",5.94
463050,TIME K바이오액티브,20260828,207940,삼성바이오로직스,24.00,"38,256,000","35,664,000",5.36
463050,TIME K바이오액티브,20260828,310210,보로노이,195.00,"32,565,000","33,657,000",5.06
463050,TIME K바이오액티브,20260828,009420,한올바이오파마,496.00,"31,892,800","32,041,600",4.82
463050,TIME K바이오액티브,20260828,475830,오름테라퓨틱,430.00,"28,724,000","28,380,000",4.27
463050,TIME K바이오액티브,20260828,237690,에스티팜,246.00,"27,281,400","27,109,200",4.08
463050,TIME K바이오액티브,20260828,068760,셀트리온제약,632.00,"26,544,000","26,923,200",4.05
463050,TIME K바이오액티브,20260828,141080,리가켐바이오,264.00,"26,294,400","26,664,000",4.01
463050,TIME K바이오액티브,20260828,000100,유한양행,285.00,"23,569,500","24,196,500",3.64
463050,TIME K바이오액티브,20260828,347850,디앤디파마텍,412.00,"23,195,600","22,907,200",3.44
463050,TIME K바이오액티브,20260828,456160,지투지바이오,396.00,"16,335,000","17,285,400",2.60
463050,TIME K바이오액티브,20260828,476830,알지노믹스,550.00,"17,380,000","17,242,500",2.59
463050,TIME K바이오액티브,20260828,214450,파마리서치,30.00,"12,975,000","13,845,000",2.08
463050,TIME K바이오액티브,20260828,145020,휴젤,50.00,"12,275,000","12,950,000",1.95
463050,TIME K바이오액티브,20260828,028300,HLB,300.00,"10,635,000","10,800,000",1.62
463050,TIME K바이오액티브,20260828,039200,오스코텍,301.00,"10,550,050","10,775,800",1.62
463050,TIME K바이오액티브,20260828,950260,인제니아테라퓨틱스(Reg.S),496.00,"8,605,600","8,928,000",1.34
463050,TIME K바이오액티브,20260828,458870,씨어스,401.00,"8,741,800","8,862,100",1.33
463050,TIME K바이오액티브,20260828,389470,인벤티지랩,276.00,"8,059,200","8,017,800",1.21
463050,TIME K바이오액티브,20260828,491000,리브스메드,201.00,"6,733,500","6,723,450",1.01
463050,TIME K바이오액티브,20260828,397030,에이프릴바이오,258.00,"4,971,660","4,785,900",0.72
463050,TIME K바이오액티브,20260828,0009K0,에임드바이오,102.00,"2,621,400","2,560,200",0.39
463050,TIME K바이오액티브,20260828,174900,앱클론,83.00,"2,294,950","2,162,150",0.33
463050,TIME K바이오액티브,20260828,475960,토모큐브,60.00,"1,848,000","1,803,000",0.27
463050,TIME K바이오액티브,20260828,358570,지아이이노베이션,119.00,"954,380","962,710",0.14
463050,TIME K바이오액티브,20260828,007390,네이처셀,17.00,"444,550","429,250",0.06
463050,TIME K바이오액티브,20260828,KRD010010001,원화현금,-,-,"8,880,392",1.34
0162Y0,TIME 코스닥액티브,20260824,196170,알테오젠,83.00,"26,560,000","26,601,500",7.38
0162Y0,TIME 코스닥액티브,20260824,036930,주성엔지니어링,105.00,"17,703,000","17,430,000",4.83
0162Y0,TIME 코스닥액티브,20260824,119850,지엔씨에너지,341.00,"16,453,250","16,709,000",4.63
0162Y0,TIME 코스닥액티브,20260824,095610,테스,119.00,"15,815,100","15,874,600",4.40
0162Y0,TIME 코스닥액티브,20260824,222800,심텍,149.00,"14,855,300","15,674,800",4.35
0162Y0,TIME 코스닥액티브,20260824,277810,레인보우로보틱스,28.00,"12,712,000","12,446,000",3.45
0162Y0,TIME 코스닥액티브,20260824,058610,에스피지,119.00,"11,364,500","11,186,000",3.10
0162Y0,TIME 코스닥액티브,20260824,080220,제주반도체,137.00,"10,069,500","9,973,600",2.77
0162Y0,TIME 코스닥액티브,20260824,108490,로보티즈,39.00,"9,906,000","9,652,500",2.68
0162Y0,TIME 코스닥액티브,20260824,086520,에코프로,106.00,"8,660,200","9,317,400",2.58
0162Y0,TIME 코스닥액티브,20260824,403870,HPSP,202.00,"9,069,800","8,877,900",2.46
0162Y0,TIME 코스닥액티브,20260824,240810,원익IPS,69.00,"7,445,100","7,341,600",2.04
0162Y0,TIME 코스닥액티브,20260824,089970,브이엠,115.00,"6,681,500","6,727,500",1.87
0162Y0,TIME 코스닥액티브,20260824,084370,유진테크,49.00,"6,296,500","6,649,300",1.84
0162Y0,TIME 코스닥액티브,20260824,067310,하나마이크론,191.00,"6,685,000","6,589,500",1.83
0162Y0,TIME 코스닥액티브,20260824,420770,기가비스,59.00,"6,212,700","6,171,400",1.71
0162Y0,TIME 코스닥액티브,20260824,095340,ISC,40.00,"6,172,000","6,168,000",1.71
0162Y0,TIME 코스닥액티브,20260824,141080,리가켐바이오,59.00,"5,900,000","6,071,100",1.68
0162Y0,TIME 코스닥액티브,20260824,059090,미코,350.00,"6,037,500","6,055,000",1.68
0162Y0,TIME 코스닥액티브,20260824,161580,필옵틱스,220.00,"5,808,000","5,742,000",1.59
0162Y0,TIME 코스닥액티브,20260824,347700,스피어,249.00,"5,839,050","5,739,450",1.59
0162Y0,TIME 코스닥액티브,20260824,131970,두산테스나,75.00,"5,767,500","5,632,500",1.56
0162Y0,TIME 코스닥액티브,20260824,440110,파두,89.00,"5,509,100","5,518,000",1.53
0162Y0,TIME 코스닥액티브,20260824,214450,파마리서치,13.00,"5,206,500","5,408,000",1.50
0162Y0,TIME 코스닥액티브,20260824,031980,피에스케이홀딩스,47.00,"5,052,500","5,179,400",1.44
0162Y0,TIME 코스닥액티브,20260824,247540,에코프로비엠,44.00,"4,646,400","5,148,000",1.43
0162Y0,TIME 코스닥액티브,20260824,171090,선익시스템,80.00,"5,192,000","5,120,000",1.42
0162Y0,TIME 코스닥액티브,20260824,140860,파크시스템스,19.00,"4,930,500","5,035,000",1.40
0162Y0,TIME 코스닥액티브,20260824,290650,엘앤씨바이오,99.00,"5,049,000","5,009,400",1.39
0162Y0,TIME 코스닥액티브,20260824,064290,인텍플러스,153.00,"4,911,300","5,003,100",1.39
0162Y0,TIME 코스닥액티브,20260824,319660,피에스케이,37.00,"4,521,400","4,636,100",1.29
0162Y0,TIME 코스닥액티브,20260824,138080,오이솔루션,192.00,"4,492,800","4,531,200",1.26
0162Y0,TIME 코스닥액티브,20260824,082920,비츠로셀,146.00,"4,453,000","4,467,600",1.24
0162Y0,TIME 코스닥액티브,20260824,078600,대주전자재료,50.00,"4,145,000","4,380,000",1.21
0162Y0,TIME 코스닥액티브,20260824,356860,티엘비,122.00,"3,794,200","4,117,500",1.14
0162Y0,TIME 코스닥액티브,20260824,010170,대한광통신,308.00,"3,732,960","4,050,200",1.12
0162Y0,TIME 코스닥액티브,20260824,226950,올릭스,39.00,"3,825,900","3,985,800",1.11
0162Y0,TIME 코스닥액티브,20260824,131290,티에스이,15.00,"3,330,000","3,682,500",1.02
0162Y0,TIME 코스닥액티브,20260824,347850,디앤디파마텍,62.00,"3,304,600","3,552,600",0.99
0162Y0,TIME 코스닥액티브,20260824,100790,미래에셋벤처투자,221.00,"3,204,500","3,509,480",0.97
0162Y0,TIME 코스닥액티브,20260824,491000,리브스메드,100.00,"3,345,000","3,505,000",0.97
0162Y0,TIME 코스닥액티브,20260824,028300,HLB,88.00,"3,401,200","3,330,800",0.92
0162Y0,TIME 코스닥액티브,20260824,323280,태성,65.00,"3,149,250","3,100,500",0.86
0162Y0,TIME 코스닥액티브,20260824,417200,LS머트리얼즈,252.00,"2,736,720","2,782,080",0.77
0162Y0,TIME 코스닥액티브,20260824,257720,실리콘투,53.00,"2,525,450","2,620,850",0.73
0162Y0,TIME 코스닥액티브,20260824,476830,알지노믹스,80.00,"2,412,000","2,504,000",0.69
0162Y0,TIME 코스닥액티브,20260824,178320,서진시스템,62.00,"2,247,500","2,365,300",0.66
0162Y0,TIME 코스닥액티브,20260824,218410,RFHIC,50.00,"2,357,500","2,310,000",0.64
0162Y0,TIME 코스닥액티브,20260824,033640,네패스,120.00,"2,186,400","2,300,400",0.64
0162Y0,TIME 코스닥액티브,20260824,089010,켐트로닉스,105.00,"2,262,750","2,268,000",0.63
0162Y0,TIME 코스닥액티브,20260824,452280,한선엔지니어링,213.00,"2,110,830","2,221,590",0.62
0162Y0,TIME 코스닥액티브,20260824,099320,쎄트렉아이,30.00,"2,082,000","2,133,000",0.59
0162Y0,TIME 코스닥액티브,20260824,077360,덕산하이메탈,224.00,"2,094,400","2,116,800",0.59
0162Y0,TIME 코스닥액티브,20260824,189300,인텔리안테크,30.00,"1,887,000","1,962,000",0.54
0162Y0,TIME 코스닥액티브,20260824,298380,에이비엘바이오,25.00,"1,880,000","1,895,000",0.53
0162Y0,TIME 코스닥액티브,20260824,058470,리노공업,29.00,"1,905,300","1,873,400",0.52
0162Y0,TIME 코스닥액티브,20260824,327260,RF머트리얼즈,51.00,"1,677,900","1,746,750",0.48
0162Y0,TIME 코스닥액티브,20260824,448900,한국피아이엠,33.00,"1,739,100","1,669,800",0.46
0162Y0,TIME 코스닥액티브,20260824,080580,오킨스전자,97.00,"1,619,900","1,568,490",0.43
0162Y0,TIME 코스닥액티브,20260824,295310,에이치브이엠,32.00,"1,432,000","1,436,800",0.40
0162Y0,TIME 코스닥액티브,20260824,310210,보로노이,8.00,"1,216,800","1,340,800",0.37
0162Y0,TIME 코스닥액티브,20260824,393890,더블유씨피,144.00,"1,238,400","1,297,440",0.36
0162Y0,TIME 코스닥액티브,20260824,0088M0,메쥬,77.00,"927,850","1,010,240",0.28
0162Y0,TIME 코스닥액티브,20260824,332570,PS일렉트로닉스,116.00,"1,040,520","1,005,720",0.28
0162Y0,TIME 코스닥액티브,20260824,KRD010010001,원화현금,-,-,"5,254,166",1.46
0162Y0,TIME 코스닥액티브,20260825,196170,알테오젠,83.00,"26,601,500","25,356,500",6.81
0162Y0,TIME 코스닥액티브,20260825,036930,주성엔지니어링,105.00,"17,430,000","18,774,000",5.04
0162Y0,TIME 코스닥액티브,20260825,222800,심텍,149.00,"15,674,800","17,418,100",4.67
0162Y0,TIME 코스닥액티브,20260825,119850,지엔씨에너지,341.00,"16,709,000","17,356,900",4.66
0162Y0,TIME 코스닥액티브,20260825,095610,테스,119.00,"15,874,600","16,541,000",4.44
0162Y0,TIME 코스닥액티브,20260825,277810,레인보우로보틱스,28.00,"12,446,000","12,726,000",3.42
0162Y0,TIME 코스닥액티브,20260825,058610,에스피지,119.00,"11,186,000","11,483,500",3.08
0162Y0,TIME 코스닥액티브,20260825,080220,제주반도체,137.00,"9,973,600","10,535,300",2.83
0162Y0,TIME 코스닥액티브,20260825,108490,로보티즈,39.00,"9,652,500","9,945,000",2.67
0162Y0,TIME 코스닥액티브,20260825,403870,HPSP,202.00,"8,877,900","9,797,000",2.63
0162Y0,TIME 코스닥액티브,20260825,086520,에코프로,106.00,"9,317,400","9,031,200",2.42
0162Y0,TIME 코스닥액티브,20260825,240810,원익IPS,69.00,"7,341,600","7,748,700",2.08
0162Y0,TIME 코스닥액티브,20260825,067310,하나마이크론,191.00,"6,589,500","7,181,600",1.93
0162Y0,TIME 코스닥액티브,20260825,089970,브이엠,115.00,"6,727,500","6,911,500",1.85
0162Y0,TIME 코스닥액티브,20260825,059090,미코,350.00,"6,055,000","6,888,000",1.85
0162Y0,TIME 코스닥액티브,20260825,084370,유진테크,49.00,"6,649,300","6,771,800",1.82
0162Y0,TIME 코스닥액티브,20260825,095340,ISC,40.00,"6,168,000","6,612,000",1.77
0162Y0,TIME 코스닥액티브,20260825,420770,기가비스,59.00,"6,171,400","6,348,400",1.70
0162Y0,TIME 코스닥액티브,20260825,161580,필옵틱스,220.00,"5,742,000","6,028,000",1.62
0162Y0,TIME 코스닥액티브,20260825,131970,두산테스나,75.00,"5,632,500","5,977,500",1.60
0162Y0,TIME 코스닥액티브,20260825,141080,리가켐바이오,59.00,"6,071,100","5,882,300",1.58
0162Y0,TIME 코스닥액티브,20260825,347700,스피어,249.00,"5,739,450","5,863,950",1.57
0162Y0,TIME 코스닥액티브,20260825,440110,파두,89.00,"5,518,000","5,722,700",1.54
0162Y0,TIME 코스닥액티브,20260825,031980,피에스케이홀딩스,47.00,"5,179,400","5,672,900",1.52
0162Y0,TIME 코스닥액티브,20260825,064290,인텍플러스,153.00,"5,003,100","5,477,400",1.47
0162Y0,TIME 코스닥액티브,20260825,214450,파마리서치,13.00,"5,408,000","5,388,500",1.45
0162Y0,TIME 코스닥액티브,20260825,171090,선익시스템,80.00,"5,120,000","5,184,000",1.39
0162Y0,TIME 코스닥액티브,20260825,290650,엘앤씨바이오,99.00,"5,009,400","5,177,700",1.39
0162Y0,TIME 코스닥액티브,20260825,140860,파크시스템스,19.00,"5,035,000","5,092,000",1.37
0162Y0,TIME 코스닥액티브,20260825,247540,에코프로비엠,44.00,"5,148,000","4,950,000",1.33
0162Y0,TIME 코스닥액티브,20260825,319660,피에스케이,37.00,"4,636,100","4,806,300",1.29
0162Y0,TIME 코스닥액티브,20260825,356860,티엘비,122.00,"4,117,500","4,721,400",1.27
0162Y0,TIME 코스닥액티브,20260825,082920,비츠로셀,146.00,"4,467,600","4,547,900",1.22
0162Y0,TIME 코스닥액티브,20260825,138080,오이솔루션,192.00,"4,531,200","4,464,000",1.20
0162Y0,TIME 코스닥액티브,20260825,078600,대주전자재료,50.00,"4,380,000","4,385,000",1.18
0162Y0,TIME 코스닥액티브,20260825,010170,대한광통신,308.00,"4,050,200","4,158,000",1.12
0162Y0,TIME 코스닥액티브,20260825,226950,올릭스,39.00,"3,985,800","3,915,600",1.05
0162Y0,TIME 코스닥액티브,20260825,131290,티에스이,15.00,"3,682,500","3,735,000",1.00
0162Y0,TIME 코스닥액티브,20260825,100790,미래에셋벤처투자,221.00,"3,509,480","3,571,360",0.96
0162Y0,TIME 코스닥액티브,20260825,347850,디앤디파마텍,62.00,"3,552,600","3,484,400",0.94
0162Y0,TIME 코스닥액티브,20260825,491000,리브스메드,100.00,"3,505,000","3,480,000",0.93
0162Y0,TIME 코스닥액티브,20260825,028300,HLB,88.00,"3,330,800","3,370,400",0.90
0162Y0,TIME 코스닥액티브,20260825,323280,태성,65.00,"3,100,500","3,220,750",0.86
0162Y0,TIME 코스닥액티브,20260825,417200,LS머트리얼즈,252.00,"2,782,080","2,840,040",0.76
0162Y0,TIME 코스닥액티브,20260825,257720,실리콘투,53.00,"2,620,850","2,750,700",0.74
0162Y0,TIME 코스닥액티브,20260825,476830,알지노믹스,80.00,"2,504,000","2,556,000",0.69
0162Y0,TIME 코스닥액티브,20260825,033640,네패스,120.00,"2,300,400","2,526,000",0.68
0162Y0,TIME 코스닥액티브,20260825,089010,켐트로닉스,105.00,"2,268,000","2,394,000",0.64
0162Y0,TIME 코스닥액티브,20260825,178320,서진시스템,62.00,"2,365,300","2,380,800",0.64
0162Y0,TIME 코스닥액티브,20260825,218410,RFHIC,50.00,"2,310,000","2,347,500",0.63
0162Y0,TIME 코스닥액티브,20260825,452280,한선엔지니어링,213.00,"2,221,590","2,221,590",0.60
0162Y0,TIME 코스닥액티브,20260825,077360,덕산하이메탈,224.00,"2,116,800","2,208,640",0.59
0162Y0,TIME 코스닥액티브,20260825,099320,쎄트렉아이,30.00,"2,133,000","2,157,000",0.58
0162Y0,TIME 코스닥액티브,20260825,189300,인텔리안테크,30.00,"1,962,000","1,962,000",0.53
0162Y0,TIME 코스닥액티브,20260825,058470,리노공업,29.00,"1,873,400","1,954,600",0.52
0162Y0,TIME 코스닥액티브,20260825,080580,오킨스전자,97.00,"1,568,490","1,881,800",0.51
0162Y0,TIME 코스닥액티브,20260825,298380,에이비엘바이오,25.00,"1,895,000","1,865,000",0.50
0162Y0,TIME 코스닥액티브,20260825,327260,RF머트리얼즈,51.00,"1,746,750","1,762,050",0.47
0162Y0,TIME 코스닥액티브,20260825,448900,한국피아이엠,33.00,"1,669,800","1,689,600",0.45
0162Y0,TIME 코스닥액티브,20260825,295310,에이치브이엠,32.00,"1,436,800","1,507,200",0.40
0162Y0,TIME 코스닥액티브,20260825,310210,보로노이,8.00,"1,340,800","1,344,800",0.36
0162Y0,TIME 코스닥액티브,20260825,393890,더블유씨피,144.00,"1,297,440","1,252,800",0.34
0162Y0,TIME 코스닥액티브,20260825,0088M0,메쥬,77.00,"1,010,240","1,015,630",0.27
0162Y0,TIME 코스닥액티브,20260825,332570,PS일렉트로닉스,116.00,"1,005,720","1,002,240",0.27
0162Y0,TIME 코스닥액티브,20260825,KRD010010001,원화현금,-,-,"5,280,225",1.42
0162Y0,TIME 코스닥액티브,20260826,222800,심텍,210.00,"24,549,000","23,667,000",6.40
0162Y0,TIME 코스닥액티브,20260826,036930,주성엔지니어링,105.00,"18,774,000","18,207,000",4.93
0162Y0,TIME 코스닥액티브,20260826,095610,테스,119.00,"16,541,000","16,433,900",4.45
0162Y0,TIME 코스닥액티브,20260826,119850,지엔씨에너지,299.00,"15,219,100","15,428,400",4.17
0162Y0,TIME 코스닥액티브,20260826,196170,알테오젠,48.00,"14,664,000","14,952,000",4.04
0162Y0,TIME 코스닥액티브,20260826,277810,레인보우로보틱스,28.00,"12,726,000","12,614,000",3.41
0162Y0,TIME 코스닥액티브,20260826,058610,에스피지,120.00,"11,580,000","11,292,000",3.05
0162Y0,TIME 코스닥액티브,20260826,080220,제주반도체,137.00,"10,535,300","10,425,700",2.82
0162Y0,TIME 코스닥액티브,20260826,403870,HPSP,202.00,"9,797,000","9,797,000",2.65
0162Y0,TIME 코스닥액티브,20260826,108490,로보티즈,37.00,"9,435,000","9,268,500",2.51
0162Y0,TIME 코스닥액티브,20260826,086520,에코프로,106.00,"9,031,200","9,222,000",2.49
0162Y0,TIME 코스닥액티브,20260826,131290,티에스이,35.00,"8,715,000","8,802,500",2.38
0162Y0,TIME 코스닥액티브,20260826,240810,원익IPS,69.00,"7,748,700","7,541,700",2.04
0162Y0,TIME 코스닥액티브,20260826,059090,미코,363.00,"7,143,840","7,071,240",1.91
0162Y0,TIME 코스닥액티브,20260826,067310,하나마이크론,191.00,"7,181,600","7,038,350",1.90
0162Y0,TIME 코스닥액티브,20260826,089970,브이엠,115.00,"6,911,500","6,773,500",1.83
0162Y0,TIME 코스닥액티브,20260826,095340,ISC,40.00,"6,612,000","6,592,000",1.78
0162Y0,TIME 코스닥액티브,20260826,084370,유진테크,49.00,"6,771,800","6,570,900",1.78
0162Y0,TIME 코스닥액티브,20260826,420770,기가비스,59.00,"6,348,400","6,165,500",1.67
0162Y0,TIME 코스닥액티브,20260826,161580,필옵틱스,220.00,"6,028,000","6,050,000",1.64
0162Y0,TIME 코스닥액티브,20260826,131970,두산테스나,75.00,"5,977,500","5,985,000",1.62
0162Y0,TIME 코스닥액티브,20260826,226950,올릭스,60.00,"6,024,000","5,958,000",1.61
0162Y0,TIME 코스닥액티브,20260826,141080,리가켐바이오,59.00,"5,882,300","5,799,700",1.57
0162Y0,TIME 코스닥액티브,20260826,214450,파마리서치,13.00,"5,388,500","5,746,000",1.55
0162Y0,TIME 코스닥액티브,20260826,347700,스피어,249.00,"5,863,950","5,727,000",1.55
0162Y0,TIME 코스닥액티브,20260826,031980,피에스케이홀딩스,47.00,"5,672,900","5,602,400",1.52
0162Y0,TIME 코스닥액티브,20260826,171090,선익시스템,80.00,"5,184,000","5,280,000",1.43
0162Y0,TIME 코스닥액티브,20260826,064290,인텍플러스,153.00,"5,477,400","5,148,450",1.39
0162Y0,TIME 코스닥액티브,20260826,140860,파크시스템스,19.00,"5,092,000","5,120,500",1.39
0162Y0,TIME 코스닥액티브,20260826,290650,엘앤씨바이오,99.00,"5,177,700","5,019,300",1.36
0162Y0,TIME 코스닥액티브,20260826,247540,에코프로비엠,44.00,"4,950,000","4,906,000",1.33
0162Y0,TIME 코스닥액티브,20260826,039030,이오테크닉스,12.00,"4,818,000","4,806,000",1.30
0162Y0,TIME 코스닥액티브,20260826,319660,피에스케이,37.00,"4,806,300","4,791,500",1.30
0162Y0,TIME 코스닥액티브,20260826,356860,티엘비,122.00,"4,721,400","4,776,300",1.29
0162Y0,TIME 코스닥액티브,20260826,082920,비츠로셀,146.00,"4,547,900","4,693,900",1.27
0162Y0,TIME 코스닥액티브,20260826,138080,오이솔루션,192.00,"4,464,000","4,531,200",1.23
0162Y0,TIME 코스닥액티브,20260826,124500,아이티센글로벌,110.00,"4,455,000","4,372,500",1.18
0162Y0,TIME 코스닥액티브,20260826,078600,대주전자재료,50.00,"4,385,000","4,305,000",1.16
0162Y0,TIME 코스닥액티브,20260826,347850,디앤디파마텍,62.00,"3,484,400","3,490,600",0.94
0162Y0,TIME 코스닥액티브,20260826,491000,리브스메드,100.00,"3,480,000","3,475,000",0.94
0162Y0,TIME 코스닥액티브,20260826,100790,미래에셋벤처투자,222.00,"3,587,520","3,427,680",0.93
0162Y0,TIME 코스닥액티브,20260826,323280,태성,65.00,"3,220,750","3,243,500",0.88
0162Y0,TIME 코스닥액티브,20260826,028300,HLB,88.00,"3,370,400","3,212,000",0.87
0162Y0,TIME 코스닥액티브,20260826,417200,LS머트리얼즈,252.00,"2,840,040","2,824,920",0.76
0162Y0,TIME 코스닥액티브,20260826,257720,실리콘투,53.00,"2,750,700","2,745,400",0.74
0162Y0,TIME 코스닥액티브,20260826,476830,알지노믹스,80.00,"2,556,000","2,520,000",0.68
0162Y0,TIME 코스닥액티브,20260826,440110,파두,40.00,"2,572,000","2,504,000",0.68
0162Y0,TIME 코스닥액티브,20260826,218410,RFHIC,50.00,"2,347,500","2,375,000",0.64
0162Y0,TIME 코스닥액티브,20260826,089010,켐트로닉스,105.00,"2,394,000","2,362,500",0.64
0162Y0,TIME 코스닥액티브,20260826,178320,서진시스템,62.00,"2,380,800","2,306,400",0.62
0162Y0,TIME 코스닥액티브,20260826,452280,한선엔지니어링,213.00,"2,221,590","2,225,850",0.60
0162Y0,TIME 코스닥액티브,20260826,077360,덕산하이메탈,224.00,"2,208,640","2,201,920",0.60
0162Y0,TIME 코스닥액티브,20260826,099320,쎄트렉아이,30.00,"2,157,000","2,157,000",0.58
0162Y0,TIME 코스닥액티브,20260826,010170,대한광통신,150.00,"2,025,000","2,025,000",0.55
0162Y0,TIME 코스닥액티브,20260826,189300,인텔리안테크,30.00,"1,962,000","1,929,000",0.52
0162Y0,TIME 코스닥액티브,20260826,058470,리노공업,29.00,"1,954,600","1,925,600",0.52
0162Y0,TIME 코스닥액티브,20260826,327260,RF머트리얼즈,51.00,"1,762,050","1,871,700",0.51
0162Y0,TIME 코스닥액티브,20260826,298380,에이비엘바이오,25.00,"1,865,000","1,865,000",0.50
0162Y0,TIME 코스닥액티브,20260826,080580,오킨스전자,97.00,"1,881,800","1,813,900",0.49
0162Y0,TIME 코스닥액티브,20260826,448900,한국피아이엠,33.00,"1,689,600","1,669,800",0.45
0162Y0,TIME 코스닥액티브,20260826,033640,네패스,70.00,"1,473,500","1,571,500",0.43
0162Y0,TIME 코스닥액티브,20260826,295310,에이치브이엠,32.00,"1,507,200","1,508,800",0.41
0162Y0,TIME 코스닥액티브,20260826,310210,보로노이,8.00,"1,344,800","1,326,400",0.36
0162Y0,TIME 코스닥액티브,20260826,KRD010010001,원화현금,-,-,"4,586,983",1.24
0162Y0,TIME 코스닥액티브,20260827,222800,심텍,210.00,"23,667,000","26,649,000",7.01
0162Y0,TIME 코스닥액티브,20260827,036930,주성엔지니어링,105.00,"18,207,000","18,805,500",4.95
0162Y0,TIME 코스닥액티브,20260827,095610,테스,119.00,"16,433,900","17,374,000",4.57
0162Y0,TIME 코스닥액티브,20260827,119850,지엔씨에너지,299.00,"15,428,400","15,039,700",3.96
0162Y0,TIME 코스닥액티브,20260827,196170,알테오젠,48.00,"14,952,000","14,952,000",3.93
0162Y0,TIME 코스닥액티브,20260827,277810,레인보우로보틱스,28.00,"12,614,000","13,188,000",3.47
0162Y0,TIME 코스닥액티브,20260827,058610,에스피지,120.00,"11,292,000","11,304,000",2.97
0162Y0,TIME 코스닥액티브,20260827,080220,제주반도체,137.00,"10,425,700","10,644,900",2.80
0162Y0,TIME 코스닥액티브,20260827,403870,HPSP,202.00,"9,797,000","10,201,000",2.68
0162Y0,TIME 코스닥액티브,20260827,086520,에코프로,106.00,"9,222,000","9,752,000",2.57
0162Y0,TIME 코스닥액티브,20260827,108490,로보티즈,37.00,"9,268,500","9,435,000",2.48
0162Y0,TIME 코스닥액티브,20260827,131290,티에스이,35.00,"8,802,500","8,855,000",2.33
0162Y0,TIME 코스닥액티브,20260827,240810,원익IPS,69.00,"7,541,700","7,776,300",2.05
0162Y0,TIME 코스닥액티브,20260827,067310,하나마이크론,191.00,"7,038,350","7,401,250",1.95
0162Y0,TIME 코스닥액티브,20260827,059090,미코,363.00,"7,071,240","7,013,160",1.84
0162Y0,TIME 코스닥액티브,20260827,089970,브이엠,115.00,"6,773,500","6,957,500",1.83
0162Y0,TIME 코스닥액티브,20260827,095340,ISC,40.00,"6,592,000","6,848,000",1.80
0162Y0,TIME 코스닥액티브,20260827,084370,유진테크,49.00,"6,570,900","6,762,000",1.78
0162Y0,TIME 코스닥액티브,20260827,420770,기가비스,59.00,"6,165,500","6,383,800",1.68
0162Y0,TIME 코스닥액티브,20260827,226950,올릭스,60.00,"5,958,000","6,288,000",1.65
0162Y0,TIME 코스닥액티브,20260827,131970,두산테스나,75.00,"5,985,000","6,232,500",1.64
0162Y0,TIME 코스닥액티브,20260827,161580,필옵틱스,220.00,"6,050,000","6,160,000",1.62
0162Y0,TIME 코스닥액티브,20260827,031980,피에스케이홀딩스,47.00,"5,602,400","5,969,000",1.57
0162Y0,TIME 코스닥액티브,20260827,141080,리가켐바이오,59.00,"5,799,700","5,876,400",1.55
0162Y0,TIME 코스닥액티브,20260827,347700,스피어,249.00,"5,727,000","5,764,350",1.52
0162Y0,TIME 코스닥액티브,20260827,214450,파마리서치,13.00,"5,746,000","5,622,500",1.48
0162Y0,TIME 코스닥액티브,20260827,171090,선익시스템,80.00,"5,280,000","5,464,000",1.44
0162Y0,TIME 코스닥액티브,20260827,247540,에코프로비엠,44.00,"4,906,000","5,192,000",1.37
0162Y0,TIME 코스닥액티브,20260827,140860,파크시스템스,19.00,"5,120,500","5,158,500",1.36
0162Y0,TIME 코스닥액티브,20260827,064290,인텍플러스,153.00,"5,148,450","5,079,600",1.34
0162Y0,TIME 코스닥액티브,20260827,356860,티엘비,122.00,"4,776,300","5,063,000",1.33
0162Y0,TIME 코스닥액티브,20260827,290650,엘앤씨바이오,99.00,"5,019,300","4,989,600",1.31
0162Y0,TIME 코스닥액티브,20260827,319660,피에스케이,37.00,"4,791,500","4,935,800",1.30
0162Y0,TIME 코스닥액티브,20260827,039030,이오테크닉스,12.00,"4,806,000","4,878,000",1.28
0162Y0,TIME 코스닥액티브,20260827,138080,오이솔루션,192.00,"4,531,200","4,790,400",1.26
0162Y0,TIME 코스닥액티브,20260827,078600,대주전자재료,50.00,"4,305,000","4,625,000",1.22
0162Y0,TIME 코스닥액티브,20260827,082920,비츠로셀,146.00,"4,693,900","4,263,200",1.12
0162Y0,TIME 코스닥액티브,20260827,124500,아이티센글로벌,110.00,"4,372,500","4,152,500",1.09
0162Y0,TIME 코스닥액티브,20260827,100790,미래에셋벤처투자,222.00,"3,427,680","3,591,960",0.94
0162Y0,TIME 코스닥액티브,20260827,347850,디앤디파마텍,62.00,"3,490,600","3,490,600",0.92
0162Y0,TIME 코스닥액티브,20260827,491000,리브스메드,100.00,"3,475,000","3,350,000",0.88
0162Y0,TIME 코스닥액티브,20260827,323280,태성,65.00,"3,243,500","3,289,000",0.87
0162Y0,TIME 코스닥액티브,20260827,028300,HLB,88.00,"3,212,000","3,119,600",0.82
0162Y0,TIME 코스닥액티브,20260827,417200,LS머트리얼즈,252.00,"2,824,920","2,958,480",0.78
0162Y0,TIME 코스닥액티브,20260827,257720,실리콘투,53.00,"2,745,400","2,604,950",0.69
0162Y0,TIME 코스닥액티브,20260827,440110,파두,40.00,"2,504,000","2,580,000",0.68
0162Y0,TIME 코스닥액티브,20260827,178320,서진시스템,62.00,"2,306,400","2,563,700",0.67
0162Y0,TIME 코스닥액티브,20260827,476830,알지노믹스,80.00,"2,520,000","2,528,000",0.66
0162Y0,TIME 코스닥액티브,20260827,218410,RFHIC,50.00,"2,375,000","2,440,000",0.64
0162Y0,TIME 코스닥액티브,20260827,089010,켐트로닉스,105.00,"2,362,500","2,388,750",0.63
0162Y0,TIME 코스닥액티브,20260827,077360,덕산하이메탈,224.00,"2,201,920","2,244,480",0.59
0162Y0,TIME 코스닥액티브,20260827,010170,대한광통신,150.00,"2,025,000","2,229,000",0.59
0162Y0,TIME 코스닥액티브,20260827,099320,쎄트렉아이,30.00,"2,157,000","2,226,000",0.59
0162Y0,TIME 코스닥액티브,20260827,452280,한선엔지니어링,213.00,"2,225,850","2,215,200",0.58
0162Y0,TIME 코스닥액티브,20260827,189300,인텔리안테크,30.00,"1,929,000","1,971,000",0.52
0162Y0,TIME 코스닥액티브,20260827,327260,RF머트리얼즈,51.00,"1,871,700","1,950,750",0.51
0162Y0,TIME 코스닥액티브,20260827,058470,리노공업,29.00,"1,925,600","1,934,300",0.51
0162Y0,TIME 코스닥액티브,20260827,298380,에이비엘바이오,25.00,"1,865,000","1,900,000",0.50
0162Y0,TIME 코스닥액티브,20260827,080580,오킨스전자,97.00,"1,813,900","1,882,770",0.50
0162Y0,TIME 코스닥액티브,20260827,033640,네패스,70.00,"1,571,500","1,687,000",0.44
0162Y0,TIME 코스닥액티브,20260827,448900,한국피아이엠,33.00,"1,669,800","1,585,650",0.42
0162Y0,TIME 코스닥액티브,20260827,295310,에이치브이엠,32.00,"1,508,800","1,563,200",0.41
0162Y0,TIME 코스닥액티브,20260827,310210,보로노이,8.00,"1,326,400","1,336,000",0.35
0162Y0,TIME 코스닥액티브,20260827,KRD010010001,원화현금,-,-,"4,699,040",1.24
0162Y0,TIME 코스닥액티브,20260828,222800,심텍,210.00,"26,649,000","25,788,000",6.87
0162Y0,TIME 코스닥액티브,20260828,036930,주성엔지니어링,105.00,"18,805,500","18,564,000",4.94
0162Y0,TIME 코스닥액티브,20260828,095610,테스,119.00,"17,374,000","16,981,300",4.52
0162Y0,TIME 코스닥액티브,20260828,119850,지엔씨에너지,299.00,"15,039,700","15,607,800",4.16
0162Y0,TIME 코스닥액티브,20260828,196170,알테오젠,48.00,"14,952,000","15,360,000",4.09
0162Y0,TIME 코스닥액티브,20260828,277810,레인보우로보틱스,28.00,"13,188,000","12,768,000",3.40
0162Y0,TIME 코스닥액티브,20260828,058610,에스피지,120.00,"11,304,000","11,124,000",2.96
0162Y0,TIME 코스닥액티브,20260828,080220,제주반도체,137.00,"10,644,900","10,507,900",2.80
0162Y0,TIME 코스닥액티브,20260828,403870,HPSP,202.00,"10,201,000","10,322,200",2.75
0162Y0,TIME 코스닥액티브,20260828,086520,에코프로,106.00,"9,752,000","9,561,200",2.55
0162Y0,TIME 코스닥액티브,20260828,108490,로보티즈,37.00,"9,435,000","8,954,000",2.38
0162Y0,TIME 코스닥액티브,20260828,131290,티에스이,35.00,"8,855,000","8,347,500",2.22
0162Y0,TIME 코스닥액티브,20260828,240810,원익IPS,69.00,"7,776,300","7,665,900",2.04
0162Y0,TIME 코스닥액티브,20260828,059090,미코,363.00,"7,013,160","7,067,610",1.88
0162Y0,TIME 코스닥액티브,20260828,095340,ISC,40.00,"6,848,000","6,936,000",1.85
0162Y0,TIME 코스닥액티브,20260828,067310,하나마이크론,191.00,"7,401,250","6,751,850",1.80
0162Y0,TIME 코스닥액티브,20260828,089970,브이엠,115.00,"6,957,500","6,670,000",1.78
0162Y0,TIME 코스닥액티브,20260828,084370,유진테크,49.00,"6,762,000","6,566,000",1.75
0162Y0,TIME 코스닥액티브,20260828,420770,기가비스,59.00,"6,383,800","6,478,200",1.72
0162Y0,TIME 코스닥액티브,20260828,226950,올릭스,60.00,"6,288,000","6,354,000",1.69
0162Y0,TIME 코스닥액티브,20260828,131970,두산테스나,75.00,"6,232,500","6,127,500",1.63
0162Y0,TIME 코스닥액티브,20260828,161580,필옵틱스,220.00,"6,160,000","6,094,000",1.62
0162Y0,TIME 코스닥액티브,20260828,214450,파마리서치,13.00,"5,622,500","5,999,500",1.60
0162Y0,TIME 코스닥액티브,20260828,141080,리가켐바이오,59.00,"5,876,400","5,959,000",1.59
0162Y0,TIME 코스닥액티브,20260828,171090,선익시스템,80.00,"5,464,000","5,728,000",1.53
0162Y0,TIME 코스닥액티브,20260828,031980,피에스케이홀딩스,47.00,"5,969,000","5,644,700",1.50
0162Y0,TIME 코스닥액티브,20260828,347700,스피어,249.00,"5,764,350","5,540,250",1.48
0162Y0,TIME 코스닥액티브,20260828,290650,엘앤씨바이오,99.00,"4,989,600","5,237,100",1.39
0162Y0,TIME 코스닥액티브,20260828,247540,에코프로비엠,44.00,"5,192,000","5,200,800",1.38
0162Y0,TIME 코스닥액티브,20260828,140860,파크시스템스,19.00,"5,158,500","5,149,000",1.37
0162Y0,TIME 코스닥액티브,20260828,064290,인텍플러스,153.00,"5,079,600","4,972,500",1.32
0162Y0,TIME 코스닥액티브,20260828,356860,티엘비,122.00,"5,063,000","4,831,200",1.29
0162Y0,TIME 코스닥액티브,20260828,039030,이오테크닉스,12.00,"4,878,000","4,782,000",1.27
0162Y0,TIME 코스닥액티브,20260828,319660,피에스케이,37.00,"4,935,800","4,758,200",1.27
0162Y0,TIME 코스닥액티브,20260828,078600,대주전자재료,50.00,"4,625,000","4,590,000",1.22
0162Y0,TIME 코스닥액티브,20260828,138080,오이솔루션,192.00,"4,790,400","4,492,800",1.20
0162Y0,TIME 코스닥액티브,20260828,124500,아이티센글로벌,110.00,"4,152,500","4,268,000",1.14
0162Y0,TIME 코스닥액티브,20260828,082920,비츠로셀,146.00,"4,263,200","4,051,500",1.08
0162Y0,TIME 코스닥액티브,20260828,100790,미래에셋벤처투자,222.00,"3,591,960","3,552,000",0.95
0162Y0,TIME 코스닥액티브,20260828,347850,디앤디파마텍,62.00,"3,490,600","3,447,200",0.92
0162Y0,TIME 코스닥액티브,20260828,491000,리브스메드,100.00,"3,350,000","3,345,000",0.89
0162Y0,TIME 코스닥액티브,20260828,323280,태성,65.00,"3,289,000","3,214,250",0.86
0162Y0,TIME 코스닥액티브,20260828,028300,HLB,88.00,"3,119,600","3,168,000",0.84
0162Y0,TIME 코스닥액티브,20260828,417200,LS머트리얼즈,252.00,"2,958,480","2,928,240",0.78
0162Y0,TIME 코스닥액티브,20260828,257720,실리콘투,53.00,"2,604,950","2,824,900",0.75
0162Y0,TIME 코스닥액티브,20260828,440110,파두,40.00,"2,580,000","2,532,000",0.67
0162Y0,TIME 코스닥액티브,20260828,476830,알지노믹스,80.00,"2,528,000","2,508,000",0.67
0162Y0,TIME 코스닥액티브,20260828,178320,서진시스템,62.00,"2,563,700","2,414,900",0.64
0162Y0,TIME 코스닥액티브,20260828,089010,켐트로닉스,105.00,"2,388,750","2,362,500",0.63
0162Y0,TIME 코스닥액티브,20260828,218410,RFHIC,50.00,"2,440,000","2,340,000",0.62
0162Y0,TIME 코스닥액티브,20260828,099320,쎄트렉아이,30.00,"2,226,000","2,235,000",0.60
0162Y0,TIME 코스닥액티브,20260828,452280,한선엔지니어링,213.00,"2,215,200","2,213,070",0.59
0162Y0,TIME 코스닥액티브,20260828,077360,덕산하이메탈,224.00,"2,244,480","2,206,400",0.59
0162Y0,TIME 코스닥액티브,20260828,010170,대한광통신,150.00,"2,229,000","2,146,500",0.57
0162Y0,TIME 코스닥액티브,20260828,080580,오킨스전자,97.00,"1,882,770","1,969,100",0.52
0162Y0,TIME 코스닥액티브,20260828,058470,리노공업,29.00,"1,934,300","1,937,200",0.52
0162Y0,TIME 코스닥액티브,20260828,298380,에이비엘바이오,25.00,"1,900,000","1,922,500",0.51
0162Y0,TIME 코스닥액티브,20260828,189300,인텔리안테크,30.00,"1,971,000","1,914,000",0.51
0162Y0,TIME 코스닥액티브,20260828,327260,RF머트리얼즈,51.00,"1,950,750","1,779,900",0.47
0162Y0,TIME 코스닥액티브,20260828,033640,네패스,70.00,"1,687,000","1,638,000",0.44
0162Y0,TIME 코스닥액티브,20260828,448900,한국피아이엠,33.00,"1,585,650","1,567,500",0.42
0162Y0,TIME 코스닥액티브,20260828,295310,에이치브이엠,32.00,"1,563,200","1,504,000",0.40
0162Y0,TIME 코스닥액티브,20260828,310210,보로노이,8.00,"1,336,000","1,380,800",0.37
0162Y0,TIME 코스닥액티브,20260828,KRD010010001,원화현금,-,-,"4,719,733",1.26
0163Y0,KoAct 코스닥액티브,20260824,196170,알테오젠,94.00,"30,080,000","30,127,000",6.96
0163Y0,KoAct 코스닥액티브,20260824,095610,테스,195.00,"25,915,500","26,013,000",6.01
0163Y0,KoAct 코스닥액티브,20260824,058470,리노공업,372.00,"24,440,400","24,031,200",5.55
0163Y0,KoAct 코스닥액티브,20260824,222800,심텍,180.00,"17,946,000","18,936,000",4.38
0163Y0,KoAct 코스닥액티브,20260824,356860,티엘비,526.00,"16,358,600","17,752,500",4.10
0163Y0,KoAct 코스닥액티브,20260824,031980,피에스케이홀딩스,143.00,"15,372,500","15,758,600",3.64
0163Y0,KoAct 코스닥액티브,20260824,043260,성호전자,764.00,"13,843,680","13,706,160",3.17
0163Y0,KoAct 코스닥액티브,20260824,131290,티에스이,54.00,"11,988,000","13,257,000",3.06
0163Y0,KoAct 코스닥액티브,20260824,080220,제주반도체,171.00,"12,568,500","12,448,800",2.88
0163Y0,KoAct 코스닥액티브,20260824,108490,로보티즈,50.00,"12,700,000","12,375,000",2.86
0163Y0,KoAct 코스닥액티브,20260824,214450,파마리서치,29.00,"11,614,500","12,064,000",2.79
0163Y0,KoAct 코스닥액티브,20260824,183300,코미코,420.00,"11,634,000","10,668,000",2.47
0163Y0,KoAct 코스닥액티브,20260824,005290,동진쎄미켐,216.00,"8,877,600","9,072,000",2.10
0163Y0,KoAct 코스닥액티브,20260824,319660,피에스케이,69.00,"8,431,800","8,645,700",2.00
0163Y0,KoAct 코스닥액티브,20260824,403870,HPSP,196.00,"8,800,400","8,614,200",1.99
0163Y0,KoAct 코스닥액티브,20260824,006730,서부T&D,791.00,"8,068,200","8,052,380",1.86
0163Y0,KoAct 코스닥액티브,20260824,399720,가온칩스,175.00,"7,875,000","7,682,500",1.78
0163Y0,KoAct 코스닥액티브,20260824,166090,하나머티리얼즈,144.00,"7,689,600","7,329,600",1.69
0163Y0,KoAct 코스닥액티브,20260824,115180,큐리언트,276.00,"6,844,800","7,272,600",1.68
0163Y0,KoAct 코스닥액티브,20260824,298380,에이비엘바이오,94.00,"7,068,800","7,125,200",1.65
0163Y0,KoAct 코스닥액티브,20260824,141080,리가켐바이오,65.00,"6,500,000","6,688,500",1.55
0163Y0,KoAct 코스닥액티브,20260824,119850,지엔씨에너지,133.00,"6,417,250","6,517,000",1.51
0163Y0,KoAct 코스닥액티브,20260824,237690,에스티팜,59.00,"5,882,300","6,501,800",1.50
0163Y0,KoAct 코스닥액티브,20260824,102710,이엔에프테크놀로지,131.00,"5,868,800","5,829,500",1.35
0163Y0,KoAct 코스닥액티브,20260824,078350,한양디지텍,272.00,"5,793,600","5,712,000",1.32
0163Y0,KoAct 코스닥액티브,20260824,170920,엘티씨,161.00,"5,755,750","5,651,100",1.31
0163Y0,KoAct 코스닥액티브,20260824,052400,코나아이,143.00,"5,634,200","5,634,200",1.30
0163Y0,KoAct 코스닥액티브,20260824,425420,티에프이,118.00,"4,814,400","4,956,000",1.15
0163Y0,KoAct 코스닥액티브,20260824,039200,오스코텍,128.00,"4,697,600","4,896,000",1.13
0163Y0,KoAct 코스닥액티브,20260824,033640,네패스,252.00,"4,591,440","4,830,840",1.12
0163Y0,KoAct 코스닥액티브,20260824,058610,에스피지,50.00,"4,775,000","4,700,000",1.09
0163Y0,KoAct 코스닥액티브,20260824,218410,RFHIC,97.00,"4,573,550","4,481,400",1.04
0163Y0,KoAct 코스닥액티브,20260824,052710,아모텍,385.00,"4,319,700","4,335,100",1.00
0163Y0,KoAct 코스닥액티브,20260824,067310,하나마이크론,119.00,"4,165,000","4,105,500",0.95
0163Y0,KoAct 코스닥액티브,20260824,420770,기가비스,39.00,"4,106,700","4,079,400",0.94
0163Y0,KoAct 코스닥액티브,20260824,131970,두산테스나,52.00,"3,998,800","3,905,200",0.90
0163Y0,KoAct 코스닥액티브,20260824,226950,올릭스,35.00,"3,433,500","3,577,000",0.83
0163Y0,KoAct 코스닥액티브,20260824,044490,태웅,118.00,"3,321,700","3,304,000",0.76
0163Y0,KoAct 코스닥액티브,20260824,095340,ISC,21.00,"3,240,300","3,238,200",0.75
0163Y0,KoAct 코스닥액티브,20260824,003380,하림지주,287.00,"3,036,460","3,139,780",0.73
0163Y0,KoAct 코스닥액티브,20260824,178320,서진시스템,74.00,"2,682,500","2,823,100",0.65
0163Y0,KoAct 코스닥액티브,20260824,0008Z0,에스엔시스,120.00,"2,646,000","2,712,000",0.63
0163Y0,KoAct 코스닥액티브,20260824,456160,지투지바이오,70.00,"2,618,000","2,656,500",0.61
0163Y0,KoAct 코스닥액티브,20260824,104830,원익머트리얼즈,78.00,"2,566,200","2,554,500",0.59
0163Y0,KoAct 코스닥액티브,20260824,036830,솔브레인홀딩스,57.00,"2,163,150","2,542,200",0.59
0163Y0,KoAct 코스닥액티브,20260824,213420,덕산네오룩스,80.00,"2,548,000","2,536,000",0.59
0163Y0,KoAct 코스닥액티브,20260824,251970,펌텍코리아,39.00,"2,332,200","2,472,600",0.57
0163Y0,KoAct 코스닥액티브,20260824,098070,한텍,96.00,"2,270,400","2,304,000",0.53
0163Y0,KoAct 코스닥액티브,20260824,082920,비츠로셀,75.00,"2,287,500","2,295,000",0.53
0163Y0,KoAct 코스닥액티브,20260824,347850,디앤디파마텍,40.00,"2,132,000","2,292,000",0.53
0163Y0,KoAct 코스닥액티브,20260824,078600,대주전자재료,26.00,"2,155,400","2,277,600",0.53
0163Y0,KoAct 코스닥액티브,20260824,252990,샘씨엔에스,170.00,"2,189,600","2,266,100",0.52
0163Y0,KoAct 코스닥액티브,20260824,098460,고영,83.00,"2,348,900","2,261,750",0.52
0163Y0,KoAct 코스닥액티브,20260824,440110,파두,36.00,"2,228,400","2,232,000",0.52
0163Y0,KoAct 코스닥액티브,20260824,277810,레인보우로보틱스,5.00,"2,270,000","2,222,500",0.51
0163Y0,KoAct 코스닥액티브,20260824,171090,선익시스템,34.00,"2,206,600","2,176,000",0.50
0163Y0,KoAct 코스닥액티브,20260824,036930,주성엔지니어링,13.00,"2,191,800","2,158,000",0.50
0163Y0,KoAct 코스닥액티브,20260824,036620,감성코퍼레이션,553.00,"2,109,695","2,126,285",0.49
0163Y0,KoAct 코스닥액티브,20260824,086520,에코프로,20.00,"1,634,000","1,758,000",0.41
0163Y0,KoAct 코스닥액티브,20260824,417840,저스템,152.00,"1,801,200","1,754,080",0.41
0163Y0,KoAct 코스닥액티브,20260824,476830,알지노믹스,56.00,"1,688,400","1,752,800",0.41
0163Y0,KoAct 코스닥액티브,20260824,054210,이랜텍,251.00,"1,711,820","1,719,350",0.40
0163Y0,KoAct 코스닥액티브,20260824,077360,덕산하이메탈,169.00,"1,580,150","1,597,050",0.37
0163Y0,KoAct 코스닥액티브,20260824,031330,에스에이엠티,205.00,"1,609,250","1,596,950",0.37
0163Y0,KoAct 코스닥액티브,20260824,448900,한국피아이엠,29.00,"1,528,300","1,467,400",0.34
0163Y0,KoAct 코스닥액티브,20260824,122870,와이지엔터테인먼트,37.00,"1,446,700","1,457,800",0.34
0163Y0,KoAct 코스닥액티브,20260824,107640,한중엔시에스,36.00,"1,171,800","1,303,200",0.30
0163Y0,KoAct 코스닥액티브,20260824,295310,에이치브이엠,24.00,"1,074,000","1,077,600",0.25
0163Y0,KoAct 코스닥액티브,20260824,475400,씨메스로보틱스,53.00,"972,020","956,650",0.22
0163Y0,KoAct 코스닥액티브,20260824,126340,비나텍,15.00,"931,500","951,000",0.22
0163Y0,KoAct 코스닥액티브,20260824,189300,인텔리안테크,12.00,"754,800","784,800",0.18
0163Y0,KoAct 코스닥액티브,20260824,089890,코세스,19.00,"418,950","436,050",0.10
0163Y0,KoAct 코스닥액티브,20260824,KRD010010001,원화현금,-,-,"4,201,365",0.97
0163Y0,KoAct 코스닥액티브,20260825,196170,알테오젠,97.00,"31,088,500","29,633,500",6.63
0163Y0,KoAct 코스닥액티브,20260825,095610,테스,195.00,"26,013,000","27,105,000",6.07
0163Y0,KoAct 코스닥액티브,20260825,058470,리노공업,366.00,"23,643,600","24,668,400",5.52
0163Y0,KoAct 코스닥액티브,20260825,356860,티엘비,526.00,"17,752,500","20,356,200",4.56
0163Y0,KoAct 코스닥액티브,20260825,222800,심텍,172.00,"18,094,400","20,106,800",4.50
0163Y0,KoAct 코스닥액티브,20260825,031980,피에스케이홀딩스,143.00,"15,758,600","17,260,100",3.86
0163Y0,KoAct 코스닥액티브,20260825,043260,성호전자,764.00,"13,706,160","13,515,160",3.02
0163Y0,KoAct 코스닥액티브,20260825,131290,티에스이,54.00,"13,257,000","13,446,000",3.01
0163Y0,KoAct 코스닥액티브,20260825,080220,제주반도체,171.00,"12,448,800","13,149,900",2.94
0163Y0,KoAct 코스닥액티브,20260825,108490,로보티즈,50.00,"12,375,000","12,750,000",2.85
0163Y0,KoAct 코스닥액티브,20260825,214450,파마리서치,29.00,"12,064,000","12,020,500",2.69
0163Y0,KoAct 코스닥액티브,20260825,183300,코미코,454.00,"11,531,600","11,758,600",2.63
0163Y0,KoAct 코스닥액티브,20260825,403870,HPSP,196.00,"8,614,200","9,506,000",2.13
0163Y0,KoAct 코스닥액티브,20260825,005290,동진쎄미켐,216.00,"9,072,000","9,428,400",2.11
0163Y0,KoAct 코스닥액티브,20260825,319660,피에스케이,69.00,"8,645,700","8,963,100",2.01
0163Y0,KoAct 코스닥액티브,20260825,006730,서부T&D,791.00,"8,052,380","8,495,340",1.90
0163Y0,KoAct 코스닥액티브,20260825,399720,가온칩스,175.00,"7,682,500","7,953,750",1.78
0163Y0,KoAct 코스닥액티브,20260825,166090,하나머티리얼즈,144.00,"7,329,600","7,934,400",1.78
0163Y0,KoAct 코스닥액티브,20260825,115180,큐리언트,309.00,"8,142,150","7,740,450",1.73
0163Y0,KoAct 코스닥액티브,20260825,119850,지엔씨에너지,133.00,"6,517,000","6,769,700",1.52
0163Y0,KoAct 코스닥액티브,20260825,141080,리가켐바이오,65.00,"6,688,500","6,480,500",1.45
0163Y0,KoAct 코스닥액티브,20260825,237690,에스티팜,59.00,"6,501,800","6,295,300",1.41
0163Y0,KoAct 코스닥액티브,20260825,298380,에이비엘바이오,83.00,"6,291,400","6,191,800",1.39
0163Y0,KoAct 코스닥액티브,20260825,102710,이엔에프테크놀로지,131.00,"5,829,500","6,157,000",1.38
0163Y0,KoAct 코스닥액티브,20260825,078350,한양디지텍,272.00,"5,712,000","6,038,400",1.35
0163Y0,KoAct 코스닥액티브,20260825,052400,코나아이,143.00,"5,634,200","5,677,100",1.27
0163Y0,KoAct 코스닥액티브,20260825,170920,엘티씨,161.00,"5,651,100","5,651,100",1.26
0163Y0,KoAct 코스닥액티브,20260825,033640,네패스,252.00,"4,830,840","5,304,600",1.19
0163Y0,KoAct 코스닥액티브,20260825,425420,티에프이,118.00,"4,956,000","5,274,600",1.18
0163Y0,KoAct 코스닥액티브,20260825,058610,에스피지,50.00,"4,700,000","4,825,000",1.08
0163Y0,KoAct 코스닥액티브,20260825,039200,오스코텍,128.00,"4,896,000","4,774,400",1.07
0163Y0,KoAct 코스닥액티브,20260825,218410,RFHIC,97.00,"4,481,400","4,554,150",1.02
0163Y0,KoAct 코스닥액티브,20260825,067310,하나마이크론,119.00,"4,105,500","4,474,400",1.00
0163Y0,KoAct 코스닥액티브,20260825,052710,아모텍,385.00,"4,335,100","4,412,100",0.99
0163Y0,KoAct 코스닥액티브,20260825,420770,기가비스,39.00,"4,079,400","4,196,400",0.94
0163Y0,KoAct 코스닥액티브,20260825,044490,태웅,118.00,"3,304,000","3,634,400",0.81
0163Y0,KoAct 코스닥액티브,20260825,226950,올릭스,35.00,"3,577,000","3,514,000",0.79
0163Y0,KoAct 코스닥액티브,20260825,095340,ISC,21.00,"3,238,200","3,471,300",0.78
0163Y0,KoAct 코스닥액티브,20260825,003380,하림지주,287.00,"3,139,780","3,202,920",0.72
0163Y0,KoAct 코스닥액티브,20260825,178320,서진시스템,74.00,"2,823,100","2,841,600",0.64
0163Y0,KoAct 코스닥액티브,20260825,0008Z0,에스엔시스,120.00,"2,712,000","2,784,000",0.62
0163Y0,KoAct 코스닥액티브,20260825,104830,원익머트리얼즈,78.00,"2,554,500","2,644,200",0.59
0163Y0,KoAct 코스닥액티브,20260825,456160,지투지바이오,70.00,"2,656,500","2,625,000",0.59
0163Y0,KoAct 코스닥액티브,20260825,213420,덕산네오룩스,80.00,"2,536,000","2,596,000",0.58
0163Y0,KoAct 코스닥액티브,20260825,036830,솔브레인홀딩스,57.00,"2,542,200","2,470,950",0.55
0163Y0,KoAct 코스닥액티브,20260825,251970,펌텍코리아,39.00,"2,472,600","2,457,000",0.55
0163Y0,KoAct 코스닥액티브,20260825,124500,아이티센글로벌,59.00,"2,236,100","2,389,500",0.53
0163Y0,KoAct 코스닥액티브,20260825,098070,한텍,96.00,"2,304,000","2,352,000",0.53
0163Y0,KoAct 코스닥액티브,20260825,082920,비츠로셀,75.00,"2,295,000","2,336,250",0.52
0163Y0,KoAct 코스닥액티브,20260825,036930,주성엔지니어링,13.00,"2,158,000","2,324,400",0.52
0163Y0,KoAct 코스닥액티브,20260825,440110,파두,36.00,"2,232,000","2,314,800",0.52
0163Y0,KoAct 코스닥액티브,20260825,078600,대주전자재료,26.00,"2,277,600","2,280,200",0.51
0163Y0,KoAct 코스닥액티브,20260825,277810,레인보우로보틱스,5.00,"2,222,500","2,272,500",0.51
0163Y0,KoAct 코스닥액티브,20260825,347850,디앤디파마텍,40.00,"2,292,000","2,248,000",0.50
0163Y0,KoAct 코스닥액티브,20260825,098460,고영,76.00,"2,071,000","2,238,200",0.50
0163Y0,KoAct 코스닥액티브,20260825,171090,선익시스템,34.00,"2,176,000","2,203,200",0.49
0163Y0,KoAct 코스닥액티브,20260825,036620,감성코퍼레이션,553.00,"2,126,285","2,187,115",0.49
0163Y0,KoAct 코스닥액티브,20260825,252990,샘씨엔에스,170.00,"2,266,100","2,174,300",0.49
0163Y0,KoAct 코스닥액티브,20260825,064760,티씨케이,9.00,"2,047,500","2,173,500",0.49
0163Y0,KoAct 코스닥액티브,20260825,417840,저스템,152.00,"1,754,080","1,837,680",0.41
0163Y0,KoAct 코스닥액티브,20260825,476830,알지노믹스,56.00,"1,752,800","1,789,200",0.40
0163Y0,KoAct 코스닥액티브,20260825,054210,이랜텍,251.00,"1,719,350","1,719,350",0.38
0163Y0,KoAct 코스닥액티브,20260825,086520,에코프로,20.00,"1,758,000","1,704,000",0.38
0163Y0,KoAct 코스닥액티브,20260825,077360,덕산하이메탈,169.00,"1,597,050","1,666,340",0.37
0163Y0,KoAct 코스닥액티브,20260825,031330,에스에이엠티,205.00,"1,596,950","1,662,550",0.37
0163Y0,KoAct 코스닥액티브,20260825,448900,한국피아이엠,29.00,"1,467,400","1,484,800",0.33
0163Y0,KoAct 코스닥액티브,20260825,122870,와이지엔터테인먼트,37.00,"1,457,800","1,454,100",0.33
0163Y0,KoAct 코스닥액티브,20260825,107640,한중엔시에스,36.00,"1,303,200","1,292,400",0.29
0163Y0,KoAct 코스닥액티브,20260825,295310,에이치브이엠,24.00,"1,077,600","1,130,400",0.25
0163Y0,KoAct 코스닥액티브,20260825,126340,비나텍,15.00,"951,000","985,500",0.22
0163Y0,KoAct 코스닥액티브,20260825,475400,씨메스로보틱스,53.00,"956,650","984,210",0.22
0163Y0,KoAct 코스닥액티브,20260825,189300,인텔리안테크,12.00,"784,800","784,800",0.18
0163Y0,KoAct 코스닥액티브,20260825,131970,두산테스나,7.00,"525,700","557,900",0.12
0163Y0,KoAct 코스닥액티브,20260825,KRD010010001,원화현금,-,-,"3,173,802",0.71
0163Y0,KoAct 코스닥액티브,20260826,196170,알테오젠,97.00,"29,633,500","30,215,500",6.78
0163Y0,KoAct 코스닥액티브,20260826,095610,테스,195.00,"27,105,000","26,929,500",6.05
0163Y0,KoAct 코스닥액티브,20260826,356860,티엘비,526.00,"20,356,200","20,592,900",4.62
0163Y0,KoAct 코스닥액티브,20260826,058470,리노공업,299.00,"20,152,600","19,853,600",4.46
0163Y0,KoAct 코스닥액티브,20260826,222800,심텍,172.00,"20,106,800","19,384,400",4.35
0163Y0,KoAct 코스닥액티브,20260826,031980,피에스케이홀딩스,143.00,"17,260,100","17,045,600",3.83
0163Y0,KoAct 코스닥액티브,20260826,131290,티에스이,54.00,"13,446,000","13,581,000",3.05
0163Y0,KoAct 코스닥액티브,20260826,080220,제주반도체,171.00,"13,149,900","13,013,100",2.92
0163Y0,KoAct 코스닥액티브,20260826,043260,성호전자,764.00,"13,515,160","12,949,800",2.91
0163Y0,KoAct 코스닥액티브,20260826,214450,파마리서치,29.00,"12,020,500","12,818,000",2.88
0163Y0,KoAct 코스닥액티브,20260826,108490,로보티즈,50.00,"12,750,000","12,525,000",2.81
0163Y0,KoAct 코스닥액티브,20260826,183300,코미코,454.00,"11,758,600","11,554,300",2.59
0163Y0,KoAct 코스닥액티브,20260826,403870,HPSP,196.00,"9,506,000","9,506,000",2.13
0163Y0,KoAct 코스닥액티브,20260826,005290,동진쎄미켐,216.00,"9,428,400","9,147,600",2.05
0163Y0,KoAct 코스닥액티브,20260826,319660,피에스케이,69.00,"8,963,100","8,935,500",2.01
0163Y0,KoAct 코스닥액티브,20260826,006730,서부T&D,791.00,"8,495,340","8,803,830",1.98
0163Y0,KoAct 코스닥액티브,20260826,115180,큐리언트,309.00,"7,740,450","7,925,850",1.78
0163Y0,KoAct 코스닥액티브,20260826,399720,가온칩스,175.00,"7,953,750","7,770,000",1.74
0163Y0,KoAct 코스닥액티브,20260826,166090,하나머티리얼즈,144.00,"7,934,400","7,617,600",1.71
0163Y0,KoAct 코스닥액티브,20260826,119850,지엔씨에너지,133.00,"6,769,700","6,862,800",1.54
0163Y0,KoAct 코스닥액티브,20260826,237690,에스티팜,59.00,"6,295,300","6,490,000",1.46
0163Y0,KoAct 코스닥액티브,20260826,141080,리가켐바이오,65.00,"6,480,500","6,389,500",1.43
0163Y0,KoAct 코스닥액티브,20260826,298380,에이비엘바이오,83.00,"6,191,800","6,191,800",1.39
0163Y0,KoAct 코스닥액티브,20260826,078350,한양디지텍,272.00,"6,038,400","6,133,600",1.38
0163Y0,KoAct 코스닥액티브,20260826,102710,이엔에프테크놀로지,131.00,"6,157,000","5,921,200",1.33
0163Y0,KoAct 코스닥액티브,20260826,033640,네패스,252.00,"5,304,600","5,657,400",1.27
0163Y0,KoAct 코스닥액티브,20260826,052400,코나아이,143.00,"5,677,100","5,627,050",1.26
0163Y0,KoAct 코스닥액티브,20260826,170920,엘티씨,161.00,"5,651,100","5,562,550",1.25
0163Y0,KoAct 코스닥액티브,20260826,425420,티에프이,118.00,"5,274,600","5,516,500",1.24
0163Y0,KoAct 코스닥액티브,20260826,058610,에스피지,50.00,"4,825,000","4,705,000",1.06
0163Y0,KoAct 코스닥액티브,20260826,218410,RFHIC,97.00,"4,554,150","4,607,500",1.03
0163Y0,KoAct 코스닥액티브,20260826,039200,오스코텍,128.00,"4,774,400","4,595,200",1.03
0163Y0,KoAct 코스닥액티브,20260826,052710,아모텍,385.00,"4,412,100","4,419,800",0.99
0163Y0,KoAct 코스닥액티브,20260826,067310,하나마이크론,119.00,"4,474,400","4,385,150",0.98
0163Y0,KoAct 코스닥액티브,20260826,064760,티씨케이,18.00,"4,347,000","4,293,000",0.96
0163Y0,KoAct 코스닥액티브,20260826,226950,올릭스,43.00,"4,317,200","4,269,900",0.96
0163Y0,KoAct 코스닥액티브,20260826,420770,기가비스,39.00,"4,196,400","4,075,500",0.91
0163Y0,KoAct 코스닥액티브,20260826,003380,하림지주,365.00,"4,073,400","3,996,750",0.90
0163Y0,KoAct 코스닥액티브,20260826,044490,태웅,118.00,"3,634,400","3,876,300",0.87
0163Y0,KoAct 코스닥액티브,20260826,124500,아이티센글로벌,89.00,"3,604,500","3,537,750",0.79
0163Y0,KoAct 코스닥액티브,20260826,095340,ISC,21.00,"3,471,300","3,460,800",0.78
0163Y0,KoAct 코스닥액티브,20260826,456160,지투지바이오,70.00,"2,625,000","2,922,500",0.66
0163Y0,KoAct 코스닥액티브,20260826,0008Z0,에스엔시스,120.00,"2,784,000","2,754,000",0.62
0163Y0,KoAct 코스닥액티브,20260826,178320,서진시스템,74.00,"2,841,600","2,752,800",0.62
0163Y0,KoAct 코스닥액티브,20260826,104830,원익머트리얼즈,78.00,"2,644,200","2,597,400",0.58
0163Y0,KoAct 코스닥액티브,20260826,213420,덕산네오룩스,80.00,"2,596,000","2,556,000",0.57
0163Y0,KoAct 코스닥액티브,20260826,036830,솔브레인홀딩스,57.00,"2,470,950","2,413,950",0.54
0163Y0,KoAct 코스닥액티브,20260826,082920,비츠로셀,75.00,"2,336,250","2,411,250",0.54
0163Y0,KoAct 코스닥액티브,20260826,098070,한텍,96.00,"2,352,000","2,395,200",0.54
0163Y0,KoAct 코스닥액티브,20260826,251970,펌텍코리아,39.00,"2,457,000","2,304,900",0.52
0163Y0,KoAct 코스닥액티브,20260826,036930,주성엔지니어링,13.00,"2,324,400","2,254,200",0.51
0163Y0,KoAct 코스닥액티브,20260826,440110,파두,36.00,"2,314,800","2,253,600",0.51
0163Y0,KoAct 코스닥액티브,20260826,277810,레인보우로보틱스,5.00,"2,272,500","2,252,500",0.51
0163Y0,KoAct 코스닥액티브,20260826,347850,디앤디파마텍,40.00,"2,248,000","2,252,000",0.51
0163Y0,KoAct 코스닥액티브,20260826,171090,선익시스템,34.00,"2,203,200","2,244,000",0.50
0163Y0,KoAct 코스닥액티브,20260826,078600,대주전자재료,26.00,"2,280,200","2,238,600",0.50
0163Y0,KoAct 코스닥액티브,20260826,098460,고영,76.00,"2,238,200","2,177,400",0.49
0163Y0,KoAct 코스닥액티브,20260826,036620,감성코퍼레이션,553.00,"2,187,115","2,153,935",0.48
0163Y0,KoAct 코스닥액티브,20260826,417840,저스템,152.00,"1,837,680","1,852,880",0.42
0163Y0,KoAct 코스닥액티브,20260826,476830,알지노믹스,56.00,"1,789,200","1,764,000",0.40
0163Y0,KoAct 코스닥액티브,20260826,086520,에코프로,20.00,"1,704,000","1,740,000",0.39
0163Y0,KoAct 코스닥액티브,20260826,054210,이랜텍,251.00,"1,719,350","1,716,840",0.39
0163Y0,KoAct 코스닥액티브,20260826,031330,에스에이엠티,205.00,"1,662,550","1,668,700",0.37
0163Y0,KoAct 코스닥액티브,20260826,077360,덕산하이메탈,169.00,"1,666,340","1,661,270",0.37
0163Y0,KoAct 코스닥액티브,20260826,122870,와이지엔터테인먼트,37.00,"1,454,100","1,502,200",0.34
0163Y0,KoAct 코스닥액티브,20260826,448900,한국피아이엠,29.00,"1,484,800","1,467,400",0.33
0163Y0,KoAct 코스닥액티브,20260826,252990,샘씨엔에스,103.00,"1,317,370","1,323,550",0.30
0163Y0,KoAct 코스닥액티브,20260826,107640,한중엔시에스,36.00,"1,292,400","1,265,400",0.28
0163Y0,KoAct 코스닥액티브,20260826,295310,에이치브이엠,24.00,"1,130,400","1,131,600",0.25
0163Y0,KoAct 코스닥액티브,20260826,126340,비나텍,15.00,"985,500","1,000,500",0.22
0163Y0,KoAct 코스닥액티브,20260826,475400,씨메스로보틱스,53.00,"984,210","979,970",0.22
0163Y0,KoAct 코스닥액티브,20260826,189300,인텔리안테크,12.00,"784,800","771,600",0.17
0163Y0,KoAct 코스닥액티브,20260826,KRD010010001,원화현금,-,-,"3,912,955",0.88
0163Y0,KoAct 코스닥액티브,20260827,196170,알테오젠,97.00,"30,215,500","30,215,500",6.66
0163Y0,KoAct 코스닥액티브,20260827,095610,테스,195.00,"26,929,500","28,470,000",6.27
0163Y0,KoAct 코스닥액티브,20260827,356860,티엘비,526.00,"20,592,900","21,829,000",4.81
0163Y0,KoAct 코스닥액티브,20260827,222800,심텍,172.00,"19,384,400","21,826,800",4.81
0163Y0,KoAct 코스닥액티브,20260827,031980,피에스케이홀딩스,143.00,"17,045,600","18,161,000",4.00
0163Y0,KoAct 코스닥액티브,20260827,058470,리노공업,266.00,"17,662,400","17,742,200",3.91
0163Y0,KoAct 코스닥액티브,20260827,131290,티에스이,54.00,"13,581,000","13,662,000",3.01
0163Y0,KoAct 코스닥액티브,20260827,080220,제주반도체,171.00,"13,013,100","13,286,700",2.93
0163Y0,KoAct 코스닥액티브,20260827,043260,성호전자,764.00,"12,949,800","12,621,280",2.78
0163Y0,KoAct 코스닥액티브,20260827,214450,파마리서치,29.00,"12,818,000","12,542,500",2.76
0163Y0,KoAct 코스닥액티브,20260827,108490,로보티즈,47.00,"11,773,500","11,985,000",2.64
0163Y0,KoAct 코스닥액티브,20260827,183300,코미코,454.00,"11,554,300","11,554,300",2.55
0163Y0,KoAct 코스닥액티브,20260827,403870,HPSP,196.00,"9,506,000","9,898,000",2.18
0163Y0,KoAct 코스닥액티브,20260827,005290,동진쎄미켐,216.00,"9,147,600","9,266,400",2.04
0163Y0,KoAct 코스닥액티브,20260827,319660,피에스케이,69.00,"8,935,500","9,204,600",2.03
0163Y0,KoAct 코스닥액티브,20260827,006730,서부T&D,791.00,"8,803,830","8,645,630",1.90
0163Y0,KoAct 코스닥액티브,20260827,399720,가온칩스,175.00,"7,770,000","8,058,750",1.78
0163Y0,KoAct 코스닥액티브,20260827,166090,하나머티리얼즈,144.00,"7,617,600","7,776,000",1.71
0163Y0,KoAct 코스닥액티브,20260827,115180,큐리언트,309.00,"7,925,850","6,890,700",1.52
0163Y0,KoAct 코스닥액티브,20260827,119850,지엔씨에너지,133.00,"6,862,800","6,689,900",1.47
0163Y0,KoAct 코스닥액티브,20260827,237690,에스티팜,59.00,"6,490,000","6,543,100",1.44
0163Y0,KoAct 코스닥액티브,20260827,141080,리가켐바이오,65.00,"6,389,500","6,474,000",1.43
0163Y0,KoAct 코스닥액티브,20260827,033640,네패스,252.00,"5,657,400","6,073,200",1.34
0163Y0,KoAct 코스닥액티브,20260827,102710,이엔에프테크놀로지,131.00,"5,921,200","5,934,300",1.31
0163Y0,KoAct 코스닥액티브,20260827,078350,한양디지텍,272.00,"6,133,600","5,752,800",1.27
0163Y0,KoAct 코스닥액티브,20260827,170920,엘티씨,161.00,"5,562,550","5,731,600",1.26
0163Y0,KoAct 코스닥액티브,20260827,052400,코나아이,143.00,"5,627,050","5,641,350",1.24
0163Y0,KoAct 코스닥액티브,20260827,425420,티에프이,118.00,"5,516,500","5,610,900",1.24
0163Y0,KoAct 코스닥액티브,20260827,298380,에이비엘바이오,72.00,"5,371,200","5,472,000",1.21
0163Y0,KoAct 코스닥액티브,20260827,218410,RFHIC,97.00,"4,607,500","4,733,600",1.04
0163Y0,KoAct 코스닥액티브,20260827,058610,에스피지,50.00,"4,705,000","4,710,000",1.04
0163Y0,KoAct 코스닥액티브,20260827,067310,하나마이크론,119.00,"4,385,150","4,611,250",1.02
0163Y0,KoAct 코스닥액티브,20260827,226950,올릭스,43.00,"4,269,900","4,506,400",0.99
0163Y0,KoAct 코스닥액티브,20260827,039200,오스코텍,128.00,"4,595,200","4,486,400",0.99
0163Y0,KoAct 코스닥액티브,20260827,039030,이오테크닉스,11.00,"4,405,500","4,471,500",0.99
0163Y0,KoAct 코스닥액티브,20260827,064760,티씨케이,18.00,"4,293,000","4,365,000",0.96
0163Y0,KoAct 코스닥액티브,20260827,052710,아모텍,385.00,"4,419,800","4,312,000",0.95
0163Y0,KoAct 코스닥액티브,20260827,420770,기가비스,39.00,"4,075,500","4,219,800",0.93
0163Y0,KoAct 코스닥액티브,20260827,044490,태웅,118.00,"3,876,300","3,876,300",0.85
0163Y0,KoAct 코스닥액티브,20260827,003380,하림지주,365.00,"3,996,750","3,854,400",0.85
0163Y0,KoAct 코스닥액티브,20260827,095340,ISC,21.00,"3,460,800","3,595,200",0.79
0163Y0,KoAct 코스닥액티브,20260827,124500,아이티센글로벌,89.00,"3,537,750","3,359,750",0.74
0163Y0,KoAct 코스닥액티브,20260827,178320,서진시스템,74.00,"2,752,800","3,059,900",0.67
0163Y0,KoAct 코스닥액티브,20260827,456160,지투지바이오,70.00,"2,922,500","2,887,500",0.64
0163Y0,KoAct 코스닥액티브,20260827,0008Z0,에스엔시스,116.00,"2,662,200","2,766,600",0.61
0163Y0,KoAct 코스닥액티브,20260827,213420,덕산네오룩스,80.00,"2,556,000","2,588,000",0.57
0163Y0,KoAct 코스닥액티브,20260827,104830,원익머트리얼즈,78.00,"2,597,400","2,585,700",0.57
0163Y0,KoAct 코스닥액티브,20260827,098070,한텍,96.00,"2,395,200","2,409,600",0.53
0163Y0,KoAct 코스닥액티브,20260827,078600,대주전자재료,26.00,"2,238,600","2,405,000",0.53
0163Y0,KoAct 코스닥액티브,20260827,277810,레인보우로보틱스,5.00,"2,252,500","2,355,000",0.52
0163Y0,KoAct 코스닥액티브,20260827,036930,주성엔지니어링,13.00,"2,254,200","2,328,300",0.51
0163Y0,KoAct 코스닥액티브,20260827,171090,선익시스템,34.00,"2,244,000","2,322,200",0.51
0163Y0,KoAct 코스닥액티브,20260827,440110,파두,36.00,"2,253,600","2,322,000",0.51
0163Y0,KoAct 코스닥액티브,20260827,036830,솔브레인홀딩스,52.00,"2,202,200","2,288,000",0.50
0163Y0,KoAct 코스닥액티브,20260827,098460,고영,76.00,"2,177,400","2,215,400",0.49
0163Y0,KoAct 코스닥액티브,20260827,082920,비츠로셀,75.00,"2,411,250","2,190,000",0.48
0163Y0,KoAct 코스닥액티브,20260827,036620,감성코퍼레이션,553.00,"2,153,935","2,106,930",0.46
0163Y0,KoAct 코스닥액티브,20260827,251970,펌텍코리아,36.00,"2,127,600","2,037,600",0.45
0163Y0,KoAct 코스닥액티브,20260827,417840,저스템,152.00,"1,852,880","1,933,440",0.43
0163Y0,KoAct 코스닥액티브,20260827,347850,디앤디파마텍,33.00,"1,857,900","1,857,900",0.41
0163Y0,KoAct 코스닥액티브,20260827,086520,에코프로,20.00,"1,740,000","1,840,000",0.41
0163Y0,KoAct 코스닥액티브,20260827,476830,알지노믹스,56.00,"1,764,000","1,769,600",0.39
0163Y0,KoAct 코스닥액티브,20260827,054210,이랜텍,251.00,"1,716,840","1,719,350",0.38
0163Y0,KoAct 코스닥액티브,20260827,077360,덕산하이메탈,169.00,"1,661,270","1,693,380",0.37
0163Y0,KoAct 코스닥액티브,20260827,031330,에스에이엠티,205.00,"1,668,700","1,652,300",0.36
0163Y0,KoAct 코스닥액티브,20260827,122870,와이지엔터테인먼트,37.00,"1,502,200","1,474,450",0.32
0163Y0,KoAct 코스닥액티브,20260827,107640,한중엔시에스,36.00,"1,265,400","1,472,400",0.32
0163Y0,KoAct 코스닥액티브,20260827,448900,한국피아이엠,29.00,"1,467,400","1,393,450",0.31
0163Y0,KoAct 코스닥액티브,20260827,252990,샘씨엔에스,103.00,"1,323,550","1,372,990",0.30
0163Y0,KoAct 코스닥액티브,20260827,295310,에이치브이엠,24.00,"1,131,600","1,172,400",0.26
0163Y0,KoAct 코스닥액티브,20260827,126340,비나텍,15.00,"1,000,500","1,009,500",0.22
0163Y0,KoAct 코스닥액티브,20260827,475400,씨메스로보틱스,53.00,"979,970","983,150",0.22
0163Y0,KoAct 코스닥액티브,20260827,232140,와이씨,75.00,"916,500","936,750",0.21
0163Y0,KoAct 코스닥액티브,20260827,189300,인텔리안테크,12.00,"771,600","788,400",0.17
0163Y0,KoAct 코스닥액티브,20260827,KRD010010001,원화현금,-,-,"3,246,738",0.72
0163Y0,KoAct 코스닥액티브,20260828,196170,알테오젠,97.00,"30,215,500","31,040,000",6.93
0163Y0,KoAct 코스닥액티브,20260828,095610,테스,195.00,"28,470,000","27,826,500",6.21
0163Y0,KoAct 코스닥액티브,20260828,222800,심텍,172.00,"21,826,800","21,121,600",4.72
0163Y0,KoAct 코스닥액티브,20260828,356860,티엘비,526.00,"21,829,000","20,829,600",4.65
0163Y0,KoAct 코스닥액티브,20260828,031980,피에스케이홀딩스,161.00,"20,447,000","19,336,100",4.32
0163Y0,KoAct 코스닥액티브,20260828,058470,리노공업,233.00,"15,541,100","15,564,400",3.47
0163Y0,KoAct 코스닥액티브,20260828,131290,티에스이,56.00,"14,168,000","13,356,000",2.98
0163Y0,KoAct 코스닥액티브,20260828,080220,제주반도체,171.00,"13,286,700","13,115,700",2.93
0163Y0,KoAct 코스닥액티브,20260828,214450,파마리서치,27.00,"11,677,500","12,460,500",2.78
0163Y0,KoAct 코스닥액티브,20260828,403870,HPSP,237.00,"11,968,500","12,110,700",2.70
0163Y0,KoAct 코스닥액티브,20260828,043260,성호전자,764.00,"12,621,280","12,025,360",2.68
0163Y0,KoAct 코스닥액티브,20260828,183300,코미코,454.00,"11,554,300","11,531,600",2.57
0163Y0,KoAct 코스닥액티브,20260828,108490,로보티즈,39.00,"9,945,000","9,438,000",2.11
0163Y0,KoAct 코스닥액티브,20260828,005290,동진쎄미켐,216.00,"9,266,400","9,158,400",2.04
0163Y0,KoAct 코스닥액티브,20260828,319660,피에스케이,69.00,"9,204,600","8,873,400",1.98
0163Y0,KoAct 코스닥액티브,20260828,006730,서부T&D,791.00,"8,645,630","8,819,650",1.97
0163Y0,KoAct 코스닥액티브,20260828,166090,하나머티리얼즈,144.00,"7,776,000","7,574,400",1.69
0163Y0,KoAct 코스닥액티브,20260828,119850,지엔씨에너지,133.00,"6,689,900","6,942,600",1.55
0163Y0,KoAct 코스닥액티브,20260828,399720,가온칩스,155.00,"7,137,750","6,897,500",1.54
0163Y0,KoAct 코스닥액티브,20260828,237690,에스티팜,59.00,"6,543,100","6,501,800",1.45
0163Y0,KoAct 코스닥액티브,20260828,039030,이오테크닉스,16.00,"6,504,000","6,376,000",1.42
0163Y0,KoAct 코스닥액티브,20260828,115180,큐리언트,309.00,"6,890,700","6,272,700",1.40
0163Y0,KoAct 코스닥액티브,20260828,141080,리가켐바이오,61.00,"6,075,600","6,161,000",1.38
0163Y0,KoAct 코스닥액티브,20260828,425420,티에프이,127.00,"6,038,850","6,032,500",1.35
0163Y0,KoAct 코스닥액티브,20260828,102710,이엔에프테크놀로지,131.00,"5,934,300","5,927,750",1.32
0163Y0,KoAct 코스닥액티브,20260828,033640,네패스,252.00,"6,073,200","5,896,800",1.32
0163Y0,KoAct 코스닥액티브,20260828,052400,코나아이,143.00,"5,641,350","5,798,650",1.29
0163Y0,KoAct 코스닥액티브,20260828,078350,한양디지텍,272.00,"5,752,800","5,603,200",1.25
0163Y0,KoAct 코스닥액티브,20260828,170920,엘티씨,161.00,"5,731,600","5,313,000",1.19
0163Y0,KoAct 코스닥액티브,20260828,298380,에이비엘바이오,67.00,"5,092,000","5,152,300",1.15
0163Y0,KoAct 코스닥액티브,20260828,039200,오스코텍,128.00,"4,486,400","4,582,400",1.02
0163Y0,KoAct 코스닥액티브,20260828,226950,올릭스,43.00,"4,506,400","4,553,700",1.02
0163Y0,KoAct 코스닥액티브,20260828,218410,RFHIC,97.00,"4,733,600","4,539,600",1.01
0163Y0,KoAct 코스닥액티브,20260828,058610,에스피지,48.00,"4,521,600","4,449,600",0.99
0163Y0,KoAct 코스닥액티브,20260828,064760,티씨케이,18.00,"4,365,000","4,293,000",0.96
0163Y0,KoAct 코스닥액티브,20260828,420770,기가비스,39.00,"4,219,800","4,282,200",0.96
0163Y0,KoAct 코스닥액티브,20260828,067310,하나마이크론,119.00,"4,611,250","4,206,650",0.94
0163Y0,KoAct 코스닥액티브,20260828,052710,아모텍,385.00,"4,312,000","4,165,700",0.93
0163Y0,KoAct 코스닥액티브,20260828,003380,하림지주,365.00,"3,854,400","4,033,250",0.90
0163Y0,KoAct 코스닥액티브,20260828,044490,태웅,118.00,"3,876,300","3,894,000",0.87
0163Y0,KoAct 코스닥액티브,20260828,095340,ISC,21.00,"3,595,200","3,641,400",0.81
0163Y0,KoAct 코스닥액티브,20260828,124500,아이티센글로벌,89.00,"3,359,750","3,453,200",0.77
0163Y0,KoAct 코스닥액티브,20260828,456160,지투지바이오,70.00,"2,887,500","3,055,500",0.68
0163Y0,KoAct 코스닥액티브,20260828,0008Z0,에스엔시스,116.00,"2,766,600","2,882,600",0.64
0163Y0,KoAct 코스닥액티브,20260828,178320,서진시스템,74.00,"3,059,900","2,882,300",0.64
0163Y0,KoAct 코스닥액티브,20260828,213420,덕산네오룩스,80.00,"2,588,000","2,576,000",0.58
0163Y0,KoAct 코스닥액티브,20260828,104830,원익머트리얼즈,78.00,"2,585,700","2,574,000",0.57
0163Y0,KoAct 코스닥액티브,20260828,171090,선익시스템,34.00,"2,322,200","2,434,400",0.54
0163Y0,KoAct 코스닥액티브,20260828,098070,한텍,96.00,"2,409,600","2,419,200",0.54
0163Y0,KoAct 코스닥액티브,20260828,078600,대주전자재료,26.00,"2,405,000","2,386,800",0.53
0163Y0,KoAct 코스닥액티브,20260828,036930,주성엔지니어링,13.00,"2,328,300","2,298,400",0.51
0163Y0,KoAct 코스닥액티브,20260828,277810,레인보우로보틱스,5.00,"2,355,000","2,280,000",0.51
0163Y0,KoAct 코스닥액티브,20260828,440110,파두,36.00,"2,322,000","2,278,800",0.51
0163Y0,KoAct 코스닥액티브,20260828,036830,솔브레인홀딩스,52.00,"2,288,000","2,275,000",0.51
0163Y0,KoAct 코스닥액티브,20260828,098460,고영,76.00,"2,215,400","2,181,200",0.49
0163Y0,KoAct 코스닥액티브,20260828,036620,감성코퍼레이션,553.00,"2,106,930","2,095,870",0.47
0163Y0,KoAct 코스닥액티브,20260828,082920,비츠로셀,75.00,"2,190,000","2,081,250",0.46
0163Y0,KoAct 코스닥액티브,20260828,251970,펌텍코리아,33.00,"1,867,800","2,036,100",0.45
0163Y0,KoAct 코스닥액티브,20260828,417840,저스템,152.00,"1,933,440","2,024,640",0.45
0163Y0,KoAct 코스닥액티브,20260828,086520,에코프로,20.00,"1,840,000","1,804,000",0.40
0163Y0,KoAct 코스닥액티브,20260828,476830,알지노믹스,56.00,"1,769,600","1,755,600",0.39
0163Y0,KoAct 코스닥액티브,20260828,054210,이랜텍,251.00,"1,719,350","1,744,450",0.39
0163Y0,KoAct 코스닥액티브,20260828,031330,에스에이엠티,205.00,"1,652,300","1,670,750",0.37
0163Y0,KoAct 코스닥액티브,20260828,232140,와이씨,147.00,"1,836,030","1,668,450",0.37
0163Y0,KoAct 코스닥액티브,20260828,077360,덕산하이메탈,169.00,"1,693,380","1,664,650",0.37
0163Y0,KoAct 코스닥액티브,20260828,122870,와이지엔터테인먼트,37.00,"1,474,450","1,496,650",0.33
0163Y0,KoAct 코스닥액티브,20260828,107640,한중엔시에스,36.00,"1,472,400","1,494,000",0.33
0163Y0,KoAct 코스닥액티브,20260828,347850,디앤디파마텍,26.00,"1,463,800","1,445,600",0.32
0163Y0,KoAct 코스닥액티브,20260828,252990,샘씨엔에스,103.00,"1,372,990","1,430,670",0.32
0163Y0,KoAct 코스닥액티브,20260828,295310,에이치브이엠,24.00,"1,172,400","1,128,000",0.25
0163Y0,KoAct 코스닥액티브,20260828,448900,한국피아이엠,21.00,"1,009,050","997,500",0.22
0163Y0,KoAct 코스닥액티브,20260828,475400,씨메스로보틱스,53.00,"983,150","970,430",0.22
0163Y0,KoAct 코스닥액티브,20260828,126340,비나텍,15.00,"1,009,500","954,000",0.21
0163Y0,KoAct 코스닥액티브,20260828,189300,인텔리안테크,12.00,"788,400","765,600",0.17
0163Y0,KoAct 코스닥액티브,20260828,KRD010010001,원화현금,-,-,"3,010,478",0.67
0204S0,TIGER 코스닥액티브,20260824,131290,티에스이,15.00,"3,330,000","3,682,500",5.67
0204S0,TIGER 코스닥액티브,20260824,095340,ISC,19.00,"2,931,700","2,929,800",4.51
0204S0,TIGER 코스닥액티브,20260824,222800,심텍,27.00,"2,691,900","2,840,400",4.37
0204S0,TIGER 코스닥액티브,20260824,031980,피에스케이홀딩스,25.00,"2,687,500","2,755,000",4.24
0204S0,TIGER 코스닥액티브,20260824,251970,펌텍코리아,39.00,"2,332,200","2,472,600",3.81
0204S0,TIGER 코스닥액티브,20260824,064290,인텍플러스,75.00,"2,407,500","2,452,500",3.77
0204S0,TIGER 코스닥액티브,20260824,170920,엘티씨,61.00,"2,180,750","2,141,100",3.30
0204S0,TIGER 코스닥액티브,20260824,036540,SFA반도체,393.00,"2,185,080","2,118,270",3.26
0204S0,TIGER 코스닥액티브,20260824,252990,샘씨엔에스,157.00,"2,022,160","2,092,810",3.22
0204S0,TIGER 코스닥액티브,20260824,204620,글로벌텍스프리,341.00,"1,633,390","1,711,820",2.63
0204S0,TIGER 코스닥액티브,20260824,080220,제주반도체,23.00,"1,690,500","1,674,400",2.58
0204S0,TIGER 코스닥액티브,20260824,214450,파마리서치,4.00,"1,602,000","1,664,000",2.56
0204S0,TIGER 코스닥액티브,20260824,095610,테스,11.00,"1,461,900","1,467,400",2.26
0204S0,TIGER 코스닥액티브,20260824,089970,브이엠,22.00,"1,278,200","1,287,000",1.98
0204S0,TIGER 코스닥액티브,20260824,123330,제닉,45.00,"1,253,250","1,284,750",1.98
0204S0,TIGER 코스닥액티브,20260824,033160,엠케이전자,91.00,"1,251,250","1,283,100",1.97
0204S0,TIGER 코스닥액티브,20260824,080580,오킨스전자,77.00,"1,285,900","1,245,090",1.92
0204S0,TIGER 코스닥액티브,20260824,257720,실리콘투,24.00,"1,143,600","1,186,800",1.83
0204S0,TIGER 코스닥액티브,20260824,085910,네오티스,71.00,"1,172,920","1,177,890",1.81
0204S0,TIGER 코스닥액티브,20260824,476830,알지노믹스,36.00,"1,085,400","1,126,800",1.73
0204S0,TIGER 코스닥액티브,20260824,241710,코스메카코리아,8.00,"1,098,400","1,120,000",1.72
0204S0,TIGER 코스닥액티브,20260824,119850,지엔씨에너지,22.00,"1,061,500","1,078,000",1.66
0204S0,TIGER 코스닥액티브,20260824,006730,서부T&D,104.00,"1,060,800","1,058,720",1.63
0204S0,TIGER 코스닥액티브,20260824,356860,티엘비,30.00,"933,000","1,012,500",1.56
0204S0,TIGER 코스닥액티브,20260824,189300,인텔리안테크,15.00,"943,500","981,000",1.51
0204S0,TIGER 코스닥액티브,20260824,159010,아스플로,45.00,"974,250","899,550",1.38
0204S0,TIGER 코스닥액티브,20260824,083650,비에이치아이,16.00,"904,000","892,800",1.37
0204S0,TIGER 코스닥액티브,20260824,218410,RFHIC,19.00,"895,850","877,800",1.35
0204S0,TIGER 코스닥액티브,20260824,389260,대명에너지,67.00,"849,560","854,250",1.31
0204S0,TIGER 코스닥액티브,20260824,160980,싸이맥스,31.00,"790,500","781,200",1.20
0204S0,TIGER 코스닥액티브,20260824,295310,에이치브이엠,17.00,"760,750","763,300",1.17
0204S0,TIGER 코스닥액티브,20260824,382800,지앤비에스 에코,140.00,"723,800","721,000",1.11
0204S0,TIGER 코스닥액티브,20260824,141080,리가켐바이오,7.00,"700,000","720,300",1.11
0204S0,TIGER 코스닥액티브,20260824,064760,티씨케이,3.00,"676,500","682,500",1.05
0204S0,TIGER 코스닥액티브,20260824,067310,하나마이크론,19.00,"665,000","655,500",1.01
0204S0,TIGER 코스닥액티브,20260824,082920,비츠로셀,21.00,"640,500","642,600",0.99
0204S0,TIGER 코스닥액티브,20260824,484590,삼양컴텍,106.00,"631,760","642,360",0.99
0204S0,TIGER 코스닥액티브,20260824,196170,알테오젠,2.00,"640,000","641,000",0.99
0204S0,TIGER 코스닥액티브,20260824,213420,덕산네오룩스,20.00,"637,000","634,000",0.98
0204S0,TIGER 코스닥액티브,20260824,388210,씨엠티엑스,9.00,"625,500","630,000",0.97
0204S0,TIGER 코스닥액티브,20260824,144960,뉴파워프라즈마,64.00,"623,360","613,760",0.94
0204S0,TIGER 코스닥액티브,20260824,226950,올릭스,6.00,"588,600","613,200",0.94
0204S0,TIGER 코스닥액티브,20260824,298380,에이비엘바이오,8.00,"601,600","606,400",0.93
0204S0,TIGER 코스닥액티브,20260824,420770,기가비스,5.00,"526,500","523,000",0.81
0204S0,TIGER 코스닥액티브,20260824,319660,피에스케이,4.00,"488,800","501,200",0.77
0204S0,TIGER 코스닥액티브,20260824,108490,로보티즈,2.00,"508,000","495,000",0.76
0204S0,TIGER 코스닥액티브,20260824,043260,성호전자,27.00,"489,240","484,380",0.75
0204S0,TIGER 코스닥액티브,20260824,098460,고영,17.00,"481,100","463,250",0.71
0204S0,TIGER 코스닥액티브,20260824,077360,덕산하이메탈,49.00,"458,150","463,050",0.71
0204S0,TIGER 코스닥액티브,20260824,187790,나노,153.00,"457,470","447,525",0.69
0204S0,TIGER 코스닥액티브,20260824,417840,저스템,31.00,"367,350","357,740",0.55
0204S0,TIGER 코스닥액티브,20260824,236200,슈프리마,6.00,"336,600","340,800",0.52
0204S0,TIGER 코스닥액티브,20260824,092460,한라IMS,18.00,"309,240","319,860",0.49
0204S0,TIGER 코스닥액티브,20260824,355150,코스텍시스,15.00,"289,650","287,700",0.44
0204S0,TIGER 코스닥액티브,20260824,397030,에이프릴바이오,14.00,"277,760","279,160",0.43
0204S0,TIGER 코스닥액티브,20260824,078600,대주전자재료,3.00,"248,700","262,800",0.40
0204S0,TIGER 코스닥액티브,20260824,440110,파두,4.00,"247,600","248,000",0.38
0204S0,TIGER 코스닥액티브,20260824,032190,다우데이타,12.00,"234,960","234,960",0.36
0204S0,TIGER 코스닥액티브,20260824,347850,디앤디파마텍,4.00,"213,200","229,200",0.35
0204S0,TIGER 코스닥액티브,20260824,290650,엘앤씨바이오,4.00,"204,000","202,400",0.31
0204S0,TIGER 코스닥액티브,20260824,014620,성광벤드,7.00,"160,650","169,400",0.26
0204S0,TIGER 코스닥액티브,20260824,KRD010010001,원화현금,-,-,"1,942,554",2.99
0204S0,TIGER 코스닥액티브,20260825,131290,티에스이,15.00,"3,682,500","3,735,000",5.52
0204S0,TIGER 코스닥액티브,20260825,222800,심텍,27.00,"2,840,400","3,156,300",4.67
0204S0,TIGER 코스닥액티브,20260825,095340,ISC,19.00,"2,929,800","3,140,700",4.65
0204S0,TIGER 코스닥액티브,20260825,031980,피에스케이홀딩스,25.00,"2,755,000","3,017,500",4.46
0204S0,TIGER 코스닥액티브,20260825,064290,인텍플러스,75.00,"2,452,500","2,685,000",3.97
0204S0,TIGER 코스닥액티브,20260825,251970,펌텍코리아,39.00,"2,472,600","2,457,000",3.63
0204S0,TIGER 코스닥액티브,20260825,036540,SFA반도체,354.00,"1,908,060","2,056,740",3.04
0204S0,TIGER 코스닥액티브,20260825,252990,샘씨엔에스,157.00,"2,092,810","2,008,030",2.97
0204S0,TIGER 코스닥액티브,20260825,170920,엘티씨,55.00,"1,930,500","1,930,500",2.86
0204S0,TIGER 코스닥액티브,20260825,080220,제주반도체,23.00,"1,674,400","1,768,700",2.62
0204S0,TIGER 코스닥액티브,20260825,204620,글로벌텍스프리,341.00,"1,711,820","1,756,150",2.60
0204S0,TIGER 코스닥액티브,20260825,214450,파마리서치,4.00,"1,664,000","1,658,000",2.45
0204S0,TIGER 코스닥액티브,20260825,095610,테스,11.00,"1,467,400","1,529,000",2.26
0204S0,TIGER 코스닥액티브,20260825,476830,알지노믹스,47.00,"1,471,100","1,501,650",2.22
0204S0,TIGER 코스닥액티브,20260825,080580,오킨스전자,77.00,"1,245,090","1,493,800",2.21
0204S0,TIGER 코스닥액티브,20260825,123330,제닉,45.00,"1,284,750","1,449,000",2.14
0204S0,TIGER 코스닥액티브,20260825,089970,브이엠,22.00,"1,287,000","1,322,200",1.96
0204S0,TIGER 코스닥액티브,20260825,033160,엠케이전자,91.00,"1,283,100","1,302,210",1.93
0204S0,TIGER 코스닥액티브,20260825,257720,실리콘투,24.00,"1,186,800","1,245,600",1.84
0204S0,TIGER 코스닥액티브,20260825,085910,네오티스,71.00,"1,177,890","1,181,440",1.75
0204S0,TIGER 코스닥액티브,20260825,356860,티엘비,30.00,"1,012,500","1,161,000",1.72
0204S0,TIGER 코스닥액티브,20260825,119850,지엔씨에너지,22.00,"1,078,000","1,119,800",1.66
0204S0,TIGER 코스닥액티브,20260825,006730,서부T&D,104.00,"1,058,720","1,116,960",1.65
0204S0,TIGER 코스닥액티브,20260825,241710,코스메카코리아,8.00,"1,120,000","1,116,000",1.65
0204S0,TIGER 코스닥액티브,20260825,083650,비에이치아이,16.00,"892,800","1,016,000",1.50
0204S0,TIGER 코스닥액티브,20260825,189300,인텔리안테크,15.00,"981,000","981,000",1.45
0204S0,TIGER 코스닥액티브,20260825,218410,RFHIC,19.00,"877,800","892,050",1.32
0204S0,TIGER 코스닥액티브,20260825,295310,에이치브이엠,17.00,"763,300","800,700",1.18
0204S0,TIGER 코스닥액티브,20260825,160980,싸이맥스,31.00,"781,200","778,100",1.15
0204S0,TIGER 코스닥액티브,20260825,382800,지앤비에스 에코,140.00,"721,000","742,000",1.10
0204S0,TIGER 코스닥액티브,20260825,064760,티씨케이,3.00,"682,500","724,500",1.07
0204S0,TIGER 코스닥액티브,20260825,107640,한중엔시에스,20.00,"724,000","718,000",1.06
0204S0,TIGER 코스닥액티브,20260825,067310,하나마이크론,19.00,"655,500","714,400",1.06
0204S0,TIGER 코스닥액티브,20260825,475830,오름테라퓨틱,10.00,"725,000","707,000",1.05
0204S0,TIGER 코스닥액티브,20260825,141080,리가켐바이오,7.00,"720,300","697,900",1.03
0204S0,TIGER 코스닥액티브,20260825,159010,아스플로,33.00,"659,670","696,300",1.03
0204S0,TIGER 코스닥액티브,20260825,484590,삼양컴텍,106.00,"642,360","679,460",1.01
0204S0,TIGER 코스닥액티브,20260825,388210,씨엠티엑스,9.00,"630,000","666,000",0.99
0204S0,TIGER 코스닥액티브,20260825,082920,비츠로셀,21.00,"642,600","654,150",0.97
0204S0,TIGER 코스닥액티브,20260825,213420,덕산네오룩스,20.00,"634,000","649,000",0.96
0204S0,TIGER 코스닥액티브,20260825,144960,뉴파워프라즈마,64.00,"613,760","626,560",0.93
0204S0,TIGER 코스닥액티브,20260825,389260,대명에너지,46.00,"586,500","615,480",0.91
0204S0,TIGER 코스닥액티브,20260825,196170,알테오젠,2.00,"641,000","611,000",0.90
0204S0,TIGER 코스닥액티브,20260825,226950,올릭스,6.00,"613,200","602,400",0.89
0204S0,TIGER 코스닥액티브,20260825,298380,에이비엘바이오,8.00,"606,400","596,800",0.88
0204S0,TIGER 코스닥액티브,20260825,319660,피에스케이,4.00,"501,200","519,600",0.77
0204S0,TIGER 코스닥액티브,20260825,108490,로보티즈,2.00,"495,000","510,000",0.75
0204S0,TIGER 코스닥액티브,20260825,098460,고영,17.00,"463,250","500,650",0.74
0204S0,TIGER 코스닥액티브,20260825,077360,덕산하이메탈,49.00,"463,050","483,140",0.71
0204S0,TIGER 코스닥액티브,20260825,043260,성호전자,27.00,"484,380","477,630",0.71
0204S0,TIGER 코스닥액티브,20260825,187790,나노,153.00,"447,525","457,470",0.68
0204S0,TIGER 코스닥액티브,20260825,417840,저스템,31.00,"357,740","374,790",0.55
0204S0,TIGER 코스닥액티브,20260825,236200,슈프리마,6.00,"340,800","337,200",0.50
0204S0,TIGER 코스닥액티브,20260825,420770,기가비스,3.00,"313,800","322,800",0.48
0204S0,TIGER 코스닥액티브,20260825,092460,한라IMS,18.00,"319,860","322,560",0.48
0204S0,TIGER 코스닥액티브,20260825,355150,코스텍시스,15.00,"287,700","300,000",0.44
0204S0,TIGER 코스닥액티브,20260825,397030,에이프릴바이오,14.00,"279,160","272,580",0.40
0204S0,TIGER 코스닥액티브,20260825,078600,대주전자재료,3.00,"262,800","263,100",0.39
0204S0,TIGER 코스닥액티브,20260825,440110,파두,4.00,"248,000","257,200",0.38
0204S0,TIGER 코스닥액티브,20260825,032190,다우데이타,12.00,"234,960","240,600",0.36
0204S0,TIGER 코스닥액티브,20260825,347850,디앤디파마텍,4.00,"229,200","224,800",0.33
0204S0,TIGER 코스닥액티브,20260825,290650,엘앤씨바이오,4.00,"202,400","209,200",0.31
0204S0,TIGER 코스닥액티브,20260825,014620,성광벤드,7.00,"169,400","183,400",0.27
0204S0,TIGER 코스닥액티브,20260825,KRD010010001,원화현금,-,-,"1,269,055",1.88
0204S0,TIGER 코스닥액티브,20260826,131290,티에스이,15.00,"3,735,000","3,772,500",5.61
0204S0,TIGER 코스닥액티브,20260826,095340,ISC,19.00,"3,140,700","3,131,200",4.66
0204S0,TIGER 코스닥액티브,20260826,222800,심텍,27.00,"3,156,300","3,042,900",4.53
0204S0,TIGER 코스닥액티브,20260826,031980,피에스케이홀딩스,25.00,"3,017,500","2,980,000",4.43
0204S0,TIGER 코스닥액티브,20260826,064290,인텍플러스,75.00,"2,685,000","2,523,750",3.75
0204S0,TIGER 코스닥액티브,20260826,251970,펌텍코리아,39.00,"2,457,000","2,304,900",3.43
0204S0,TIGER 코스닥액티브,20260826,036540,SFA반도체,353.00,"2,050,930","2,005,040",2.98
0204S0,TIGER 코스닥액티브,20260826,080580,오킨스전자,99.00,"1,920,600","1,851,300",2.75
0204S0,TIGER 코스닥액티브,20260826,356860,티엘비,46.00,"1,780,200","1,800,900",2.68
0204S0,TIGER 코스닥액티브,20260826,204620,글로벌텍스프리,341.00,"1,756,150","1,780,020",2.65
0204S0,TIGER 코스닥액티브,20260826,214450,파마리서치,4.00,"1,658,000","1,768,000",2.63
0204S0,TIGER 코스닥액티브,20260826,252990,샘씨엔에스,127.00,"1,624,330","1,631,950",2.43
0204S0,TIGER 코스닥액티브,20260826,080220,제주반도체,21.00,"1,614,900","1,598,100",2.38
0204S0,TIGER 코스닥액티브,20260826,123330,제닉,45.00,"1,449,000","1,557,000",2.32
0204S0,TIGER 코스닥액티브,20260826,095610,테스,11.00,"1,529,000","1,519,100",2.26
0204S0,TIGER 코스닥액티브,20260826,476830,알지노믹스,47.00,"1,501,650","1,480,500",2.20
0204S0,TIGER 코스닥액티브,20260826,089970,브이엠,22.00,"1,322,200","1,295,800",1.93
0204S0,TIGER 코스닥액티브,20260826,170920,엘티씨,37.00,"1,298,700","1,278,350",1.90
0204S0,TIGER 코스닥액티브,20260826,257720,실리콘투,24.00,"1,245,600","1,243,200",1.85
0204S0,TIGER 코스닥액티브,20260826,085910,네오티스,71.00,"1,181,440","1,185,700",1.76
0204S0,TIGER 코스닥액티브,20260826,006730,서부T&D,104.00,"1,116,960","1,157,520",1.72
0204S0,TIGER 코스닥액티브,20260826,119850,지엔씨에너지,22.00,"1,119,800","1,135,200",1.69
0204S0,TIGER 코스닥액티브,20260826,083650,비에이치아이,16.00,"1,016,000","1,036,800",1.54
0204S0,TIGER 코스닥액티브,20260826,033160,엠케이전자,70.00,"1,001,700","1,001,000",1.49
0204S0,TIGER 코스닥액티브,20260826,218410,RFHIC,19.00,"892,050","902,500",1.34
0204S0,TIGER 코스닥액티브,20260826,160980,싸이맥스,31.00,"778,100","773,450",1.15
0204S0,TIGER 코스닥액티브,20260826,388050,지투파워,75.00,"734,250","759,000",1.13
0204S0,TIGER 코스닥액티브,20260826,475830,오름테라퓨틱,11.00,"777,700","750,200",1.12
0204S0,TIGER 코스닥액티브,20260826,403870,HPSP,15.00,"727,500","727,500",1.08
0204S0,TIGER 코스닥액티브,20260826,382800,지앤비에스 에코,140.00,"742,000","719,600",1.07
0204S0,TIGER 코스닥액티브,20260826,064760,티씨케이,3.00,"724,500","715,500",1.06
0204S0,TIGER 코스닥액티브,20260826,107640,한중엔시에스,20.00,"718,000","703,000",1.05
0204S0,TIGER 코스닥액티브,20260826,067310,하나마이크론,19.00,"714,400","700,150",1.04
0204S0,TIGER 코스닥액티브,20260826,241710,코스메카코리아,5.00,"697,500","693,500",1.03
0204S0,TIGER 코스닥액티브,20260826,141080,리가켐바이오,7.00,"697,900","688,100",1.02
0204S0,TIGER 코스닥액티브,20260826,159010,아스플로,33.00,"696,300","683,100",1.02
0204S0,TIGER 코스닥액티브,20260826,082920,비츠로셀,21.00,"654,150","675,150",1.00
0204S0,TIGER 코스닥액티브,20260826,484590,삼양컴텍,106.00,"679,460","674,160",1.00
0204S0,TIGER 코스닥액티브,20260826,388210,씨엠티엑스,9.00,"666,000","658,800",0.98
0204S0,TIGER 코스닥액티브,20260826,189300,인텔리안테크,10.00,"654,000","643,000",0.96
0204S0,TIGER 코스닥액티브,20260826,144960,뉴파워프라즈마,64.00,"626,560","632,320",0.94
0204S0,TIGER 코스닥액티브,20260826,196170,알테오젠,2.00,"611,000","623,000",0.93
0204S0,TIGER 코스닥액티브,20260826,389260,대명에너지,45.00,"602,100","617,850",0.92
0204S0,TIGER 코스닥액티브,20260826,298380,에이비엘바이오,8.00,"596,800","596,800",0.89
0204S0,TIGER 코스닥액티브,20260826,226950,올릭스,6.00,"602,400","595,800",0.89
0204S0,TIGER 코스닥액티브,20260826,295310,에이치브이엠,11.00,"518,100","518,650",0.77
0204S0,TIGER 코스닥액티브,20260826,319660,피에스케이,4.00,"519,600","518,000",0.77
0204S0,TIGER 코스닥액티브,20260826,108490,로보티즈,2.00,"510,000","501,000",0.75
0204S0,TIGER 코스닥액티브,20260826,098460,고영,17.00,"500,650","487,050",0.72
0204S0,TIGER 코스닥액티브,20260826,077360,덕산하이메탈,49.00,"483,140","481,670",0.72
0204S0,TIGER 코스닥액티브,20260826,187790,나노,153.00,"457,470","458,235",0.68
0204S0,TIGER 코스닥액티브,20260826,417840,저스템,31.00,"374,790","377,890",0.56
0204S0,TIGER 코스닥액티브,20260826,213420,덕산네오룩스,11.00,"356,950","351,450",0.52
0204S0,TIGER 코스닥액티브,20260826,0015N0,아로마티카,36.00,"338,400","350,280",0.52
0204S0,TIGER 코스닥액티브,20260826,355150,코스텍시스,15.00,"300,000","335,250",0.50
0204S0,TIGER 코스닥액티브,20260826,236200,슈프리마,6.00,"337,200","330,000",0.49
0204S0,TIGER 코스닥액티브,20260826,092460,한라IMS,18.00,"322,560","324,900",0.48
0204S0,TIGER 코스닥액티브,20260826,420770,기가비스,3.00,"322,800","313,500",0.47
0204S0,TIGER 코스닥액티브,20260826,397030,에이프릴바이오,14.00,"272,580","268,660",0.40
0204S0,TIGER 코스닥액티브,20260826,078600,대주전자재료,3.00,"263,100","258,300",0.38
0204S0,TIGER 코스닥액티브,20260826,440110,파두,4.00,"257,200","250,400",0.37
0204S0,TIGER 코스닥액티브,20260826,032190,다우데이타,12.00,"240,600","240,000",0.36
0204S0,TIGER 코스닥액티브,20260826,347850,디앤디파마텍,4.00,"224,800","225,200",0.34
0204S0,TIGER 코스닥액티브,20260826,043260,성호전자,13.00,"229,970","220,350",0.33
0204S0,TIGER 코스닥액티브,20260826,014620,성광벤드,7.00,"183,400","208,250",0.31
0204S0,TIGER 코스닥액티브,20260826,290650,엘앤씨바이오,4.00,"209,200","202,800",0.30
0204S0,TIGER 코스닥액티브,20260826,KRD010010001,원화현금,-,-,"1,380,570",2.05
0204S0,TIGER 코스닥액티브,20260827,131290,티에스이,15.00,"3,772,500","3,795,000",5.54
0204S0,TIGER 코스닥액티브,20260827,222800,심텍,27.00,"3,042,900","3,426,300",5.00
0204S0,TIGER 코스닥액티브,20260827,095340,ISC,19.00,"3,131,200","3,252,800",4.75
0204S0,TIGER 코스닥액티브,20260827,031980,피에스케이홀딩스,25.00,"2,980,000","3,175,000",4.64
0204S0,TIGER 코스닥액티브,20260827,064290,인텍플러스,75.00,"2,523,750","2,490,000",3.64
0204S0,TIGER 코스닥액티브,20260827,214450,파마리서치,5.00,"2,210,000","2,162,500",3.16
0204S0,TIGER 코스닥액티브,20260827,251970,펌텍코리아,38.00,"2,245,800","2,150,800",3.14
0204S0,TIGER 코스닥액티브,20260827,036540,SFA반도체,353.00,"2,005,040","2,040,340",2.98
0204S0,TIGER 코스닥액티브,20260827,123330,제닉,60.00,"2,076,000","2,028,000",2.96
0204S0,TIGER 코스닥액티브,20260827,080580,오킨스전자,99.00,"1,851,300","1,921,590",2.81
0204S0,TIGER 코스닥액티브,20260827,356860,티엘비,46.00,"1,800,900","1,909,000",2.79
0204S0,TIGER 코스닥액티브,20260827,204620,글로벌텍스프리,341.00,"1,780,020","1,762,970",2.57
0204S0,TIGER 코스닥액티브,20260827,252990,샘씨엔에스,127.00,"1,631,950","1,692,910",2.47
0204S0,TIGER 코스닥액티브,20260827,080220,제주반도체,21.00,"1,598,100","1,631,700",2.38
0204S0,TIGER 코스닥액티브,20260827,095610,테스,11.00,"1,519,100","1,606,000",2.35
0204S0,TIGER 코스닥액티브,20260827,476830,알지노믹스,47.00,"1,480,500","1,485,200",2.17
0204S0,TIGER 코스닥액티브,20260827,170920,엘티씨,37.00,"1,278,350","1,317,200",1.92
0204S0,TIGER 코스닥액티브,20260827,257720,실리콘투,24.00,"1,243,200","1,179,600",1.72
0204S0,TIGER 코스닥액티브,20260827,006730,서부T&D,104.00,"1,157,520","1,136,720",1.66
0204S0,TIGER 코스닥액티브,20260827,119850,지엔씨에너지,22.00,"1,135,200","1,106,600",1.62
0204S0,TIGER 코스닥액티브,20260827,089970,브이엠,17.00,"1,001,300","1,028,500",1.50
0204S0,TIGER 코스닥액티브,20260827,083650,비에이치아이,16.00,"1,036,800","1,024,000",1.50
0204S0,TIGER 코스닥액티브,20260827,196170,알테오젠,3.00,"934,500","934,500",1.36
0204S0,TIGER 코스닥액티브,20260827,218410,RFHIC,19.00,"902,500","927,200",1.35
0204S0,TIGER 코스닥액티브,20260827,033160,엠케이전자,58.00,"829,400","845,640",1.23
0204S0,TIGER 코스닥액티브,20260827,107640,한중엔시에스,20.00,"703,000","818,000",1.19
0204S0,TIGER 코스닥액티브,20260827,388050,지투파워,75.00,"759,000","767,250",1.12
0204S0,TIGER 코스닥액티브,20260827,403870,HPSP,15.00,"727,500","757,500",1.11
0204S0,TIGER 코스닥액티브,20260827,456160,지투지바이오,18.00,"751,500","742,500",1.08
0204S0,TIGER 코스닥액티브,20260827,067310,하나마이크론,19.00,"700,150","736,250",1.08
0204S0,TIGER 코스닥액티브,20260827,475830,오름테라퓨틱,11.00,"750,200","734,800",1.07
0204S0,TIGER 코스닥액티브,20260827,064760,티씨케이,3.00,"715,500","727,500",1.06
0204S0,TIGER 코스닥액티브,20260827,382800,지앤비에스 에코,140.00,"719,600","723,800",1.06
0204S0,TIGER 코스닥액티브,20260827,484590,삼양컴텍,106.00,"674,160","697,480",1.02
0204S0,TIGER 코스닥액티브,20260827,141080,리가켐바이오,7.00,"688,100","697,200",1.02
0204S0,TIGER 코스닥액티브,20260827,241710,코스메카코리아,5.00,"693,500","695,000",1.01
0204S0,TIGER 코스닥액티브,20260827,085910,네오티스,39.00,"651,300","678,600",0.99
0204S0,TIGER 코스닥액티브,20260827,159010,아스플로,33.00,"683,100","674,850",0.99
0204S0,TIGER 코스닥액티브,20260827,014620,성광벤드,22.00,"654,500","663,300",0.97
0204S0,TIGER 코스닥액티브,20260827,189300,인텔리안테크,10.00,"643,000","657,000",0.96
0204S0,TIGER 코스닥액티브,20260827,144960,뉴파워프라즈마,64.00,"632,320","640,640",0.94
0204S0,TIGER 코스닥액티브,20260827,226950,올릭스,6.00,"595,800","628,800",0.92
0204S0,TIGER 코스닥액티브,20260827,389260,대명에너지,45.00,"617,850","616,950",0.90
0204S0,TIGER 코스닥액티브,20260827,082920,비츠로셀,21.00,"675,150","613,200",0.90
0204S0,TIGER 코스닥액티브,20260827,298380,에이비엘바이오,8.00,"596,800","608,000",0.89
0204S0,TIGER 코스닥액티브,20260827,160980,싸이맥스,22.00,"548,900","569,800",0.83
0204S0,TIGER 코스닥액티브,20260827,295310,에이치브이엠,11.00,"518,650","537,350",0.78
0204S0,TIGER 코스닥액티브,20260827,319660,피에스케이,4.00,"518,000","533,600",0.78
0204S0,TIGER 코스닥액티브,20260827,108490,로보티즈,2.00,"501,000","510,000",0.74
0204S0,TIGER 코스닥액티브,20260827,098460,고영,17.00,"487,050","495,550",0.72
0204S0,TIGER 코스닥액티브,20260827,077360,덕산하이메탈,49.00,"481,670","490,980",0.72
0204S0,TIGER 코스닥액티브,20260827,187790,나노,153.00,"458,235","452,880",0.66
0204S0,TIGER 코스닥액티브,20260827,417840,저스템,31.00,"377,890","394,320",0.58
0204S0,TIGER 코스닥액티브,20260827,388210,씨엠티엑스,5.00,"366,000","374,000",0.55
0204S0,TIGER 코스닥액티브,20260827,355150,코스텍시스,15.00,"335,250","347,250",0.51
0204S0,TIGER 코스닥액티브,20260827,236200,슈프리마,6.00,"330,000","331,200",0.48
0204S0,TIGER 코스닥액티브,20260827,420770,기가비스,3.00,"313,500","324,600",0.47
0204S0,TIGER 코스닥액티브,20260827,092460,한라IMS,18.00,"324,900","323,100",0.47
0204S0,TIGER 코스닥액티브,20260827,0015N0,아로마티카,36.00,"350,280","318,960",0.47
0204S0,TIGER 코스닥액티브,20260827,078600,대주전자재료,3.00,"258,300","277,500",0.41
0204S0,TIGER 코스닥액티브,20260827,397030,에이프릴바이오,14.00,"268,660","269,780",0.39
0204S0,TIGER 코스닥액티브,20260827,440110,파두,4.00,"250,400","258,000",0.38
0204S0,TIGER 코스닥액티브,20260827,032190,다우데이타,12.00,"240,000","240,000",0.35
0204S0,TIGER 코스닥액티브,20260827,347850,디앤디파마텍,4.00,"225,200","225,200",0.33
0204S0,TIGER 코스닥액티브,20260827,290650,엘앤씨바이오,4.00,"202,800","201,600",0.29
0204S0,TIGER 코스닥액티브,20260827,213420,덕산네오룩스,6.00,"191,700","194,100",0.28
0204S0,TIGER 코스닥액티브,20260827,KRD010010001,원화현금,-,-,"897,676",1.31
0204S0,TIGER 코스닥액티브,20260828,222800,심텍,30.00,"3,807,000","3,684,000",5.37
0204S0,TIGER 코스닥액티브,20260828,131290,티에스이,15.00,"3,795,000","3,577,500",5.22
0204S0,TIGER 코스닥액티브,20260828,095340,ISC,19.00,"3,252,800","3,294,600",4.80
0204S0,TIGER 코스닥액티브,20260828,031980,피에스케이홀딩스,25.00,"3,175,000","3,002,500",4.38
0204S0,TIGER 코스닥액티브,20260828,064290,인텍플러스,75.00,"2,490,000","2,437,500",3.55
0204S0,TIGER 코스닥액티브,20260828,251970,펌텍코리아,38.00,"2,150,800","2,344,600",3.42
0204S0,TIGER 코스닥액티브,20260828,214450,파마리서치,5.00,"2,162,500","2,307,500",3.36
0204S0,TIGER 코스닥액티브,20260828,123330,제닉,60.00,"2,028,000","2,190,000",3.19
0204S0,TIGER 코스닥액티브,20260828,204620,글로벌텍스프리,341.00,"1,762,970","2,032,360",2.96
0204S0,TIGER 코스닥액티브,20260828,080580,오킨스전자,99.00,"1,921,590","2,009,700",2.93
0204S0,TIGER 코스닥액티브,20260828,036540,SFA반도체,353.00,"2,040,340","1,980,330",2.89
0204S0,TIGER 코스닥액티브,20260828,107640,한중엔시에스,44.00,"1,799,600","1,826,000",2.66
0204S0,TIGER 코스닥액티브,20260828,356860,티엘비,46.00,"1,909,000","1,821,600",2.66
0204S0,TIGER 코스닥액티브,20260828,252990,샘씨엔에스,127.00,"1,692,910","1,764,030",2.57
0204S0,TIGER 코스닥액티브,20260828,095610,테스,11.00,"1,606,000","1,569,700",2.29
0204S0,TIGER 코스닥액티브,20260828,476830,알지노믹스,47.00,"1,485,200","1,473,450",2.15
0204S0,TIGER 코스닥액티브,20260828,170920,엘티씨,37.00,"1,317,200","1,221,000",1.78
0204S0,TIGER 코스닥액티브,20260828,006730,서부T&D,104.00,"1,136,720","1,159,600",1.69
0204S0,TIGER 코스닥액티브,20260828,119850,지엔씨에너지,22.00,"1,106,600","1,148,400",1.67
0204S0,TIGER 코스닥액티브,20260828,456160,지투지바이오,25.00,"1,031,250","1,091,250",1.59
0204S0,TIGER 코스닥액티브,20260828,083650,비에이치아이,16.00,"1,024,000","1,046,400",1.53
0204S0,TIGER 코스닥액티브,20260828,257720,실리콘투,19.00,"933,850","1,012,700",1.48
0204S0,TIGER 코스닥액티브,20260828,085910,네오티스,59.00,"1,026,600","988,840",1.44
0204S0,TIGER 코스닥액티브,20260828,089970,브이엠,17.00,"1,028,500","986,000",1.44
0204S0,TIGER 코스닥액티브,20260828,196170,알테오젠,3.00,"934,500","960,000",1.40
0204S0,TIGER 코스닥액티브,20260828,080220,제주반도체,12.00,"932,400","920,400",1.34
0204S0,TIGER 코스닥액티브,20260828,218410,RFHIC,19.00,"927,200","889,200",1.30
0204S0,TIGER 코스닥액티브,20260828,033160,엠케이전자,58.00,"845,640","807,360",1.18
0204S0,TIGER 코스닥액티브,20260828,403870,HPSP,15.00,"757,500","766,500",1.12
0204S0,TIGER 코스닥액티브,20260828,388050,지투파워,75.00,"767,250","750,000",1.09
0204S0,TIGER 코스닥액티브,20260828,382800,지앤비에스 에코,140.00,"723,800","739,200",1.08
0204S0,TIGER 코스닥액티브,20260828,484590,삼양컴텍,106.00,"697,480","737,760",1.08
0204S0,TIGER 코스닥액티브,20260828,475830,오름테라퓨틱,11.00,"734,800","726,000",1.06
0204S0,TIGER 코스닥액티브,20260828,064760,티씨케이,3.00,"727,500","715,500",1.04
0204S0,TIGER 코스닥액티브,20260828,141080,리가켐바이오,7.00,"697,200","707,000",1.03
0204S0,TIGER 코스닥액티브,20260828,014620,성광벤드,22.00,"663,300","700,700",1.02
0204S0,TIGER 코스닥액티브,20260828,159010,아스플로,33.00,"674,850","676,500",0.99
0204S0,TIGER 코스닥액티브,20260828,067310,하나마이크론,19.00,"736,250","671,650",0.98
0204S0,TIGER 코스닥액티브,20260828,189300,인텔리안테크,10.00,"657,000","638,000",0.93
0204S0,TIGER 코스닥액티브,20260828,226950,올릭스,6.00,"628,800","635,400",0.93
0204S0,TIGER 코스닥액티브,20260828,144960,뉴파워프라즈마,64.00,"640,640","616,960",0.90
0204S0,TIGER 코스닥액티브,20260828,389260,대명에너지,45.00,"616,950","616,050",0.90
0204S0,TIGER 코스닥액티브,20260828,298380,에이비엘바이오,8.00,"608,000","615,200",0.90
0204S0,TIGER 코스닥액티브,20260828,160980,싸이맥스,22.00,"569,800","526,900",0.77
0204S0,TIGER 코스닥액티브,20260828,295310,에이치브이엠,11.00,"537,350","517,000",0.75
0204S0,TIGER 코스닥액티브,20260828,319660,피에스케이,4.00,"533,600","514,400",0.75
0204S0,TIGER 코스닥액티브,20260828,098460,고영,17.00,"495,550","487,900",0.71
0204S0,TIGER 코스닥액티브,20260828,108490,로보티즈,2.00,"510,000","484,000",0.71
0204S0,TIGER 코스닥액티브,20260828,077360,덕산하이메탈,49.00,"490,980","482,650",0.70
0204S0,TIGER 코스닥액티브,20260828,082920,비츠로셀,15.00,"438,000","416,250",0.61
0204S0,TIGER 코스닥액티브,20260828,417840,저스템,31.00,"394,320","412,920",0.60
0204S0,TIGER 코스닥액티브,20260828,187790,나노,131.00,"387,760","390,380",0.57
0204S0,TIGER 코스닥액티브,20260828,0015N0,아로마티카,36.00,"318,960","363,960",0.53
0204S0,TIGER 코스닥액티브,20260828,388210,씨엠티엑스,5.00,"374,000","362,500",0.53
0204S0,TIGER 코스닥액티브,20260828,033640,네패스,15.00,"361,500","351,000",0.51
0204S0,TIGER 코스닥액티브,20260828,236200,슈프리마,6.00,"331,200","336,000",0.49
0204S0,TIGER 코스닥액티브,20260828,420770,기가비스,3.00,"324,600","329,400",0.48
0204S0,TIGER 코스닥액티브,20260828,355150,코스텍시스,15.00,"347,250","328,500",0.48
0204S0,TIGER 코스닥액티브,20260828,092460,한라IMS,18.00,"323,100","318,420",0.46
0204S0,TIGER 코스닥액티브,20260828,241710,코스메카코리아,2.00,"278,000","307,800",0.45
0204S0,TIGER 코스닥액티브,20260828,078600,대주전자재료,3.00,"277,500","275,400",0.40
0204S0,TIGER 코스닥액티브,20260828,397030,에이프릴바이오,14.00,"269,780","259,700",0.38
0204S0,TIGER 코스닥액티브,20260828,440110,파두,4.00,"258,000","253,200",0.37
0204S0,TIGER 코스닥액티브,20260828,032190,다우데이타,12.00,"240,000","244,200",0.36
0204S0,TIGER 코스닥액티브,20260828,347850,디앤디파마텍,4.00,"225,200","222,400",0.32
0204S0,TIGER 코스닥액티브,20260828,KRD010010001,원화현금,-,-,"540,612",0.79
0166N0,PLUS 코스닥150액티브,20260824,178320,서진시스템,724.00,"26,245,000","27,620,600",7.47
0166N0,PLUS 코스닥150액티브,20260824,393890,더블유씨피,"3,052.00","26,247,200","27,498,520",7.43
0166N0,PLUS 코스닥150액티브,20260824,458870,씨어스,993.00,"20,753,700","20,902,650",5.65
0166N0,PLUS 코스닥150액티브,20260824,107640,한중엔시에스,335.00,"10,904,250","12,127,000",3.28
0166N0,PLUS 코스닥150액티브,20260824,031980,피에스케이홀딩스,107.00,"11,502,500","11,791,400",3.19
0166N0,PLUS 코스닥150액티브,20260824,064850,에프앤가이드,697.00,"11,430,800","11,605,050",3.14
0166N0,PLUS 코스닥150액티브,20260824,064290,인텍플러스,348.00,"11,170,800","11,379,600",3.08
0166N0,PLUS 코스닥150액티브,20260824,089970,브이엠,192.00,"11,155,200","11,232,000",3.04
0166N0,PLUS 코스닥150액티브,20260824,042600,새로닉스,907.00,"9,940,720","11,047,260",2.99
0166N0,PLUS 코스닥150액티브,20260824,319660,피에스케이,88.00,"10,753,600","11,026,400",2.98
0166N0,PLUS 코스닥150액티브,20260824,095610,테스,79.00,"10,499,100","10,538,600",2.85
0166N0,PLUS 코스닥150액티브,20260824,240810,원익IPS,95.00,"10,250,500","10,108,000",2.73
0166N0,PLUS 코스닥150액티브,20260824,126340,비나텍,159.00,"9,873,900","10,080,600",2.72
0166N0,PLUS 코스닥150액티브,20260824,183300,코미코,395.00,"10,941,500","10,033,000",2.71
0166N0,PLUS 코스닥150액티브,20260824,297090,씨에스베어링,"2,452.00","9,219,520","9,244,040",2.50
0166N0,PLUS 코스닥150액티브,20260824,222800,심텍,81.00,"8,075,700","8,521,200",2.30
0166N0,PLUS 코스닥150액티브,20260824,347700,스피어,367.00,"8,606,150","8,459,350",2.29
0166N0,PLUS 코스닥150액티브,20260824,104830,원익머트리얼즈,251.00,"8,257,900","8,220,250",2.22
0166N0,PLUS 코스닥150액티브,20260824,064760,티씨케이,35.00,"7,892,500","7,962,500",2.15
0166N0,PLUS 코스닥150액티브,20260824,058470,리노공업,112.00,"7,358,400","7,235,200",1.96
0166N0,PLUS 코스닥150액티브,20260824,131970,두산테스나,96.00,"7,382,400","7,209,600",1.95
0166N0,PLUS 코스닥150액티브,20260824,078600,대주전자재료,79.00,"6,549,100","6,920,400",1.87
0166N0,PLUS 코스닥150액티브,20260824,357780,솔브레인,20.00,"6,520,000","6,600,000",1.78
0166N0,PLUS 코스닥150액티브,20260824,005290,동진쎄미켐,157.00,"6,452,700","6,594,000",1.78
0166N0,PLUS 코스닥150액티브,20260824,095340,ISC,38.00,"5,863,400","5,859,600",1.58
0166N0,PLUS 코스닥150액티브,20260824,196170,알테오젠,18.00,"5,760,000","5,769,000",1.56
0166N0,PLUS 코스닥150액티브,20260824,452280,한선엔지니어링,516.00,"5,113,560","5,381,880",1.45
0166N0,PLUS 코스닥150액티브,20260824,091580,상신이디피,284.00,"4,842,200","5,350,560",1.45
0166N0,PLUS 코스닥150액티브,20260824,140860,파크시스템스,18.00,"4,671,000","4,770,000",1.29
0166N0,PLUS 코스닥150액티브,20260824,403870,HPSP,105.00,"4,714,500","4,614,750",1.25
0166N0,PLUS 코스닥150액티브,20260824,420770,기가비스,35.00,"3,685,500","3,661,000",0.99
0166N0,PLUS 코스닥150액티브,20260824,440110,파두,59.00,"3,652,100","3,658,000",0.99
0166N0,PLUS 코스닥150액티브,20260824,170920,엘티씨,104.00,"3,718,000","3,650,400",0.99
0166N0,PLUS 코스닥150액티브,20260824,354320,알멕,111.00,"3,368,850","3,363,300",0.91
0166N0,PLUS 코스닥150액티브,20260824,388210,씨엠티엑스,42.00,"2,919,000","2,940,000",0.79
0166N0,PLUS 코스닥150액티브,20260824,039030,이오테크닉스,7.00,"2,831,500","2,716,000",0.73
0166N0,PLUS 코스닥150액티브,20260824,257720,실리콘투,53.00,"2,525,450","2,620,850",0.71
0166N0,PLUS 코스닥150액티브,20260824,036830,솔브레인홀딩스,56.00,"2,125,200","2,497,600",0.68
0166N0,PLUS 코스닥150액티브,20260824,036710,심텍홀딩스,609.00,"2,302,020","2,423,820",0.66
0166N0,PLUS 코스닥150액티브,20260824,166090,하나머티리얼즈,47.00,"2,509,800","2,392,300",0.65
0166N0,PLUS 코스닥150액티브,20260824,282720,금양그린파워,322.00,"2,292,640","2,289,420",0.62
0166N0,PLUS 코스닥150액티브,20260824,327260,RF머트리얼즈,66.00,"2,171,400","2,260,500",0.61
0166N0,PLUS 코스닥150액티브,20260824,077360,덕산하이메탈,193.00,"1,804,550","1,823,850",0.49
0166N0,PLUS 코스닥150액티브,20260824,252990,샘씨엔에스,135.00,"1,738,800","1,799,550",0.49
0166N0,PLUS 코스닥150액티브,20260824,089890,코세스,70.00,"1,543,500","1,606,500",0.43
0166N0,PLUS 코스닥150액티브,20260824,214150,클래시스,48.00,"1,543,200","1,603,200",0.43
0166N0,PLUS 코스닥150액티브,20260824,043260,성호전자,89.00,"1,612,680","1,596,660",0.43
0166N0,PLUS 코스닥150액티브,20260824,475830,오름테라퓨틱,22.00,"1,364,000","1,595,000",0.43
0166N0,PLUS 코스닥150액티브,20260824,222040,코스맥스엔비티,191.00,"1,539,460","1,587,210",0.43
0166N0,PLUS 코스닥150액티브,20260824,241710,코스메카코리아,11.00,"1,510,300","1,540,000",0.42
0166N0,PLUS 코스닥150액티브,20260824,194700,노바렉스,133.00,"1,433,740","1,480,290",0.40
0166N0,PLUS 코스닥150액티브,20260824,214450,파마리서치,3.00,"1,201,500","1,248,000",0.34
0166N0,PLUS 코스닥150액티브,20260824,171090,선익시스템,19.00,"1,233,100","1,216,000",0.33
0166N0,PLUS 코스닥150액티브,20260824,078020,LS증권,184.00,"1,208,880","1,208,880",0.33
0166N0,PLUS 코스닥150액티브,20260824,290740,액트로,154.00,"1,151,920","1,153,460",0.31
0166N0,PLUS 코스닥150액티브,20260824,089980,상아프론테크,78.00,"1,086,540","1,120,860",0.30
0166N0,PLUS 코스닥150액티브,20260824,347850,디앤디파마텍,19.00,"1,012,700","1,088,700",0.29
0166N0,PLUS 코스닥150액티브,20260824,032190,다우데이타,44.00,"861,520","861,520",0.23
0166N0,PLUS 코스닥150액티브,20260824,262260,에이프로,228.00,"698,820","752,400",0.20
0166N0,PLUS 코스닥150액티브,20260824,138080,오이솔루션,28.00,"655,200","660,800",0.18
0166N0,PLUS 코스닥150액티브,20260824,403850,더핑크퐁컴퍼니,48.00,"538,560","550,560",0.15
0166N0,PLUS 코스닥150액티브,20260824,096530,씨젠,16.00,"488,000","514,400",0.14
0166N0,PLUS 코스닥150액티브,20260824,213420,덕산네오룩스,14.00,"445,900","443,800",0.12
0166N0,PLUS 코스닥150액티브,20260824,237690,에스티팜,4.00,"398,800","440,800",0.12
0166N0,PLUS 코스닥150액티브,20260824,013030,하이록코리아,13.00,"389,350","402,350",0.11
0166N0,PLUS 코스닥150액티브,20260824,195940,HK이노엔,9.00,"369,000","397,350",0.11
0166N0,PLUS 코스닥150액티브,20260824,121600,나노신소재,8.00,"372,000","394,400",0.11
0166N0,PLUS 코스닥150액티브,20260824,006730,서부T&D,37.00,"377,400","376,660",0.10
0166N0,PLUS 코스닥150액티브,20260824,281740,레이크머티리얼즈,30.00,"346,800","357,600",0.10
0166N0,PLUS 코스닥150액티브,20260824,310210,보로노이,2.00,"304,200","335,200",0.09
0166N0,PLUS 코스닥150액티브,20260824,322310,오로스테크놀로지,25.00,"328,500","330,500",0.09
0166N0,PLUS 코스닥150액티브,20260824,330860,네패스아크,13.00,"325,000","324,350",0.09
0166N0,PLUS 코스닥150액티브,20260824,KRD010010001,원화현금,-,-,"950,889",0.26
0166N0,PLUS 코스닥150액티브,20260825,178320,서진시스템,724.00,"27,620,600","27,801,600",7.33
0166N0,PLUS 코스닥150액티브,20260825,393890,더블유씨피,"2,981.00","26,858,810","25,934,700",6.84
0166N0,PLUS 코스닥150액티브,20260825,458870,씨어스,993.00,"20,902,650","20,902,650",5.51
0166N0,PLUS 코스닥150액티브,20260825,064850,에프앤가이드,777.00,"12,937,050","13,177,920",3.47
0166N0,PLUS 코스닥150액티브,20260825,031980,피에스케이홀딩스,107.00,"11,791,400","12,914,900",3.41
0166N0,PLUS 코스닥150액티브,20260825,064290,인텍플러스,348.00,"11,379,600","12,458,400",3.29
0166N0,PLUS 코스닥150액티브,20260825,089970,브이엠,192.00,"11,232,000","11,539,200",3.04
0166N0,PLUS 코스닥150액티브,20260825,319660,피에스케이,88.00,"11,026,400","11,431,200",3.01
0166N0,PLUS 코스닥150액티브,20260825,095610,테스,79.00,"10,538,600","10,981,000",2.90
0166N0,PLUS 코스닥150액티브,20260825,042600,새로닉스,876.00,"10,669,680","10,774,800",2.84
0166N0,PLUS 코스닥150액티브,20260825,107640,한중엔시에스,300.00,"10,860,000","10,770,000",2.84
0166N0,PLUS 코스닥150액티브,20260825,240810,원익IPS,95.00,"10,108,000","10,668,500",2.81
0166N0,PLUS 코스닥150액티브,20260825,126340,비나텍,159.00,"10,080,600","10,446,300",2.75
0166N0,PLUS 코스닥150액티브,20260825,297090,씨에스베어링,"2,452.00","9,244,040","9,513,760",2.51
0166N0,PLUS 코스닥150액티브,20260825,222800,심텍,81.00,"8,521,200","9,468,900",2.50
0166N0,PLUS 코스닥150액티브,20260825,183300,코미코,357.00,"9,067,800","9,246,300",2.44
0166N0,PLUS 코스닥150액티브,20260825,347700,스피어,367.00,"8,459,350","8,642,850",2.28
0166N0,PLUS 코스닥150액티브,20260825,104830,원익머트리얼즈,251.00,"8,220,250","8,508,900",2.24
0166N0,PLUS 코스닥150액티브,20260825,064760,티씨케이,35.00,"7,962,500","8,452,500",2.23
0166N0,PLUS 코스닥150액티브,20260825,131970,두산테스나,96.00,"7,209,600","7,651,200",2.02
0166N0,PLUS 코스닥150액티브,20260825,058470,리노공업,112.00,"7,235,200","7,548,800",1.99
0166N0,PLUS 코스닥150액티브,20260825,078600,대주전자재료,79.00,"6,920,400","6,928,300",1.83
0166N0,PLUS 코스닥150액티브,20260825,005290,동진쎄미켐,157.00,"6,594,000","6,853,050",1.81
0166N0,PLUS 코스닥150액티브,20260825,357780,솔브레인,20.00,"6,600,000","6,680,000",1.76
0166N0,PLUS 코스닥150액티브,20260825,095340,ISC,38.00,"5,859,600","6,281,400",1.66
0166N0,PLUS 코스닥150액티브,20260825,196170,알테오젠,18.00,"5,769,000","5,499,000",1.45
0166N0,PLUS 코스닥150액티브,20260825,452280,한선엔지니어링,516.00,"5,381,880","5,381,880",1.42
0166N0,PLUS 코스닥150액티브,20260825,091580,상신이디피,284.00,"5,350,560","5,336,360",1.41
0166N0,PLUS 코스닥150액티브,20260825,403870,HPSP,105.00,"4,614,750","5,092,500",1.34
0166N0,PLUS 코스닥150액티브,20260825,140860,파크시스템스,18.00,"4,770,000","4,824,000",1.27
0166N0,PLUS 코스닥150액티브,20260825,420770,기가비스,42.00,"4,393,200","4,519,200",1.19
0166N0,PLUS 코스닥150액티브,20260825,170920,엘티씨,120.00,"4,212,000","4,212,000",1.11
0166N0,PLUS 코스닥150액티브,20260825,440110,파두,59.00,"3,658,000","3,793,700",1.00
0166N0,PLUS 코스닥150액티브,20260825,354320,알멕,111.00,"3,363,300","3,418,800",0.90
0166N0,PLUS 코스닥150액티브,20260825,388210,씨엠티엑스,42.00,"2,940,000","3,108,000",0.82
0166N0,PLUS 코스닥150액티브,20260825,039030,이오테크닉스,7.00,"2,716,000","2,810,500",0.74
0166N0,PLUS 코스닥150액티브,20260825,257720,실리콘투,53.00,"2,620,850","2,750,700",0.73
0166N0,PLUS 코스닥150액티브,20260825,036710,심텍홀딩스,609.00,"2,423,820","2,594,340",0.68
0166N0,PLUS 코스닥150액티브,20260825,166090,하나머티리얼즈,47.00,"2,392,300","2,589,700",0.68
0166N0,PLUS 코스닥150액티브,20260825,036830,솔브레인홀딩스,56.00,"2,497,600","2,427,600",0.64
0166N0,PLUS 코스닥150액티브,20260825,282720,금양그린파워,322.00,"2,289,420","2,398,900",0.63
0166N0,PLUS 코스닥150액티브,20260825,327260,RF머트리얼즈,66.00,"2,260,500","2,280,300",0.60
0166N0,PLUS 코스닥150액티브,20260825,077360,덕산하이메탈,193.00,"1,823,850","1,902,980",0.50
0166N0,PLUS 코스닥150액티브,20260825,252990,샘씨엔에스,135.00,"1,799,550","1,726,650",0.46
0166N0,PLUS 코스닥150액티브,20260825,089890,코세스,70.00,"1,606,500","1,673,000",0.44
0166N0,PLUS 코스닥150액티브,20260825,222040,코스맥스엔비티,191.00,"1,587,210","1,608,220",0.42
0166N0,PLUS 코스닥150액티브,20260825,043260,성호전자,89.00,"1,596,660","1,574,410",0.42
0166N0,PLUS 코스닥150액티브,20260825,214150,클래시스,48.00,"1,603,200","1,560,000",0.41
0166N0,PLUS 코스닥150액티브,20260825,475830,오름테라퓨틱,22.00,"1,595,000","1,555,400",0.41
0166N0,PLUS 코스닥150액티브,20260825,194700,노바렉스,133.00,"1,480,290","1,538,810",0.41
0166N0,PLUS 코스닥150액티브,20260825,241710,코스메카코리아,11.00,"1,540,000","1,534,500",0.40
0166N0,PLUS 코스닥150액티브,20260825,214450,파마리서치,3.00,"1,248,000","1,243,500",0.33
0166N0,PLUS 코스닥150액티브,20260825,078020,LS증권,184.00,"1,208,880","1,238,320",0.33
0166N0,PLUS 코스닥150액티브,20260825,171090,선익시스템,19.00,"1,216,000","1,231,200",0.32
0166N0,PLUS 코스닥150액티브,20260825,290740,액트로,154.00,"1,153,460","1,202,740",0.32
0166N0,PLUS 코스닥150액티브,20260825,089980,상아프론테크,78.00,"1,120,860","1,171,560",0.31
0166N0,PLUS 코스닥150액티브,20260825,032190,다우데이타,44.00,"861,520","882,200",0.23
0166N0,PLUS 코스닥150액티브,20260825,262260,에이프로,228.00,"752,400","772,920",0.20
0166N0,PLUS 코스닥150액티브,20260825,347850,디앤디파마텍,13.00,"744,900","730,600",0.19
0166N0,PLUS 코스닥150액티브,20260825,138080,오이솔루션,28.00,"660,800","651,000",0.17
0166N0,PLUS 코스닥150액티브,20260825,403850,더핑크퐁컴퍼니,48.00,"550,560","571,200",0.15
0166N0,PLUS 코스닥150액티브,20260825,096530,씨젠,16.00,"514,400","503,200",0.13
0166N0,PLUS 코스닥150액티브,20260825,213420,덕산네오룩스,14.00,"443,800","454,300",0.12
0166N0,PLUS 코스닥150액티브,20260825,237690,에스티팜,4.00,"440,800","426,800",0.11
0166N0,PLUS 코스닥150액티브,20260825,013030,하이록코리아,13.00,"402,350","418,600",0.11
0166N0,PLUS 코스닥150액티브,20260825,006730,서부T&D,37.00,"376,660","397,380",0.10
0166N0,PLUS 코스닥150액티브,20260825,195940,HK이노엔,9.00,"397,350","393,750",0.10
0166N0,PLUS 코스닥150액티브,20260825,121600,나노신소재,8.00,"394,400","385,600",0.10
0166N0,PLUS 코스닥150액티브,20260825,281740,레이크머티리얼즈,30.00,"357,600","354,900",0.09
0166N0,PLUS 코스닥150액티브,20260825,322310,오로스테크놀로지,25.00,"330,500","348,500",0.09
0166N0,PLUS 코스닥150액티브,20260825,310210,보로노이,2.00,"335,200","336,200",0.09
0166N0,PLUS 코스닥150액티브,20260825,330860,네패스아크,13.00,"324,350","332,800",0.09
0166N0,PLUS 코스닥150액티브,20260825,KRD010010001,원화현금,-,-,"1,885,828",0.50
0166N0,PLUS 코스닥150액티브,20260826,178320,서진시스템,724.00,"27,801,600","26,932,800",7.15
0166N0,PLUS 코스닥150액티브,20260826,393890,더블유씨피,"2,981.00","25,934,700","26,441,470",7.02
0166N0,PLUS 코스닥150액티브,20260826,458870,씨어스,993.00,"20,902,650","20,902,650",5.55
0166N0,PLUS 코스닥150액티브,20260826,064850,에프앤가이드,777.00,"13,177,920","12,983,670",3.45
0166N0,PLUS 코스닥150액티브,20260826,031980,피에스케이홀딩스,107.00,"12,914,900","12,754,400",3.39
0166N0,PLUS 코스닥150액티브,20260826,319660,피에스케이,88.00,"11,431,200","11,396,000",3.03
0166N0,PLUS 코스닥150액티브,20260826,089970,브이엠,192.00,"11,539,200","11,308,800",3.00
0166N0,PLUS 코스닥150액티브,20260826,064290,인텍플러스,329.00,"11,778,200","11,070,850",2.94
0166N0,PLUS 코스닥150액티브,20260826,095610,테스,79.00,"10,981,000","10,909,900",2.90
0166N0,PLUS 코스닥150액티브,20260826,126340,비나텍,159.00,"10,446,300","10,605,300",2.82
0166N0,PLUS 코스닥150액티브,20260826,042600,새로닉스,858.00,"10,553,400","10,553,400",2.80
0166N0,PLUS 코스닥150액티브,20260826,107640,한중엔시에스,300.00,"10,770,000","10,545,000",2.80
0166N0,PLUS 코스닥150액티브,20260826,240810,원익IPS,95.00,"10,668,500","10,383,500",2.76
0166N0,PLUS 코스닥150액티브,20260826,297090,씨에스베어링,"2,452.00","9,513,760","9,930,600",2.64
0166N0,PLUS 코스닥150액티브,20260826,222800,심텍,81.00,"9,468,900","9,128,700",2.42
0166N0,PLUS 코스닥150액티브,20260826,183300,코미코,357.00,"9,246,300","9,085,650",2.41
0166N0,PLUS 코스닥150액티브,20260826,347700,스피어,393.00,"9,255,150","9,039,000",2.40
0166N0,PLUS 코스닥150액티브,20260826,104830,원익머트리얼즈,251.00,"8,508,900","8,358,300",2.22
0166N0,PLUS 코스닥150액티브,20260826,064760,티씨케이,35.00,"8,452,500","8,347,500",2.22
0166N0,PLUS 코스닥150액티브,20260826,131970,두산테스나,96.00,"7,651,200","7,660,800",2.03
0166N0,PLUS 코스닥150액티브,20260826,058470,리노공업,112.00,"7,548,800","7,436,800",1.97
0166N0,PLUS 코스닥150액티브,20260826,078600,대주전자재료,79.00,"6,928,300","6,801,900",1.81
0166N0,PLUS 코스닥150액티브,20260826,005290,동진쎄미켐,157.00,"6,853,050","6,648,950",1.77
0166N0,PLUS 코스닥150액티브,20260826,357780,솔브레인,20.00,"6,680,000","6,600,000",1.75
0166N0,PLUS 코스닥150액티브,20260826,095340,ISC,38.00,"6,281,400","6,262,400",1.66
0166N0,PLUS 코스닥150액티브,20260826,091580,상신이디피,284.00,"5,336,360","5,779,400",1.53
0166N0,PLUS 코스닥150액티브,20260826,196170,알테오젠,18.00,"5,499,000","5,607,000",1.49
0166N0,PLUS 코스닥150액티브,20260826,452280,한선엔지니어링,516.00,"5,381,880","5,392,200",1.43
0166N0,PLUS 코스닥150액티브,20260826,403870,HPSP,105.00,"5,092,500","5,092,500",1.35
0166N0,PLUS 코스닥150액티브,20260826,140860,파크시스템스,18.00,"4,824,000","4,851,000",1.29
0166N0,PLUS 코스닥150액티브,20260826,420770,기가비스,42.00,"4,519,200","4,389,000",1.17
0166N0,PLUS 코스닥150액티브,20260826,170920,엘티씨,120.00,"4,212,000","4,146,000",1.10
0166N0,PLUS 코스닥150액티브,20260826,440110,파두,59.00,"3,793,700","3,693,400",0.98
0166N0,PLUS 코스닥150액티브,20260826,354320,알멕,111.00,"3,418,800","3,446,550",0.92
0166N0,PLUS 코스닥150액티브,20260826,388210,씨엠티엑스,42.00,"3,108,000","3,074,400",0.82
0166N0,PLUS 코스닥150액티브,20260826,039030,이오테크닉스,7.00,"2,810,500","2,803,500",0.74
0166N0,PLUS 코스닥150액티브,20260826,257720,실리콘투,53.00,"2,750,700","2,745,400",0.73
0166N0,PLUS 코스닥150액티브,20260826,036710,심텍홀딩스,609.00,"2,594,340","2,499,945",0.66
0166N0,PLUS 코스닥150액티브,20260826,166090,하나머티리얼즈,47.00,"2,589,700","2,486,300",0.66
0166N0,PLUS 코스닥150액티브,20260826,282720,금양그린파워,322.00,"2,398,900","2,427,880",0.64
0166N0,PLUS 코스닥150액티브,20260826,327260,RF머트리얼즈,66.00,"2,280,300","2,422,200",0.64
0166N0,PLUS 코스닥150액티브,20260826,036830,솔브레인홀딩스,56.00,"2,427,600","2,371,600",0.63
0166N0,PLUS 코스닥150액티브,20260826,077360,덕산하이메탈,193.00,"1,902,980","1,897,190",0.50
0166N0,PLUS 코스닥150액티브,20260826,089890,코세스,70.00,"1,673,000","1,837,500",0.49
0166N0,PLUS 코스닥150액티브,20260826,252990,샘씨엔에스,135.00,"1,726,650","1,734,750",0.46
0166N0,PLUS 코스닥150액티브,20260826,222040,코스맥스엔비티,191.00,"1,608,220","1,608,220",0.43
0166N0,PLUS 코스닥150액티브,20260826,194700,노바렉스,133.00,"1,538,810","1,549,450",0.41
0166N0,PLUS 코스닥150액티브,20260826,214150,클래시스,48.00,"1,560,000","1,528,800",0.41
0166N0,PLUS 코스닥150액티브,20260826,241710,코스메카코리아,11.00,"1,534,500","1,525,700",0.41
0166N0,PLUS 코스닥150액티브,20260826,043260,성호전자,89.00,"1,574,410","1,508,550",0.40
0166N0,PLUS 코스닥150액티브,20260826,475830,오름테라퓨틱,22.00,"1,555,400","1,500,400",0.40
0166N0,PLUS 코스닥150액티브,20260826,290740,액트로,154.00,"1,202,740","1,386,000",0.37
0166N0,PLUS 코스닥150액티브,20260826,214450,파마리서치,3.00,"1,243,500","1,326,000",0.35
0166N0,PLUS 코스닥150액티브,20260826,078020,LS증권,184.00,"1,238,320","1,262,240",0.34
0166N0,PLUS 코스닥150액티브,20260826,171090,선익시스템,19.00,"1,231,200","1,254,000",0.33
0166N0,PLUS 코스닥150액티브,20260826,089980,상아프론테크,78.00,"1,171,560","1,170,780",0.31
0166N0,PLUS 코스닥150액티브,20260826,032190,다우데이타,44.00,"882,200","880,000",0.23
0166N0,PLUS 코스닥150액티브,20260826,262260,에이프로,228.00,"772,920","777,480",0.21
0166N0,PLUS 코스닥150액티브,20260826,347850,디앤디파마텍,13.00,"730,600","731,900",0.19
0166N0,PLUS 코스닥150액티브,20260826,138080,오이솔루션,28.00,"651,000","660,800",0.18
0166N0,PLUS 코스닥150액티브,20260826,403850,더핑크퐁컴퍼니,48.00,"571,200","560,160",0.15
0166N0,PLUS 코스닥150액티브,20260826,096530,씨젠,16.00,"503,200","515,200",0.14
0166N0,PLUS 코스닥150액티브,20260826,213420,덕산네오룩스,14.00,"454,300","447,300",0.12
0166N0,PLUS 코스닥150액티브,20260826,237690,에스티팜,4.00,"426,800","440,000",0.12
0166N0,PLUS 코스닥150액티브,20260826,013030,하이록코리아,13.00,"418,600","431,600",0.11
0166N0,PLUS 코스닥150액티브,20260826,006730,서부T&D,37.00,"397,380","411,810",0.11
0166N0,PLUS 코스닥150액티브,20260826,195940,HK이노엔,9.00,"393,750","392,850",0.10
0166N0,PLUS 코스닥150액티브,20260826,121600,나노신소재,8.00,"385,600","385,600",0.10
0166N0,PLUS 코스닥150액티브,20260826,330860,네패스아크,13.00,"332,800","352,300",0.09
0166N0,PLUS 코스닥150액티브,20260826,281740,레이크머티리얼즈,30.00,"354,900","351,900",0.09
0166N0,PLUS 코스닥150액티브,20260826,322310,오로스테크놀로지,25.00,"348,500","338,500",0.09
0166N0,PLUS 코스닥150액티브,20260826,310210,보로노이,2.00,"336,200","331,600",0.09
0166N0,PLUS 코스닥150액티브,20260826,KRD010010001,원화현금,-,-,"2,177,633",0.58
0166N0,PLUS 코스닥150액티브,20260827,178320,서진시스템,724.00,"26,932,800","29,937,400",7.65
0166N0,PLUS 코스닥150액티브,20260827,393890,더블유씨피,"3,050.00","27,053,500","29,707,000",7.59
0166N0,PLUS 코스닥150액티브,20260827,458870,씨어스,993.00,"20,902,650","21,647,400",5.53
0166N0,PLUS 코스닥150액티브,20260827,064850,에프앤가이드,777.00,"12,983,670","12,851,580",3.28
0166N0,PLUS 코스닥150액티브,20260827,031980,피에스케이홀딩스,97.00,"11,562,400","12,319,000",3.15
0166N0,PLUS 코스닥150액티브,20260827,107640,한중엔시에스,300.00,"10,545,000","12,270,000",3.13
0166N0,PLUS 코스닥150액티브,20260827,319660,피에스케이,88.00,"11,396,000","11,739,200",3.00
0166N0,PLUS 코스닥150액티브,20260827,089970,브이엠,192.00,"11,308,800","11,616,000",2.97
0166N0,PLUS 코스닥150액티브,20260827,095610,테스,79.00,"10,909,900","11,534,000",2.95
0166N0,PLUS 코스닥150액티브,20260827,064290,인텍플러스,329.00,"11,070,850","10,922,800",2.79
0166N0,PLUS 코스닥150액티브,20260827,042600,새로닉스,858.00,"10,553,400","10,793,640",2.76
0166N0,PLUS 코스닥150액티브,20260827,222800,심텍,81.00,"9,128,700","10,278,900",2.62
0166N0,PLUS 코스닥150액티브,20260827,297090,씨에스베어링,"2,452.00","9,930,600","9,832,520",2.51
0166N0,PLUS 코스닥150액티브,20260827,240810,원익IPS,85.00,"9,290,500","9,579,500",2.45
0166N0,PLUS 코스닥150액티브,20260827,126340,비나텍,140.00,"9,338,000","9,422,000",2.41
0166N0,PLUS 코스닥150액티브,20260827,347700,스피어,393.00,"9,039,000","9,097,950",2.32
0166N0,PLUS 코스닥150액티브,20260827,064760,티씨케이,35.00,"8,347,500","8,487,500",2.17
0166N0,PLUS 코스닥150액티브,20260827,183300,코미코,331.00,"8,423,950","8,423,950",2.15
0166N0,PLUS 코스닥150액티브,20260827,104830,원익머트리얼즈,251.00,"8,358,300","8,320,650",2.12
0166N0,PLUS 코스닥150액티브,20260827,131970,두산테스나,96.00,"7,660,800","7,977,600",2.04
0166N0,PLUS 코스닥150액티브,20260827,058470,리노공업,112.00,"7,436,800","7,470,400",1.91
0166N0,PLUS 코스닥150액티브,20260827,078600,대주전자재료,79.00,"6,801,900","7,307,500",1.87
0166N0,PLUS 코스닥150액티브,20260827,357780,솔브레인,20.00,"6,600,000","6,820,000",1.74
0166N0,PLUS 코스닥150액티브,20260827,005290,동진쎄미켐,157.00,"6,648,950","6,735,300",1.72
0166N0,PLUS 코스닥150액티브,20260827,095340,ISC,38.00,"6,262,400","6,505,600",1.66
0166N0,PLUS 코스닥150액티브,20260827,091580,상신이디피,284.00,"5,779,400","6,375,800",1.63
0166N0,PLUS 코스닥150액티브,20260827,196170,알테오젠,18.00,"5,607,000","5,607,000",1.43
0166N0,PLUS 코스닥150액티브,20260827,403870,HPSP,105.00,"5,092,500","5,302,500",1.35
0166N0,PLUS 코스닥150액티브,20260827,140860,파크시스템스,18.00,"4,851,000","4,887,000",1.25
0166N0,PLUS 코스닥150액티브,20260827,452280,한선엔지니어링,468.00,"4,890,600","4,867,200",1.24
0166N0,PLUS 코스닥150액티브,20260827,420770,기가비스,42.00,"4,389,000","4,544,400",1.16
0166N0,PLUS 코스닥150액티브,20260827,170920,엘티씨,120.00,"4,146,000","4,272,000",1.09
0166N0,PLUS 코스닥150액티브,20260827,440110,파두,59.00,"3,693,400","3,805,500",0.97
0166N0,PLUS 코스닥150액티브,20260827,388210,씨엠티엑스,49.00,"3,586,800","3,665,200",0.94
0166N0,PLUS 코스닥150액티브,20260827,257720,실리콘투,71.00,"3,677,800","3,489,650",0.89
0166N0,PLUS 코스닥150액티브,20260827,354320,알멕,111.00,"3,446,550","3,435,450",0.88
0166N0,PLUS 코스닥150액티브,20260827,039030,이오테크닉스,7.00,"2,803,500","2,845,500",0.73
0166N0,PLUS 코스닥150액티브,20260827,166090,하나머티리얼즈,47.00,"2,486,300","2,538,000",0.65
0166N0,PLUS 코스닥150액티브,20260827,282720,금양그린파워,322.00,"2,427,880","2,534,140",0.65
0166N0,PLUS 코스닥150액티브,20260827,036710,심텍홀딩스,609.00,"2,499,945","2,533,440",0.65
0166N0,PLUS 코스닥150액티브,20260827,327260,RF머트리얼즈,66.00,"2,422,200","2,524,500",0.64
0166N0,PLUS 코스닥150액티브,20260827,036830,솔브레인홀딩스,56.00,"2,371,600","2,464,000",0.63
0166N0,PLUS 코스닥150액티브,20260827,356860,티엘비,47.00,"1,840,050","1,950,500",0.50
0166N0,PLUS 코스닥150액티브,20260827,077360,덕산하이메탈,193.00,"1,897,190","1,933,860",0.49
0166N0,PLUS 코스닥150액티브,20260827,252990,샘씨엔에스,135.00,"1,734,750","1,799,550",0.46
0166N0,PLUS 코스닥150액티브,20260827,089890,코세스,70.00,"1,837,500","1,795,500",0.46
0166N0,PLUS 코스닥150액티브,20260827,290740,액트로,176.00,"1,584,000","1,772,320",0.45
0166N0,PLUS 코스닥150액티브,20260827,222040,코스맥스엔비티,191.00,"1,608,220","1,604,400",0.41
0166N0,PLUS 코스닥150액티브,20260827,214150,클래시스,48.00,"1,528,800","1,550,400",0.40
0166N0,PLUS 코스닥150액티브,20260827,194700,노바렉스,133.00,"1,549,450","1,530,830",0.39
0166N0,PLUS 코스닥150액티브,20260827,241710,코스메카코리아,11.00,"1,525,700","1,529,000",0.39
0166N0,PLUS 코스닥150액티브,20260827,043260,성호전자,89.00,"1,508,550","1,470,280",0.38
0166N0,PLUS 코스닥150액티브,20260827,475830,오름테라퓨틱,22.00,"1,500,400","1,469,600",0.38
0166N0,PLUS 코스닥150액티브,20260827,171090,선익시스템,19.00,"1,254,000","1,297,700",0.33
0166N0,PLUS 코스닥150액티브,20260827,214450,파마리서치,3.00,"1,326,000","1,297,500",0.33
0166N0,PLUS 코스닥150액티브,20260827,078020,LS증권,184.00,"1,262,240","1,236,480",0.32
0166N0,PLUS 코스닥150액티브,20260827,089980,상아프론테크,78.00,"1,170,780","1,177,800",0.30
0166N0,PLUS 코스닥150액티브,20260827,032190,다우데이타,44.00,"880,000","880,000",0.22
0166N0,PLUS 코스닥150액티브,20260827,262260,에이프로,228.00,"777,480","800,280",0.20
0166N0,PLUS 코스닥150액티브,20260827,347850,디앤디파마텍,13.00,"731,900","731,900",0.19
0166N0,PLUS 코스닥150액티브,20260827,138080,오이솔루션,28.00,"660,800","698,600",0.18
0166N0,PLUS 코스닥150액티브,20260827,403850,더핑크퐁컴퍼니,48.00,"560,160","550,080",0.14
0166N0,PLUS 코스닥150액티브,20260827,096530,씨젠,16.00,"515,200","510,400",0.13
0166N0,PLUS 코스닥150액티브,20260827,213420,덕산네오룩스,14.00,"447,300","452,900",0.12
0166N0,PLUS 코스닥150액티브,20260827,237690,에스티팜,4.00,"440,000","443,600",0.11
0166N0,PLUS 코스닥150액티브,20260827,013030,하이록코리아,13.00,"431,600","436,150",0.11
0166N0,PLUS 코스닥150액티브,20260827,121600,나노신소재,8.00,"385,600","407,200",0.10
0166N0,PLUS 코스닥150액티브,20260827,006730,서부T&D,37.00,"411,810","404,410",0.10
0166N0,PLUS 코스닥150액티브,20260827,195940,HK이노엔,9.00,"392,850","387,450",0.10
0166N0,PLUS 코스닥150액티브,20260827,281740,레이크머티리얼즈,30.00,"351,900","366,000",0.09
0166N0,PLUS 코스닥150액티브,20260827,330860,네패스아크,13.00,"352,300","354,250",0.09
0166N0,PLUS 코스닥150액티브,20260827,322310,오로스테크놀로지,25.00,"338,500","337,000",0.09
0166N0,PLUS 코스닥150액티브,20260827,310210,보로노이,2.00,"331,600","334,000",0.09
0166N0,PLUS 코스닥150액티브,20260827,KRD010010001,원화현금,-,-,"2,785,126",0.71
0166N0,PLUS 코스닥150액티브,20260828,393890,더블유씨피,"3,050.00","29,707,000","29,432,500",7.62
0166N0,PLUS 코스닥150액티브,20260828,178320,서진시스템,704.00,"29,110,400","27,420,800",7.10
0166N0,PLUS 코스닥150액티브,20260828,458870,씨어스,993.00,"21,647,400","21,945,300",5.68
0166N0,PLUS 코스닥150액티브,20260828,064850,에프앤가이드,777.00,"12,851,580","12,719,490",3.29
0166N0,PLUS 코스닥150액티브,20260828,031980,피에스케이홀딩스,97.00,"12,319,000","11,649,700",3.01
0166N0,PLUS 코스닥150액티브,20260828,319660,피에스케이,88.00,"11,739,200","11,316,800",2.93
0166N0,PLUS 코스닥150액티브,20260828,095610,테스,79.00,"11,534,000","11,273,300",2.92
0166N0,PLUS 코스닥150액티브,20260828,064290,인텍플러스,345.00,"11,454,000","11,212,500",2.90
0166N0,PLUS 코스닥150액티브,20260828,089970,브이엠,192.00,"11,616,000","11,136,000",2.88
0166N0,PLUS 코스닥150액티브,20260828,107640,한중엔시에스,267.00,"10,920,300","11,080,500",2.87
0166N0,PLUS 코스닥150액티브,20260828,042600,새로닉스,840.00,"10,567,200","10,819,200",2.80
0166N0,PLUS 코스닥150액티브,20260828,297090,씨에스베어링,"2,452.00","9,832,520","9,979,640",2.58
0166N0,PLUS 코스닥150액티브,20260828,222800,심텍,81.00,"10,278,900","9,946,800",2.57
0166N0,PLUS 코스닥150액티브,20260828,240810,원익IPS,85.00,"9,579,500","9,443,500",2.44
0166N0,PLUS 코스닥150액티브,20260828,126340,비나텍,140.00,"9,422,000","8,904,000",2.30
0166N0,PLUS 코스닥150액티브,20260828,347700,스피어,393.00,"9,097,950","8,744,250",2.26
0166N0,PLUS 코스닥150액티브,20260828,183300,코미코,331.00,"8,423,950","8,407,400",2.18
0166N0,PLUS 코스닥150액티브,20260828,064760,티씨케이,35.00,"8,487,500","8,347,500",2.16
0166N0,PLUS 코스닥150액티브,20260828,104830,원익머트리얼즈,251.00,"8,320,650","8,283,000",2.14
0166N0,PLUS 코스닥150액티브,20260828,131970,두산테스나,96.00,"7,977,600","7,843,200",2.03
0166N0,PLUS 코스닥150액티브,20260828,058470,리노공업,112.00,"7,470,400","7,481,600",1.94
0166N0,PLUS 코스닥150액티브,20260828,078600,대주전자재료,79.00,"7,307,500","7,252,200",1.88
0166N0,PLUS 코스닥150액티브,20260828,357780,솔브레인,20.00,"6,820,000","6,930,000",1.79
0166N0,PLUS 코스닥150액티브,20260828,005290,동진쎄미켐,157.00,"6,735,300","6,656,800",1.72
0166N0,PLUS 코스닥150액티브,20260828,095340,ISC,38.00,"6,505,600","6,589,200",1.70
0166N0,PLUS 코스닥150액티브,20260828,091580,상신이디피,284.00,"6,375,800","6,390,000",1.65
0166N0,PLUS 코스닥150액티브,20260828,196170,알테오젠,18.00,"5,607,000","5,760,000",1.49
0166N0,PLUS 코스닥150액티브,20260828,403870,HPSP,105.00,"5,302,500","5,365,500",1.39
0166N0,PLUS 코스닥150액티브,20260828,140860,파크시스템스,18.00,"4,887,000","4,878,000",1.26
0166N0,PLUS 코스닥150액티브,20260828,452280,한선엔지니어링,468.00,"4,867,200","4,862,520",1.26
0166N0,PLUS 코스닥150액티브,20260828,420770,기가비스,42.00,"4,544,400","4,611,600",1.19
0166N0,PLUS 코스닥150액티브,20260828,257720,실리콘투,86.00,"4,226,900","4,583,800",1.19
0166N0,PLUS 코스닥150액티브,20260828,440110,파두,66.00,"4,257,000","4,177,800",1.08
0166N0,PLUS 코스닥150액티브,20260828,170920,엘티씨,120.00,"4,272,000","3,960,000",1.02
0166N0,PLUS 코스닥150액티브,20260828,388210,씨엠티엑스,49.00,"3,665,200","3,552,500",0.92
0166N0,PLUS 코스닥150액티브,20260828,354320,알멕,111.00,"3,435,450","3,302,250",0.85
0166N0,PLUS 코스닥150액티브,20260828,039030,이오테크닉스,7.00,"2,845,500","2,789,500",0.72
0166N0,PLUS 코스닥150액티브,20260828,282720,금양그린파워,322.00,"2,534,140","2,505,160",0.65
0166N0,PLUS 코스닥150액티브,20260828,166090,하나머티리얼즈,47.00,"2,538,000","2,472,200",0.64
0166N0,PLUS 코스닥150액티브,20260828,036830,솔브레인홀딩스,56.00,"2,464,000","2,450,000",0.63
0166N0,PLUS 코스닥150액티브,20260828,036710,심텍홀딩스,609.00,"2,533,440","2,436,000",0.63
0166N0,PLUS 코스닥150액티브,20260828,327260,RF머트리얼즈,66.00,"2,524,500","2,303,400",0.60
0166N0,PLUS 코스닥150액티브,20260828,222040,코스맥스엔비티,229.00,"1,923,600","2,054,130",0.53
0166N0,PLUS 코스닥150액티브,20260828,077360,덕산하이메탈,193.00,"1,933,860","1,901,050",0.49
0166N0,PLUS 코스닥150액티브,20260828,252990,샘씨엔에스,135.00,"1,799,550","1,875,150",0.49
0166N0,PLUS 코스닥150액티브,20260828,356860,티엘비,47.00,"1,950,500","1,861,200",0.48
0166N0,PLUS 코스닥150액티브,20260828,290740,액트로,176.00,"1,772,320","1,786,400",0.46
0166N0,PLUS 코스닥150액티브,20260828,241710,코스메카코리아,11.00,"1,529,000","1,692,900",0.44
0166N0,PLUS 코스닥150액티브,20260828,089890,코세스,70.00,"1,795,500","1,645,000",0.43
0166N0,PLUS 코스닥150액티브,20260828,214150,클래시스,48.00,"1,550,400","1,596,000",0.41
0166N0,PLUS 코스닥150액티브,20260828,194700,노바렉스,133.00,"1,530,830","1,561,420",0.40
0166N0,PLUS 코스닥150액티브,20260828,475830,오름테라퓨틱,22.00,"1,469,600","1,452,000",0.38
0166N0,PLUS 코스닥150액티브,20260828,043260,성호전자,89.00,"1,470,280","1,400,860",0.36
0166N0,PLUS 코스닥150액티브,20260828,214450,파마리서치,3.00,"1,297,500","1,384,500",0.36
0166N0,PLUS 코스닥150액티브,20260828,171090,선익시스템,19.00,"1,297,700","1,360,400",0.35
0166N0,PLUS 코스닥150액티브,20260828,078020,LS증권,184.00,"1,236,480","1,251,200",0.32
0166N0,PLUS 코스닥150액티브,20260828,089980,상아프론테크,78.00,"1,177,800","1,177,800",0.30
0166N0,PLUS 코스닥150액티브,20260828,032190,다우데이타,44.00,"880,000","895,400",0.23
0166N0,PLUS 코스닥150액티브,20260828,262260,에이프로,228.00,"800,280","813,960",0.21
0166N0,PLUS 코스닥150액티브,20260828,347850,디앤디파마텍,13.00,"731,900","722,800",0.19
0166N0,PLUS 코스닥150액티브,20260828,138080,오이솔루션,28.00,"698,600","655,200",0.17
0166N0,PLUS 코스닥150액티브,20260828,096530,씨젠,16.00,"510,400","570,400",0.15
0166N0,PLUS 코스닥150액티브,20260828,403850,더핑크퐁컴퍼니,48.00,"550,080","550,080",0.14
0166N0,PLUS 코스닥150액티브,20260828,213420,덕산네오룩스,14.00,"452,900","450,800",0.12
0166N0,PLUS 코스닥150액티브,20260828,237690,에스티팜,4.00,"443,600","440,800",0.11
0166N0,PLUS 코스닥150액티브,20260828,013030,하이록코리아,13.00,"436,150","438,100",0.11
0166N0,PLUS 코스닥150액티브,20260828,006730,서부T&D,37.00,"404,410","412,550",0.11
0166N0,PLUS 코스닥150액티브,20260828,121600,나노신소재,8.00,"407,200","401,600",0.10
0166N0,PLUS 코스닥150액티브,20260828,195940,HK이노엔,9.00,"387,450","392,850",0.10
0166N0,PLUS 코스닥150액티브,20260828,281740,레이크머티리얼즈,30.00,"366,000","359,400",0.09
0166N0,PLUS 코스닥150액티브,20260828,310210,보로노이,2.00,"334,000","345,200",0.09
0166N0,PLUS 코스닥150액티브,20260828,330860,네패스아크,13.00,"354,250","341,900",0.09
0166N0,PLUS 코스닥150액티브,20260828,322310,오로스테크놀로지,25.00,"337,000","329,000",0.09
0166N0,PLUS 코스닥150액티브,20260828,KRD010010001,원화현금,-,-,"3,131,040",0.81
