ETF코드,ETF명,수집일자,티커,구성종목명,계약수,금액,시가총액,시가총액기준 구성비중
471780,TIGER 코리아테크액티브,20260818,005930,삼성전자,355.00,"97,447,500","95,317,500",27.06
471780,TIGER 코리아테크액티브,20260818,000660,SK하이닉스,48.00,"78,960,000","79,776,000",22.65
471780,TIGER 코리아테크액티브,20260818,009150,삼성전기,25.00,"38,950,000","36,000,000",10.22
471780,TIGER 코리아테크액티브,20260818,353200,대덕전자,137.00,"16,316,700","16,111,200",4.57
471780,TIGER 코리아테크액티브,20260818,095610,테스,106.00,"15,635,000","15,158,000",4.30
471780,TIGER 코리아테크액티브,20260818,319660,피에스케이,105.00,"14,080,500","13,860,000",3.93
471780,TIGER 코리아테크액티브,20260818,131290,티에스이,51.00,"13,260,000","13,719,000",3.89
471780,TIGER 코리아테크액티브,20260818,001820,삼화콘덴서,110.00,"11,330,000","10,714,000",3.04
471780,TIGER 코리아테크액티브,20260818,222800,심텍,83.00,"9,022,100","9,204,700",2.61
471780,TIGER 코리아테크액티브,20260818,031980,피에스케이홀딩스,77.00,"8,562,400","8,600,900",2.44
471780,TIGER 코리아테크액티브,20260818,006400,삼성SDI,16.00,"8,256,000","7,808,000",2.22
471780,TIGER 코리아테크액티브,20260818,089970,브이엠,91.00,"6,206,200","6,069,700",1.72
471780,TIGER 코리아테크액티브,20260818,402340,SK스퀘어,5.00,"5,770,000","5,675,000",1.61
471780,TIGER 코리아테크액티브,20260818,420770,기가비스,44.00,"5,284,400","5,636,400",1.60
471780,TIGER 코리아테크액티브,20260818,083450,GST,115.00,"5,669,500","5,416,500",1.54
471780,TIGER 코리아테크액티브,20260818,440110,파두,75.00,"4,912,500","5,122,500",1.45
471780,TIGER 코리아테크액티브,20260818,000150,두산,4.00,"5,104,000","5,000,000",1.42
471780,TIGER 코리아테크액티브,20260818,348210,넥스틴,127.00,"4,546,600","4,470,400",1.27
471780,TIGER 코리아테크액티브,20260818,131970,두산테스나,51.00,"4,284,000","4,013,700",1.14
471780,TIGER 코리아테크액티브,20260818,064290,인텍플러스,104.00,"3,213,600","3,770,000",1.07
471780,TIGER 코리아테크액티브,20260818,KRD010010001,원화현금,-,-,"833,710",0.24
471780,TIGER 코리아테크액티브,20260819,005930,삼성전자,355.00,"95,317,500","87,862,500",26.47
471780,TIGER 코리아테크액티브,20260819,000660,SK하이닉스,49.00,"81,438,000","73,500,000",22.14
471780,TIGER 코리아테크액티브,20260819,009150,삼성전기,25.00,"36,000,000","34,675,000",10.45
471780,TIGER 코리아테크액티브,20260819,353200,대덕전자,137.00,"16,111,200","15,645,400",4.71
471780,TIGER 코리아테크액티브,20260819,095610,테스,106.00,"15,158,000","15,264,000",4.60
471780,TIGER 코리아테크액티브,20260819,319660,피에스케이,105.00,"13,860,000","13,555,500",4.08
471780,TIGER 코리아테크액티브,20260819,131290,티에스이,51.00,"13,719,000","13,056,000",3.93
471780,TIGER 코리아테크액티브,20260819,001820,삼화콘덴서,110.00,"10,714,000","10,340,000",3.12
471780,TIGER 코리아테크액티브,20260819,031980,피에스케이홀딩스,77.00,"8,600,900","8,639,400",2.60
471780,TIGER 코리아테크액티브,20260819,222800,심텍,58.00,"6,432,200","6,420,600",1.93
471780,TIGER 코리아테크액티브,20260819,006400,삼성SDI,11.00,"5,368,000","5,357,000",1.61
471780,TIGER 코리아테크액티브,20260819,089970,브이엠,80.00,"5,336,000","5,048,000",1.52
471780,TIGER 코리아테크액티브,20260819,402340,SK스퀘어,5.00,"5,675,000","5,020,000",1.51
471780,TIGER 코리아테크액티브,20260819,440110,파두,75.00,"5,122,500","4,792,500",1.44
471780,TIGER 코리아테크액티브,20260819,000150,두산,4.00,"5,000,000","4,772,000",1.44
471780,TIGER 코리아테크액티브,20260819,348210,넥스틴,127.00,"4,470,400","4,432,300",1.34
471780,TIGER 코리아테크액티브,20260819,083450,GST,94.00,"4,427,400","4,319,300",1.30
471780,TIGER 코리아테크액티브,20260819,007660,이수페타시스,39.00,"4,013,100","4,071,600",1.23
471780,TIGER 코리아테크액티브,20260819,131970,두산테스나,51.00,"4,013,700","3,891,300",1.17
471780,TIGER 코리아테크액티브,20260819,420770,기가비스,30.00,"3,843,000","3,861,000",1.16
471780,TIGER 코리아테크액티브,20260819,039030,이오테크닉스,9.00,"3,726,000","3,735,000",1.13
471780,TIGER 코리아테크액티브,20260819,064290,인텍플러스,104.00,"3,770,000","3,536,000",1.07
471780,TIGER 코리아테크액티브,20260819,KRD010010001,원화현금,-,-,"133,728",0.04
471780,TIGER 코리아테크액티브,20260820,005930,삼성전자,355.00,"87,862,500","96,205,000",27.46
471780,TIGER 코리아테크액티브,20260820,000660,SK하이닉스,49.00,"73,500,000","82,859,000",23.65
471780,TIGER 코리아테크액티브,20260820,009150,삼성전기,25.00,"34,675,000","34,900,000",9.96
471780,TIGER 코리아테크액티브,20260820,353200,대덕전자,137.00,"15,645,400","15,535,800",4.43
471780,TIGER 코리아테크액티브,20260820,095610,테스,106.00,"15,264,000","15,073,200",4.30
471780,TIGER 코리아테크액티브,20260820,319660,피에스케이,105.00,"13,555,500","13,660,500",3.90
471780,TIGER 코리아테크액티브,20260820,131290,티에스이,51.00,"13,056,000","12,342,000",3.52
471780,TIGER 코리아테크액티브,20260820,001820,삼화콘덴서,110.00,"10,340,000","10,736,000",3.06
471780,TIGER 코리아테크액티브,20260820,031980,피에스케이홀딩스,77.00,"8,639,400","8,885,800",2.54
471780,TIGER 코리아테크액티브,20260820,222800,심텍,58.00,"6,420,600","6,664,200",1.90
471780,TIGER 코리아테크액티브,20260820,006400,삼성SDI,12.00,"5,844,000","5,994,000",1.71
471780,TIGER 코리아테크액티브,20260820,007660,이수페타시스,55.00,"5,742,000","5,775,000",1.65
471780,TIGER 코리아테크액티브,20260820,089970,브이엠,80.00,"5,048,000","5,016,000",1.43
471780,TIGER 코리아테크액티브,20260820,440110,파두,75.00,"4,792,500","4,942,500",1.41
471780,TIGER 코리아테크액티브,20260820,000150,두산,4.00,"4,772,000","4,712,000",1.34
471780,TIGER 코리아테크액티브,20260820,348210,넥스틴,127.00,"4,432,300","4,483,100",1.28
471780,TIGER 코리아테크액티브,20260820,131970,두산테스나,51.00,"3,891,300","4,187,100",1.19
471780,TIGER 코리아테크액티브,20260820,039030,이오테크닉스,9.00,"3,735,000","3,735,000",1.07
471780,TIGER 코리아테크액티브,20260820,064290,인텍플러스,104.00,"3,536,000","3,707,600",1.06
471780,TIGER 코리아테크액티브,20260820,420770,기가비스,30.00,"3,861,000","3,648,000",1.04
471780,TIGER 코리아테크액티브,20260820,083450,GST,73.00,"3,354,350","3,347,050",0.96
471780,TIGER 코리아테크액티브,20260820,KRD010010001,원화현금,-,-,"3,990,808",1.14
471780,TIGER 코리아테크액티브,20260821,005930,삼성전자,355.00,"96,205,000","99,932,500",29.00
471780,TIGER 코리아테크액티브,20260821,000660,SK하이닉스,49.00,"82,859,000","84,770,000",24.60
471780,TIGER 코리아테크액티브,20260821,009150,삼성전기,25.00,"34,900,000","32,900,000",9.55
471780,TIGER 코리아테크액티브,20260821,353200,대덕전자,131.00,"14,855,400","13,663,300",3.96
471780,TIGER 코리아테크액티브,20260821,319660,피에스케이,105.00,"13,660,500","12,831,000",3.72
471780,TIGER 코리아테크액티브,20260821,131290,티에스이,51.00,"12,342,000","11,322,000",3.29
471780,TIGER 코리아테크액티브,20260821,001820,삼화콘덴서,110.00,"10,736,000","9,966,000",2.89
471780,TIGER 코리아테크액티브,20260821,095610,테스,72.00,"10,238,400","9,568,800",2.78
471780,TIGER 코리아테크액티브,20260821,031980,피에스케이홀딩스,77.00,"8,885,800","8,277,500",2.40
471780,TIGER 코리아테크액티브,20260821,006400,삼성SDI,13.00,"6,493,500","6,214,000",1.80
471780,TIGER 코리아테크액티브,20260821,222800,심텍,58.00,"6,664,200","5,782,600",1.68
471780,TIGER 코리아테크액티브,20260821,039030,이오테크닉스,14.00,"5,810,000","5,663,000",1.64
471780,TIGER 코리아테크액티브,20260821,403870,HPSP,124.00,"5,952,000","5,567,600",1.62
471780,TIGER 코리아테크액티브,20260821,007660,이수페타시스,55.00,"5,775,000","5,461,500",1.58
471780,TIGER 코리아테크액티브,20260821,089970,브이엠,80.00,"5,016,000","4,648,000",1.35
471780,TIGER 코리아테크액티브,20260821,440110,파두,75.00,"4,942,500","4,642,500",1.35
471780,TIGER 코리아테크액티브,20260821,348210,넥스틴,127.00,"4,483,100","4,197,350",1.22
471780,TIGER 코리아테크액티브,20260821,131970,두산테스나,51.00,"4,187,100","3,921,900",1.14
471780,TIGER 코리아테크액티브,20260821,066970,엘앤에프,33.00,"3,564,000","3,448,500",1.00
471780,TIGER 코리아테크액티브,20260821,064290,인텍플러스,104.00,"3,707,600","3,338,400",0.97
471780,TIGER 코리아테크액티브,20260821,000150,두산,3.00,"3,534,000","3,234,000",0.94
471780,TIGER 코리아테크액티브,20260821,083450,GST,73.00,"3,347,050","3,139,000",0.91
471780,TIGER 코리아테크액티브,20260821,KRD010010001,원화현금,-,-,"2,147,017",0.62
444200,SOL 코리아메가테크액티브,20260818,005930,삼성전자,"2,254.00","618,723,000","605,199,000",25.94
444200,SOL 코리아메가테크액티브,20260818,000660,SK하이닉스,226.00,"371,770,000","375,612,000",16.10
444200,SOL 코리아메가테크액티브,20260818,012450,한화에어로스페이스,103.00,"119,480,000","118,038,000",5.06
444200,SOL 코리아메가테크액티브,20260818,035720,카카오,"3,081.00","123,240,000","117,848,250",5.05
444200,SOL 코리아메가테크액티브,20260818,009150,삼성전기,76.00,"118,408,000","109,440,000",4.69
444200,SOL 코리아메가테크액티브,20260818,034020,두산에너빌리티,"1,341.00","110,766,600","104,463,900",4.48
444200,SOL 코리아메가테크액티브,20260818,005380,현대차,231.00,"104,643,000","100,485,000",4.31
444200,SOL 코리아메가테크액티브,20260818,018260,삼성에스디에스,362.00,"88,147,000","82,717,000",3.54
444200,SOL 코리아메가테크액티브,20260818,000270,기아,450.00,"63,765,000","61,740,000",2.65
444200,SOL 코리아메가테크액티브,20260818,012330,현대모비스,110.00,"60,170,000","56,980,000",2.44
444200,SOL 코리아메가테크액티브,20260818,267260,HD현대일렉트릭,69.00,"55,407,000","54,165,000",2.32
444200,SOL 코리아메가테크액티브,20260818,009540,HD한국조선해양,137.00,"52,882,000","51,306,500",2.20
444200,SOL 코리아메가테크액티브,20260818,010120,LS ELECTRIC,244.00,"50,386,000","50,996,000",2.19
444200,SOL 코리아메가테크액티브,20260818,329180,HD현대중공업,98.00,"49,980,000","47,971,000",2.06
444200,SOL 코리아메가테크액티브,20260818,298040,효성중공업,16.00,"47,264,000","47,744,000",2.05
444200,SOL 코리아메가테크액티브,20260818,402340,SK스퀘어,38.00,"43,852,000","43,130,000",1.85
444200,SOL 코리아메가테크액티브,20260818,066570,LG전자,200.00,"43,000,000","41,600,000",1.78
444200,SOL 코리아메가테크액티브,20260818,064400,LG씨엔에스,463.00,"36,993,700","34,215,700",1.47
444200,SOL 코리아메가테크액티브,20260818,079550,LIG디펜스앤에어로스페이스,41.00,"33,415,000","32,595,000",1.40
444200,SOL 코리아메가테크액티브,20260818,064350,현대로템,218.00,"32,024,200","31,217,600",1.34
444200,SOL 코리아메가테크액티브,20260818,015760,한국전력,923.00,"30,689,750","30,089,800",1.29
444200,SOL 코리아메가테크액티브,20260818,047810,한국항공우주,212.00,"31,036,800","29,680,000",1.27
444200,SOL 코리아메가테크액티브,20260818,307950,현대오토에버,58.00,"28,391,000","26,158,000",1.12
444200,SOL 코리아메가테크액티브,20260818,011070,LG이노텍,36.00,"23,544,000","22,788,000",0.98
444200,SOL 코리아메가테크액티브,20260818,377300,카카오페이,349.00,"15,757,350","14,954,650",0.64
444200,SOL 코리아메가테크액티브,20260818,086280,현대글로비스,70.00,"14,770,000","14,455,000",0.62
444200,SOL 코리아메가테크액티브,20260818,007660,이수페타시스,97.00,"9,273,200","9,981,300",0.43
444200,SOL 코리아메가테크액티브,20260818,062040,산일전기,52.00,"9,490,000","9,318,400",0.40
444200,SOL 코리아메가테크액티브,20260818,181710,NHN,125.00,"9,337,500","8,812,500",0.38
444200,SOL 코리아메가테크액티브,20260818,353200,대덕전자,35.00,"4,168,500","4,116,000",0.18
444200,SOL 코리아메가테크액티브,20260818,095340,ISC,18.00,"2,903,400","3,007,800",0.13
444200,SOL 코리아메가테크액티브,20260818,KRD010010001,원화현금,-,-,"-7,409,754",-0.32
444200,SOL 코리아메가테크액티브,20260819,005930,삼성전자,"2,254.00","605,199,000","557,865,000",25.20
444200,SOL 코리아메가테크액티브,20260819,000660,SK하이닉스,226.00,"375,612,000","339,000,000",15.31
444200,SOL 코리아메가테크액티브,20260819,012450,한화에어로스페이스,103.00,"118,038,000","121,231,000",5.48
444200,SOL 코리아메가테크액티브,20260819,035720,카카오,"3,081.00","117,848,250","115,229,400",5.20
444200,SOL 코리아메가테크액티브,20260819,009150,삼성전기,76.00,"109,440,000","105,412,000",4.76
444200,SOL 코리아메가테크액티브,20260819,034020,두산에너빌리티,"1,341.00","104,463,900","102,184,200",4.62
444200,SOL 코리아메가테크액티브,20260819,005380,현대차,231.00,"100,485,000","95,634,000",4.32
444200,SOL 코리아메가테크액티브,20260819,018260,삼성에스디에스,362.00,"82,717,000","81,812,000",3.70
444200,SOL 코리아메가테크액티브,20260819,000270,기아,450.00,"61,740,000","59,850,000",2.70
444200,SOL 코리아메가테크액티브,20260819,012330,현대모비스,110.00,"56,980,000","55,990,000",2.53
444200,SOL 코리아메가테크액티브,20260819,267260,HD현대일렉트릭,69.00,"54,165,000","51,888,000",2.34
444200,SOL 코리아메가테크액티브,20260819,009540,HD한국조선해양,137.00,"51,306,500","50,279,000",2.27
444200,SOL 코리아메가테크액티브,20260819,010120,LS ELECTRIC,244.00,"50,996,000","49,288,000",2.23
444200,SOL 코리아메가테크액티브,20260819,298040,효성중공업,16.00,"47,744,000","46,528,000",2.10
444200,SOL 코리아메가테크액티브,20260819,329180,HD현대중공업,98.00,"47,971,000","46,452,000",2.10
444200,SOL 코리아메가테크액티브,20260819,066570,LG전자,200.00,"41,600,000","40,300,000",1.82
444200,SOL 코리아메가테크액티브,20260819,402340,SK스퀘어,38.00,"43,130,000","38,152,000",1.72
444200,SOL 코리아메가테크액티브,20260819,064400,LG씨엔에스,463.00,"34,215,700","32,873,000",1.48
444200,SOL 코리아메가테크액티브,20260819,079550,LIG디펜스앤에어로스페이스,41.00,"32,595,000","32,636,000",1.47
444200,SOL 코리아메가테크액티브,20260819,064350,현대로템,218.00,"31,217,600","29,713,400",1.34
444200,SOL 코리아메가테크액티브,20260819,047810,한국항공우주,212.00,"29,680,000","28,768,400",1.30
444200,SOL 코리아메가테크액티브,20260819,015760,한국전력,923.00,"30,089,800","28,474,550",1.29
444200,SOL 코리아메가테크액티브,20260819,307950,현대오토에버,58.00,"26,158,000","25,317,000",1.14
444200,SOL 코리아메가테크액티브,20260819,011070,LG이노텍,36.00,"22,788,000","21,708,000",0.98
444200,SOL 코리아메가테크액티브,20260819,377300,카카오페이,349.00,"14,954,650","14,396,250",0.65
444200,SOL 코리아메가테크액티브,20260819,086280,현대글로비스,70.00,"14,455,000","14,245,000",0.64
444200,SOL 코리아메가테크액티브,20260819,007660,이수페타시스,97.00,"9,981,300","10,126,800",0.46
444200,SOL 코리아메가테크액티브,20260819,181710,NHN,125.00,"8,812,500","9,312,500",0.42
444200,SOL 코리아메가테크액티브,20260819,062040,산일전기,52.00,"9,318,400","9,136,400",0.41
444200,SOL 코리아메가테크액티브,20260819,353200,대덕전자,35.00,"4,116,000","3,997,000",0.18
444200,SOL 코리아메가테크액티브,20260819,095340,ISC,18.00,"3,007,800","3,191,400",0.14
444200,SOL 코리아메가테크액티브,20260819,KRD010010001,원화현금,-,-,"-6,988,824",-0.32
444200,SOL 코리아메가테크액티브,20260820,005930,삼성전자,"2,254.00","557,865,000","610,834,000",26.27
444200,SOL 코리아메가테크액티브,20260820,000660,SK하이닉스,226.00,"339,000,000","382,166,000",16.44
444200,SOL 코리아메가테크액티브,20260820,012450,한화에어로스페이스,103.00,"121,231,000","120,201,000",5.17
444200,SOL 코리아메가테크액티브,20260820,035720,카카오,"3,081.00","115,229,400","119,234,700",5.13
444200,SOL 코리아메가테크액티브,20260820,009150,삼성전기,76.00,"105,412,000","106,096,000",4.56
444200,SOL 코리아메가테크액티브,20260820,034020,두산에너빌리티,"1,341.00","102,184,200","101,781,900",4.38
444200,SOL 코리아메가테크액티브,20260820,005380,현대차,231.00,"95,634,000","96,442,500",4.15
444200,SOL 코리아메가테크액티브,20260820,018260,삼성에스디에스,362.00,"81,812,000","84,346,000",3.63
444200,SOL 코리아메가테크액티브,20260820,000270,기아,450.00,"59,850,000","58,995,000",2.54
444200,SOL 코리아메가테크액티브,20260820,012330,현대모비스,110.00,"55,990,000","55,770,000",2.40
444200,SOL 코리아메가테크액티브,20260820,267260,HD현대일렉트릭,69.00,"51,888,000","51,474,000",2.21
444200,SOL 코리아메가테크액티브,20260820,009540,HD한국조선해양,137.00,"50,279,000","49,388,500",2.12
444200,SOL 코리아메가테크액티브,20260820,010120,LS ELECTRIC,244.00,"49,288,000","48,604,800",2.09
444200,SOL 코리아메가테크액티브,20260820,329180,HD현대중공업,98.00,"46,452,000","46,599,000",2.00
444200,SOL 코리아메가테크액티브,20260820,298040,효성중공업,16.00,"46,528,000","45,712,000",1.97
444200,SOL 코리아메가테크액티브,20260820,402340,SK스퀘어,38.00,"38,152,000","42,674,000",1.84
444200,SOL 코리아메가테크액티브,20260820,066570,LG전자,200.00,"40,300,000","40,500,000",1.74
444200,SOL 코리아메가테크액티브,20260820,064400,LG씨엔에스,463.00,"32,873,000","34,169,400",1.47
444200,SOL 코리아메가테크액티브,20260820,079550,LIG디펜스앤에어로스페이스,41.00,"32,636,000","32,267,000",1.39
444200,SOL 코리아메가테크액티브,20260820,064350,현대로템,218.00,"29,713,400","29,909,600",1.29
444200,SOL 코리아메가테크액티브,20260820,015760,한국전력,923.00,"28,474,550","29,351,400",1.26
444200,SOL 코리아메가테크액티브,20260820,047810,한국항공우주,212.00,"28,768,400","28,556,400",1.23
444200,SOL 코리아메가테크액티브,20260820,307950,현대오토에버,58.00,"25,317,000","26,651,000",1.15
444200,SOL 코리아메가테크액티브,20260820,011070,LG이노텍,36.00,"21,708,000","21,132,000",0.91
444200,SOL 코리아메가테크액티브,20260820,377300,카카오페이,349.00,"14,396,250","15,687,550",0.67
444200,SOL 코리아메가테크액티브,20260820,086280,현대글로비스,70.00,"14,245,000","13,986,000",0.60
444200,SOL 코리아메가테크액티브,20260820,007660,이수페타시스,97.00,"10,126,800","10,185,000",0.44
444200,SOL 코리아메가테크액티브,20260820,062040,산일전기,52.00,"9,136,400","9,318,400",0.40
444200,SOL 코리아메가테크액티브,20260820,181710,NHN,125.00,"9,312,500","8,987,500",0.39
444200,SOL 코리아메가테크액티브,20260820,353200,대덕전자,35.00,"3,997,000","3,969,000",0.17
444200,SOL 코리아메가테크액티브,20260820,095340,ISC,18.00,"3,191,400","3,036,600",0.13
444200,SOL 코리아메가테크액티브,20260820,KRD010010001,원화현금,-,-,"-3,128,884",-0.13
444200,SOL 코리아메가테크액티브,20260821,005930,삼성전자,"2,288.00","620,048,000","644,072,000",27.99
444200,SOL 코리아메가테크액티브,20260821,000660,SK하이닉스,225.00,"380,475,000","389,250,000",16.92
444200,SOL 코리아메가테크액티브,20260821,012450,한화에어로스페이스,103.00,"120,201,000","111,755,000",4.86
444200,SOL 코리아메가테크액티브,20260821,035720,카카오,"3,075.00","119,002,500","110,085,000",4.78
444200,SOL 코리아메가테크액티브,20260821,034020,두산에너빌리티,"1,339.00","101,630,100","98,148,700",4.27
444200,SOL 코리아메가테크액티브,20260821,005380,현대차,231.00,"96,442,500","95,865,000",4.17
444200,SOL 코리아메가테크액티브,20260821,009150,삼성전기,69.00,"96,324,000","90,804,000",3.95
444200,SOL 코리아메가테크액티브,20260821,018260,삼성에스디에스,362.00,"84,346,000","82,536,000",3.59
444200,SOL 코리아메가테크액티브,20260821,000270,기아,449.00,"58,863,900","58,774,100",2.55
444200,SOL 코리아메가테크액티브,20260821,012330,현대모비스,110.00,"55,770,000","54,560,000",2.37
444200,SOL 코리아메가테크액티브,20260821,267260,HD현대일렉트릭,69.00,"51,474,000","49,542,000",2.15
444200,SOL 코리아메가테크액티브,20260821,009540,HD한국조선해양,137.00,"49,388,500","47,744,500",2.07
444200,SOL 코리아메가테크액티브,20260821,010120,LS ELECTRIC,243.00,"48,405,600","45,441,000",1.97
444200,SOL 코리아메가테크액티브,20260821,329180,HD현대중공업,98.00,"46,599,000","44,394,000",1.93
444200,SOL 코리아메가테크액티브,20260821,298040,효성중공업,16.00,"45,712,000","43,536,000",1.89
444200,SOL 코리아메가테크액티브,20260821,402340,SK스퀘어,36.00,"40,428,000","40,428,000",1.76
444200,SOL 코리아메가테크액티브,20260821,066570,LG전자,200.00,"40,500,000","38,900,000",1.69
444200,SOL 코리아메가테크액티브,20260821,064400,LG씨엔에스,462.00,"34,095,600","33,079,200",1.44
444200,SOL 코리아메가테크액티브,20260821,015760,한국전력,921.00,"29,287,800","29,241,750",1.27
444200,SOL 코리아메가테크액티브,20260821,064350,현대로템,217.00,"29,772,400","28,231,700",1.23
444200,SOL 코리아메가테크액티브,20260821,079550,LIG디펜스앤에어로스페이스,40.00,"31,480,000","27,800,000",1.21
444200,SOL 코리아메가테크액티브,20260821,047810,한국항공우주,212.00,"28,556,400","27,560,000",1.20
444200,SOL 코리아메가테크액티브,20260821,307950,현대오토에버,58.00,"26,651,000","25,984,000",1.13
444200,SOL 코리아메가테크액티브,20260821,377300,카카오페이,348.00,"15,642,600","14,790,000",0.64
444200,SOL 코리아메가테크액티브,20260821,086280,현대글로비스,70.00,"13,986,000","13,769,000",0.60
444200,SOL 코리아메가테크액티브,20260821,011070,LG이노텍,25.00,"14,675,000","13,750,000",0.60
444200,SOL 코리아메가테크액티브,20260821,007660,이수페타시스,130.00,"13,650,000","12,909,000",0.56
444200,SOL 코리아메가테크액티브,20260821,181710,NHN,125.00,"8,987,500","9,400,000",0.41
444200,SOL 코리아메가테크액티브,20260821,062040,산일전기,52.00,"9,318,400","8,569,600",0.37
444200,SOL 코리아메가테크액티브,20260821,353200,대덕전자,81.00,"9,185,400","8,448,300",0.37
444200,SOL 코리아메가테크액티브,20260821,095340,ISC,10.00,"1,687,000","1,543,000",0.07
444200,SOL 코리아메가테크액티브,20260821,KRD010010001,원화현금,-,-,"296,988",0.01
495060,TIME 코리아밸류업액티브,20260818,005930,삼성전자,"1,187.00","325,831,500","318,709,500",22.03
495060,TIME 코리아밸류업액티브,20260818,000660,SK하이닉스,172.00,"282,940,000","285,864,000",19.76
495060,TIME 코리아밸류업액티브,20260818,402340,SK스퀘어,115.00,"132,710,000","130,525,000",9.02
495060,TIME 코리아밸류업액티브,20260818,105560,KB금융,388.00,"65,378,000","65,378,000",4.52
495060,TIME 코리아밸류업액티브,20260818,055550,신한지주,531.00,"57,029,400","56,551,500",3.91
495060,TIME 코리아밸류업액티브,20260818,086790,하나금융지주,395.00,"52,535,000","51,626,500",3.57
495060,TIME 코리아밸류업액티브,20260818,005380,현대차,117.00,"53,001,000","50,895,000",3.52
495060,TIME 코리아밸류업액티브,20260818,012450,한화에어로스페이스,42.00,"48,720,000","48,132,000",3.33
495060,TIME 코리아밸류업액티브,20260818,009150,삼성전기,26.00,"40,508,000","37,440,000",2.59
495060,TIME 코리아밸류업액티브,20260818,034730,SK,58.00,"33,930,000","34,220,000",2.37
495060,TIME 코리아밸류업액티브,20260818,006260,LS,98.00,"31,703,000","33,663,000",2.33
495060,TIME 코리아밸류업액티브,20260818,316140,우리금융지주,951.00,"32,048,700","32,096,250",2.22
495060,TIME 코리아밸류업액티브,20260818,012330,현대모비스,61.00,"33,367,000","31,598,000",2.18
495060,TIME 코리아밸류업액티브,20260818,267260,HD현대일렉트릭,29.00,"23,287,000","22,765,000",1.57
495060,TIME 코리아밸류업액티브,20260818,079550,LIG디펜스앤에어로스페이스,26.00,"21,190,000","20,670,000",1.43
495060,TIME 코리아밸류업액티브,20260818,329180,HD현대중공업,36.00,"18,360,000","17,622,000",1.22
495060,TIME 코리아밸류업액티브,20260818,078930,GS,138.00,"16,146,000","16,463,400",1.14
495060,TIME 코리아밸류업액티브,20260818,017670,SK텔레콤,147.00,"14,773,500","14,670,600",1.01
495060,TIME 코리아밸류업액티브,20260818,214450,파마리서치,36.00,"14,328,000","14,148,000",0.98
495060,TIME 코리아밸류업액티브,20260818,006800,미래에셋증권,389.00,"14,645,850","14,140,150",0.98
495060,TIME 코리아밸류업액티브,20260818,096770,SK이노베이션,101.00,"12,998,700","13,281,500",0.92
495060,TIME 코리아밸류업액티브,20260818,058470,리노공업,190.00,"13,452,000","12,882,000",0.89
495060,TIME 코리아밸류업액티브,20260818,062040,산일전기,70.00,"12,775,000","12,544,000",0.87
495060,TIME 코리아밸류업액티브,20260818,009540,HD한국조선해양,33.00,"12,738,000","12,358,500",0.85
495060,TIME 코리아밸류업액티브,20260818,278470,에이피알,31.00,"12,105,500","12,291,500",0.85
495060,TIME 코리아밸류업액티브,20260818,011070,LG이노텍,18.00,"11,772,000","11,394,000",0.79
495060,TIME 코리아밸류업액티브,20260818,033780,KT&G,55.00,"9,680,000","9,713,000",0.67
495060,TIME 코리아밸류업액티브,20260818,005830,DB손해보험,53.00,"9,370,400","9,646,000",0.67
495060,TIME 코리아밸류업액티브,20260818,080220,제주반도체,122.00,"9,943,000","9,247,600",0.64
495060,TIME 코리아밸류업액티브,20260818,071050,한국금융지주,46.00,"9,384,000","8,813,600",0.61
495060,TIME 코리아밸류업액티브,20260818,039490,키움증권,23.00,"6,911,500","6,520,500",0.45
495060,TIME 코리아밸류업액티브,20260818,475150,SK이터닉스,110.00,"6,413,000","6,435,000",0.44
495060,TIME 코리아밸류업액티브,20260818,003230,삼양식품,4.00,"5,080,000","5,336,000",0.37
495060,TIME 코리아밸류업액티브,20260818,KRD010010001,원화현금,-,-,"18,866,999",1.30
495060,TIME 코리아밸류업액티브,20260819,005930,삼성전자,"1,187.00","318,709,500","293,782,500",21.55
495060,TIME 코리아밸류업액티브,20260819,000660,SK하이닉스,172.00,"285,864,000","258,000,000",18.92
495060,TIME 코리아밸류업액티브,20260819,402340,SK스퀘어,115.00,"130,525,000","115,460,000",8.47
495060,TIME 코리아밸류업액티브,20260819,105560,KB금융,388.00,"65,378,000","64,563,200",4.74
495060,TIME 코리아밸류업액티브,20260819,055550,신한지주,531.00,"56,551,500","55,755,000",4.09
495060,TIME 코리아밸류업액티브,20260819,086790,하나금융지주,395.00,"51,626,500","50,362,500",3.69
495060,TIME 코리아밸류업액티브,20260819,012450,한화에어로스페이스,42.00,"48,132,000","49,434,000",3.63
495060,TIME 코리아밸류업액티브,20260819,005380,현대차,117.00,"50,895,000","48,438,000",3.55
495060,TIME 코리아밸류업액티브,20260819,009150,삼성전기,26.00,"37,440,000","36,062,000",2.64
495060,TIME 코리아밸류업액티브,20260819,006260,LS,98.00,"33,663,000","32,634,000",2.39
495060,TIME 코리아밸류업액티브,20260819,005830,DB손해보험,172.00,"31,304,000","32,250,000",2.37
495060,TIME 코리아밸류업액티브,20260819,034730,SK,58.00,"34,220,000","31,958,000",2.34
495060,TIME 코리아밸류업액티브,20260819,316140,우리금융지주,951.00,"32,096,250","31,858,500",2.34
495060,TIME 코리아밸류업액티브,20260819,012330,현대모비스,61.00,"31,598,000","31,049,000",2.28
495060,TIME 코리아밸류업액티브,20260819,267260,HD현대일렉트릭,29.00,"22,765,000","21,808,000",1.60
495060,TIME 코리아밸류업액티브,20260819,079550,LIG디펜스앤에어로스페이스,26.00,"20,670,000","20,696,000",1.52
495060,TIME 코리아밸류업액티브,20260819,329180,HD현대중공업,36.00,"17,622,000","17,064,000",1.25
495060,TIME 코리아밸류업액티브,20260819,078930,GS,138.00,"16,463,400","16,518,600",1.21
495060,TIME 코리아밸류업액티브,20260819,017670,SK텔레콤,147.00,"14,670,600","14,406,000",1.06
495060,TIME 코리아밸류업액티브,20260819,214450,파마리서치,36.00,"14,148,000","14,076,000",1.03
495060,TIME 코리아밸류업액티브,20260819,062040,산일전기,78.00,"13,977,600","13,704,600",1.01
495060,TIME 코리아밸류업액티브,20260819,006800,미래에셋증권,389.00,"14,140,150","13,498,300",0.99
495060,TIME 코리아밸류업액티브,20260819,096770,SK이노베이션,101.00,"13,281,500","13,018,900",0.95
495060,TIME 코리아밸류업액티브,20260819,058470,리노공업,190.00,"12,882,000","12,901,000",0.95
495060,TIME 코리아밸류업액티브,20260819,009540,HD한국조선해양,33.00,"12,358,500","12,111,000",0.89
495060,TIME 코리아밸류업액티브,20260819,278470,에이피알,31.00,"12,291,500","11,888,500",0.87
495060,TIME 코리아밸류업액티브,20260819,011070,LG이노텍,18.00,"11,394,000","10,854,000",0.80
495060,TIME 코리아밸류업액티브,20260819,033780,KT&G,55.00,"9,713,000","9,652,500",0.71
495060,TIME 코리아밸류업액티브,20260819,071050,한국금융지주,46.00,"8,813,600","8,422,600",0.62
495060,TIME 코리아밸류업액티브,20260819,475150,SK이터닉스,110.00,"6,435,000","6,358,000",0.47
495060,TIME 코리아밸류업액티브,20260819,039490,키움증권,23.00,"6,520,500","6,106,500",0.45
495060,TIME 코리아밸류업액티브,20260819,003230,삼양식품,4.00,"5,336,000","5,216,000",0.38
495060,TIME 코리아밸류업액티브,20260819,KRD010010001,원화현금,-,-,"3,578,899",0.26
495060,TIME 코리아밸류업액티브,20260820,005930,삼성전자,"1,187.00","293,782,500","321,677,000",22.51
495060,TIME 코리아밸류업액티브,20260820,000660,SK하이닉스,172.00,"258,000,000","290,852,000",20.35
495060,TIME 코리아밸류업액티브,20260820,402340,SK스퀘어,115.00,"115,460,000","129,145,000",9.04
495060,TIME 코리아밸류업액티브,20260820,105560,KB금융,388.00,"64,563,200","62,080,000",4.34
495060,TIME 코리아밸류업액티브,20260820,055550,신한지주,531.00,"55,755,000","53,684,100",3.76
495060,TIME 코리아밸류업액티브,20260820,012450,한화에어로스페이스,42.00,"49,434,000","49,014,000",3.43
495060,TIME 코리아밸류업액티브,20260820,005380,현대차,117.00,"48,438,000","48,847,500",3.42
495060,TIME 코리아밸류업액티브,20260820,086790,하나금융지주,395.00,"50,362,500","48,743,000",3.41
495060,TIME 코리아밸류업액티브,20260820,009150,삼성전기,26.00,"36,062,000","36,296,000",2.54
495060,TIME 코리아밸류업액티브,20260820,034730,SK,59.00,"32,509,000","33,512,000",2.35
495060,TIME 코리아밸류업액티브,20260820,012330,현대모비스,61.00,"31,049,000","30,927,000",2.16
495060,TIME 코리아밸류업액티브,20260820,006260,LS,98.00,"32,634,000","30,723,000",2.15
495060,TIME 코리아밸류업액티브,20260820,005830,DB손해보험,172.00,"32,250,000","30,512,800",2.14
495060,TIME 코리아밸류업액티브,20260820,316140,우리금융지주,951.00,"31,858,500","30,004,050",2.10
495060,TIME 코리아밸류업액티브,20260820,257720,실리콘투,482.00,"21,834,600","22,147,900",1.55
495060,TIME 코리아밸류업액티브,20260820,267260,HD현대일렉트릭,29.00,"21,808,000","21,634,000",1.51
495060,TIME 코리아밸류업액티브,20260820,079550,LIG디펜스앤에어로스페이스,26.00,"20,696,000","20,462,000",1.43
495060,TIME 코리아밸류업액티브,20260820,329180,HD현대중공업,36.00,"17,064,000","17,118,000",1.20
495060,TIME 코리아밸류업액티브,20260820,078930,GS,138.00,"16,518,600","15,676,800",1.10
495060,TIME 코리아밸류업액티브,20260820,214450,파마리서치,36.00,"14,076,000","14,886,000",1.04
495060,TIME 코리아밸류업액티브,20260820,006800,미래에셋증권,399.00,"13,845,300","14,403,900",1.01
495060,TIME 코리아밸류업액티브,20260820,017670,SK텔레콤,147.00,"14,406,000","14,200,200",0.99
495060,TIME 코리아밸류업액티브,20260820,058470,리노공업,190.00,"12,901,000","13,205,000",0.92
495060,TIME 코리아밸류업액티브,20260820,278470,에이피알,31.00,"11,888,500","11,966,000",0.84
495060,TIME 코리아밸류업액티브,20260820,192820,코스맥스,44.00,"10,824,000","11,462,000",0.80
495060,TIME 코리아밸류업액티브,20260820,011070,LG이노텍,18.00,"10,854,000","10,566,000",0.74
495060,TIME 코리아밸류업액티브,20260820,033780,KT&G,55.00,"9,652,500","9,454,500",0.66
495060,TIME 코리아밸류업액티브,20260820,071050,한국금융지주,46.00,"8,422,600","8,592,800",0.60
495060,TIME 코리아밸류업액티브,20260820,039490,키움증권,23.00,"6,106,500","6,336,500",0.44
495060,TIME 코리아밸류업액티브,20260820,475150,SK이터닉스,110.00,"6,358,000","6,160,000",0.43
495060,TIME 코리아밸류업액티브,20260820,003230,삼양식품,4.00,"5,216,000","5,588,000",0.39
495060,TIME 코리아밸류업액티브,20260820,KRD010010001,원화현금,-,-,"9,042,583",0.63
495060,TIME 코리아밸류업액티브,20260821,005930,삼성전자,"1,187.00","321,677,000","334,140,500",23.17
495060,TIME 코리아밸류업액티브,20260821,000660,SK하이닉스,172.00,"290,852,000","297,560,000",20.63
495060,TIME 코리아밸류업액티브,20260821,402340,SK스퀘어,115.00,"129,145,000","129,145,000",8.95
495060,TIME 코리아밸류업액티브,20260821,105560,KB금융,388.00,"62,080,000","63,748,400",4.42
495060,TIME 코리아밸류업액티브,20260821,055550,신한지주,531.00,"53,684,100","55,277,100",3.83
495060,TIME 코리아밸류업액티브,20260821,086790,하나금융지주,395.00,"48,743,000","50,876,000",3.53
495060,TIME 코리아밸류업액티브,20260821,005380,현대차,117.00,"48,847,500","48,555,000",3.37
495060,TIME 코리아밸류업액티브,20260821,012450,한화에어로스페이스,42.00,"49,014,000","45,570,000",3.16
495060,TIME 코리아밸류업액티브,20260821,257720,실리콘투,872.00,"40,068,400","41,550,800",2.88
495060,TIME 코리아밸류업액티브,20260821,034730,SK,59.00,"33,512,000","34,574,000",2.40
495060,TIME 코리아밸류업액티브,20260821,009150,삼성전기,26.00,"36,296,000","34,216,000",2.37
495060,TIME 코리아밸류업액티브,20260821,005830,DB손해보험,172.00,"30,512,800","30,581,600",2.12
495060,TIME 코리아밸류업액티브,20260821,012330,현대모비스,61.00,"30,927,000","30,256,000",2.10
495060,TIME 코리아밸류업액티브,20260821,316140,우리금융지주,951.00,"30,004,050","30,194,250",2.09
495060,TIME 코리아밸류업액티브,20260821,278470,에이피알,68.00,"26,248,000","26,180,000",1.82
495060,TIME 코리아밸류업액티브,20260821,267260,HD현대일렉트릭,29.00,"21,634,000","20,822,000",1.44
495060,TIME 코리아밸류업액티브,20260821,079550,LIG디펜스앤에어로스페이스,26.00,"20,462,000","18,070,000",1.25
495060,TIME 코리아밸류업액티브,20260821,329180,HD현대중공업,36.00,"17,118,000","16,308,000",1.13
495060,TIME 코리아밸류업액티브,20260821,078930,GS,138.00,"15,676,800","16,035,600",1.11
495060,TIME 코리아밸류업액티브,20260821,017670,SK텔레콤,147.00,"14,200,200","15,023,400",1.04
495060,TIME 코리아밸류업액티브,20260821,214450,파마리서치,36.00,"14,886,000","14,418,000",1.00
495060,TIME 코리아밸류업액티브,20260821,006800,미래에셋증권,399.00,"14,403,900","13,765,500",0.95
495060,TIME 코리아밸류업액티브,20260821,058470,리노공업,190.00,"13,205,000","12,483,000",0.87
495060,TIME 코리아밸류업액티브,20260821,192820,코스맥스,44.00,"11,462,000","11,924,000",0.83
495060,TIME 코리아밸류업액티브,20260821,003230,삼양식품,8.00,"11,176,000","10,928,000",0.76
495060,TIME 코리아밸류업액티브,20260821,011070,LG이노텍,18.00,"10,566,000","9,900,000",0.69
495060,TIME 코리아밸류업액티브,20260821,033780,KT&G,55.00,"9,454,500","9,476,500",0.66
495060,TIME 코리아밸류업액티브,20260821,071050,한국금융지주,46.00,"8,592,800","8,487,000",0.59
495060,TIME 코리아밸류업액티브,20260821,039490,키움증권,23.00,"6,336,500","6,164,000",0.43
495060,TIME 코리아밸류업액티브,20260821,KRD010010001,원화현금,-,-,"6,112,953",0.42
442260,마이티 다이나믹퀀트액티브,20260818,005930,삼성전자,"1,544.00","423,828,000","414,564,000",27.35
442260,마이티 다이나믹퀀트액티브,20260818,000660,SK하이닉스,199.00,"327,355,000","330,738,000",21.82
442260,마이티 다이나믹퀀트액티브,20260818,0112X0,마이티 200TR,"6,381.00","265,609,125","261,589,095",17.26
442260,마이티 다이나믹퀀트액티브,20260818,402340,SK스퀘어,42.00,"48,468,000","47,670,000",3.15
442260,마이티 다이나믹퀀트액티브,20260818,009150,삼성전기,29.00,"45,182,000","41,760,000",2.76
442260,마이티 다이나믹퀀트액티브,20260818,000270,기아,172.00,"24,372,400","23,598,400",1.56
442260,마이티 다이나믹퀀트액티브,20260818,034730,SK,36.00,"21,060,000","21,240,000",1.40
442260,마이티 다이나믹퀀트액티브,20260818,066570,LG전자,102.00,"21,930,000","21,216,000",1.40
442260,마이티 다이나믹퀀트액티브,20260818,105560,KB금융,109.00,"18,366,500","18,366,500",1.21
442260,마이티 다이나믹퀀트액티브,20260818,005380,현대차,41.00,"18,573,000","17,835,000",1.18
442260,마이티 다이나믹퀀트액티브,20260818,010950,S-Oil,112.00,"16,531,200","17,203,200",1.14
442260,마이티 다이나믹퀀트액티브,20260818,010120,LS ELECTRIC,79.00,"16,313,500","16,511,000",1.09
442260,마이티 다이나믹퀀트액티브,20260818,055550,신한지주,143.00,"15,358,200","15,229,500",1.00
442260,마이티 다이나믹퀀트액티브,20260818,011070,LG이노텍,24.00,"15,696,000","15,192,000",1.00
442260,마이티 다이나믹퀀트액티브,20260818,015760,한국전력,455.00,"15,128,750","14,833,000",0.98
442260,마이티 다이나믹퀀트액티브,20260818,079550,LIG디펜스앤에어로스페이스,17.00,"13,855,000","13,515,000",0.89
442260,마이티 다이나믹퀀트액티브,20260818,010060,OCI홀딩스,45.00,"12,555,000","12,262,500",0.81
442260,마이티 다이나믹퀀트액티브,20260818,086790,하나금융지주,86.00,"11,438,000","11,240,200",0.74
442260,마이티 다이나믹퀀트액티브,20260818,047040,대우건설,594.00,"10,697,940","10,198,980",0.67
442260,마이티 다이나믹퀀트액티브,20260818,028050,삼성E&A,208.00,"10,358,400","9,963,200",0.66
442260,마이티 다이나믹퀀트액티브,20260818,032830,삼성생명,28.00,"8,428,000","8,694,000",0.57
442260,마이티 다이나믹퀀트액티브,20260818,010130,고려아연,7.00,"8,372,000","8,533,000",0.56
442260,마이티 다이나믹퀀트액티브,20260818,011200,HMM,366.00,"7,777,500","8,289,900",0.55
442260,마이티 다이나믹퀀트액티브,20260818,003550,LG,72.00,"8,640,000","8,114,400",0.54
442260,마이티 다이나믹퀀트액티브,20260818,316140,우리금융지주,237.00,"7,986,900","7,998,750",0.53
442260,마이티 다이나믹퀀트액티브,20260818,003670,포스코퓨처엠,46.00,"7,843,000","7,378,400",0.49
442260,마이티 다이나믹퀀트액티브,20260818,272210,한화시스템,83.00,"6,664,900","6,631,700",0.44
442260,마이티 다이나믹퀀트액티브,20260818,375500,DL이앤씨,93.00,"6,863,400","6,565,800",0.43
442260,마이티 다이나믹퀀트액티브,20260818,000810,삼성화재,10.00,"6,150,000","6,260,000",0.41
442260,마이티 다이나믹퀀트액티브,20260818,352820,하이브,35.00,"6,279,000","6,013,000",0.40
442260,마이티 다이나믹퀀트액티브,20260818,036570,NC,26.00,"6,435,000","5,980,000",0.39
442260,마이티 다이나믹퀀트액티브,20260818,267270,HD건설기계,44.00,"6,098,400","5,874,000",0.39
442260,마이티 다이나믹퀀트액티브,20260818,068270,셀트리온,30.00,"6,030,000","5,865,000",0.39
442260,마이티 다이나믹퀀트액티브,20260818,006260,LS,17.00,"5,499,500","5,839,500",0.39
442260,마이티 다이나믹퀀트액티브,20260818,003490,대한항공,210.00,"5,523,000","5,302,500",0.35
442260,마이티 다이나믹퀀트액티브,20260818,139480,이마트,66.00,"5,207,400","5,022,600",0.33
442260,마이티 다이나믹퀀트액티브,20260818,000990,DB하이텍,47.00,"4,831,600","4,587,200",0.30
442260,마이티 다이나믹퀀트액티브,20260818,307950,현대오토에버,10.00,"4,895,000","4,510,000",0.30
442260,마이티 다이나믹퀀트액티브,20260818,001440,대한전선,150.00,"4,492,500","4,305,000",0.28
442260,마이티 다이나믹퀀트액티브,20260818,051900,LG생활건강,14.00,"4,305,000","4,200,000",0.28
442260,마이티 다이나믹퀀트액티브,20260818,066970,엘앤에프,39.00,"4,278,300","4,110,600",0.27
442260,마이티 다이나믹퀀트액티브,20260818,004020,현대제철,130.00,"3,887,000","3,724,500",0.25
442260,마이티 다이나믹퀀트액티브,20260818,006800,미래에셋증권,98.00,"3,689,700","3,562,300",0.24
442260,마이티 다이나믹퀀트액티브,20260818,023530,롯데쇼핑,32.00,"3,292,800","3,296,000",0.22
442260,마이티 다이나믹퀀트액티브,20260818,138040,메리츠금융지주,26.00,"3,034,200","3,047,200",0.20
442260,마이티 다이나믹퀀트액티브,20260818,005830,DB손해보험,15.00,"2,652,000","2,730,000",0.18
442260,마이티 다이나믹퀀트액티브,20260818,071050,한국금융지주,14.00,"2,856,000","2,682,400",0.18
442260,마이티 다이나믹퀀트액티브,20260818,323410,카카오뱅크,120.00,"2,664,000","2,634,000",0.17
442260,마이티 다이나믹퀀트액티브,20260818,298020,효성티앤씨,8.00,"2,644,000","2,580,000",0.17
442260,마이티 다이나믹퀀트액티브,20260818,377300,카카오페이,49.00,"2,212,350","2,099,650",0.14
442260,마이티 다이나믹퀀트액티브,20260818,009420,한올바이오파마,35.00,"2,089,500","2,054,500",0.14
442260,마이티 다이나믹퀀트액티브,20260818,024110,기업은행,98.00,"1,999,200","2,004,100",0.13
442260,마이티 다이나믹퀀트액티브,20260818,016360,삼성증권,21.00,"1,953,000","1,864,800",0.12
442260,마이티 다이나믹퀀트액티브,20260818,120110,코오롱인더,33.00,"1,824,900","1,848,000",0.12
442260,마이티 다이나믹퀀트액티브,20260818,000210,DL,35.00,"1,816,500","1,774,500",0.12
442260,마이티 다이나믹퀀트액티브,20260818,175330,JB금융지주,56.00,"1,568,000","1,562,400",0.10
442260,마이티 다이나믹퀀트액티브,20260818,005940,NH투자증권,53.00,"1,523,750","1,457,500",0.10
442260,마이티 다이나믹퀀트액티브,20260818,039490,키움증권,5.00,"1,502,500","1,417,500",0.09
442260,마이티 다이나믹퀀트액티브,20260818,138930,BNK금융지주,93.00,"1,407,090","1,378,260",0.09
442260,마이티 다이나믹퀀트액티브,20260818,034020,두산에너빌리티,16.00,"1,321,600","1,246,400",0.08
442260,마이티 다이나믹퀀트액티브,20260818,004000,롯데정밀화학,25.00,"1,177,500","1,158,750",0.08
442260,마이티 다이나믹퀀트액티브,20260818,001450,현대해상,21.00,"952,350","1,043,700",0.07
442260,마이티 다이나믹퀀트액티브,20260818,036460,한국가스공사,26.00,"951,600","950,300",0.06
442260,마이티 다이나믹퀀트액티브,20260818,139130,iM금융지주,48.00,"838,560","834,240",0.06
442260,마이티 다이나믹퀀트액티브,20260818,185750,종근당,12.00,"819,600","800,400",0.05
442260,마이티 다이나믹퀀트액티브,20260818,088350,한화생명,120.00,"675,600","662,400",0.04
442260,마이티 다이나믹퀀트액티브,20260818,006650,대한유화,6.00,"548,400","518,400",0.03
442260,마이티 다이나믹퀀트액티브,20260818,000670,영풍,7.00,"266,700","267,400",0.02
442260,마이티 다이나믹퀀트액티브,20260818,018260,삼성에스디에스,1.00,"243,500","228,500",0.02
442260,마이티 다이나믹퀀트액티브,20260818,001430,세아베스틸지주,5.00,"225,000","215,500",0.01
442260,마이티 다이나믹퀀트액티브,20260818,KRD010010001,원화현금,-,-,"1,232,762",0.08
442260,마이티 다이나믹퀀트액티브,20260819,005930,삼성전자,"1,544.00","414,564,000","382,140,000",27.00
442260,마이티 다이나믹퀀트액티브,20260819,000660,SK하이닉스,199.00,"330,738,000","298,500,000",21.09
442260,마이티 다이나믹퀀트액티브,20260819,0112X0,마이티 200TR,"6,381.00","261,589,095","244,647,540",17.28
442260,마이티 다이나믹퀀트액티브,20260819,402340,SK스퀘어,42.00,"47,670,000","42,168,000",2.98
442260,마이티 다이나믹퀀트액티브,20260819,009150,삼성전기,29.00,"41,760,000","40,223,000",2.84
442260,마이티 다이나믹퀀트액티브,20260819,000270,기아,172.00,"23,598,400","22,876,000",1.62
442260,마이티 다이나믹퀀트액티브,20260819,066570,LG전자,102.00,"21,216,000","20,553,000",1.45
442260,마이티 다이나믹퀀트액티브,20260819,034730,SK,36.00,"21,240,000","19,836,000",1.40
442260,마이티 다이나믹퀀트액티브,20260819,105560,KB금융,109.00,"18,366,500","18,137,600",1.28
442260,마이티 다이나믹퀀트액티브,20260819,010950,S-Oil,112.00,"17,203,200","16,979,200",1.20
442260,마이티 다이나믹퀀트액티브,20260819,005380,현대차,41.00,"17,835,000","16,974,000",1.20
442260,마이티 다이나믹퀀트액티브,20260819,010120,LS ELECTRIC,79.00,"16,511,000","15,958,000",1.13
442260,마이티 다이나믹퀀트액티브,20260819,055550,신한지주,143.00,"15,229,500","15,015,000",1.06
442260,마이티 다이나믹퀀트액티브,20260819,011070,LG이노텍,24.00,"15,192,000","14,472,000",1.02
442260,마이티 다이나믹퀀트액티브,20260819,015760,한국전력,455.00,"14,833,000","14,036,750",0.99
442260,마이티 다이나믹퀀트액티브,20260819,079550,LIG디펜스앤에어로스페이스,17.00,"13,515,000","13,532,000",0.96
442260,마이티 다이나믹퀀트액티브,20260819,010060,OCI홀딩스,45.00,"12,262,500","12,487,500",0.88
442260,마이티 다이나믹퀀트액티브,20260819,086790,하나금융지주,86.00,"11,240,200","10,965,000",0.77
442260,마이티 다이나믹퀀트액티브,20260819,047040,대우건설,594.00,"10,198,980","10,216,800",0.72
442260,마이티 다이나믹퀀트액티브,20260819,028050,삼성E&A,208.00,"9,963,200","10,088,000",0.71
442260,마이티 다이나믹퀀트액티브,20260819,010130,고려아연,7.00,"8,533,000","8,015,000",0.57
442260,마이티 다이나믹퀀트액티브,20260819,011200,HMM,366.00,"8,289,900","7,942,200",0.56
442260,마이티 다이나믹퀀트액티브,20260819,316140,우리금융지주,237.00,"7,998,750","7,939,500",0.56
442260,마이티 다이나믹퀀트액티브,20260819,003550,LG,72.00,"8,114,400","7,934,400",0.56
442260,마이티 다이나믹퀀트액티브,20260819,032830,삼성생명,28.00,"8,694,000","7,728,000",0.55
442260,마이티 다이나믹퀀트액티브,20260819,003670,포스코퓨처엠,46.00,"7,378,400","7,373,800",0.52
442260,마이티 다이나믹퀀트액티브,20260819,375500,DL이앤씨,93.00,"6,565,800","6,677,400",0.47
442260,마이티 다이나믹퀀트액티브,20260819,272210,한화시스템,83.00,"6,631,700","6,308,000",0.45
442260,마이티 다이나믹퀀트액티브,20260819,000810,삼성화재,10.00,"6,260,000","6,130,000",0.43
442260,마이티 다이나믹퀀트액티브,20260819,352820,하이브,35.00,"6,013,000","6,027,000",0.43
442260,마이티 다이나믹퀀트액티브,20260819,068270,셀트리온,30.00,"5,865,000","5,823,000",0.41
442260,마이티 다이나믹퀀트액티브,20260819,036570,NC,26.00,"5,980,000","5,707,000",0.40
442260,마이티 다이나믹퀀트액티브,20260819,267270,HD건설기계,44.00,"5,874,000","5,684,800",0.40
442260,마이티 다이나믹퀀트액티브,20260819,006260,LS,17.00,"5,839,500","5,661,000",0.40
442260,마이티 다이나믹퀀트액티브,20260819,003490,대한항공,210.00,"5,302,500","5,260,500",0.37
442260,마이티 다이나믹퀀트액티브,20260819,139480,이마트,66.00,"5,022,600","4,785,000",0.34
442260,마이티 다이나믹퀀트액티브,20260819,000990,DB하이텍,47.00,"4,587,200","4,399,200",0.31
442260,마이티 다이나믹퀀트액티브,20260819,307950,현대오토에버,10.00,"4,510,000","4,365,000",0.31
442260,마이티 다이나믹퀀트액티브,20260819,051900,LG생활건강,14.00,"4,200,000","4,228,000",0.30
442260,마이티 다이나믹퀀트액티브,20260819,001440,대한전선,150.00,"4,305,000","4,200,000",0.30
442260,마이티 다이나믹퀀트액티브,20260819,066970,엘앤에프,39.00,"4,110,600","4,095,000",0.29
442260,마이티 다이나믹퀀트액티브,20260819,004020,현대제철,130.00,"3,724,500","3,646,500",0.26
442260,마이티 다이나믹퀀트액티브,20260819,006800,미래에셋증권,98.00,"3,562,300","3,400,600",0.24
442260,마이티 다이나믹퀀트액티브,20260819,023530,롯데쇼핑,32.00,"3,296,000","3,107,200",0.22
442260,마이티 다이나믹퀀트액티브,20260819,138040,메리츠금융지주,26.00,"3,047,200","2,995,200",0.21
442260,마이티 다이나믹퀀트액티브,20260819,005830,DB손해보험,15.00,"2,730,000","2,812,500",0.20
442260,마이티 다이나믹퀀트액티브,20260819,323410,카카오뱅크,120.00,"2,634,000","2,580,000",0.18
442260,마이티 다이나믹퀀트액티브,20260819,298020,효성티앤씨,8.00,"2,580,000","2,576,000",0.18
442260,마이티 다이나믹퀀트액티브,20260819,071050,한국금융지주,14.00,"2,682,400","2,563,400",0.18
442260,마이티 다이나믹퀀트액티브,20260819,009420,한올바이오파마,35.00,"2,054,500","2,072,000",0.15
442260,마이티 다이나믹퀀트액티브,20260819,377300,카카오페이,49.00,"2,099,650","2,021,250",0.14
442260,마이티 다이나믹퀀트액티브,20260819,024110,기업은행,98.00,"2,004,100","1,989,400",0.14
442260,마이티 다이나믹퀀트액티브,20260819,120110,코오롱인더,33.00,"1,848,000","1,798,500",0.13
442260,마이티 다이나믹퀀트액티브,20260819,016360,삼성증권,21.00,"1,864,800","1,785,000",0.13
442260,마이티 다이나믹퀀트액티브,20260819,000210,DL,35.00,"1,774,500","1,753,500",0.12
442260,마이티 다이나믹퀀트액티브,20260819,175330,JB금융지주,56.00,"1,562,400","1,523,200",0.11
442260,마이티 다이나믹퀀트액티브,20260819,005940,NH투자증권,53.00,"1,457,500","1,380,650",0.10
442260,마이티 다이나믹퀀트액티브,20260819,138930,BNK금융지주,93.00,"1,378,260","1,363,380",0.10
442260,마이티 다이나믹퀀트액티브,20260819,039490,키움증권,5.00,"1,417,500","1,327,500",0.09
442260,마이티 다이나믹퀀트액티브,20260819,034020,두산에너빌리티,16.00,"1,246,400","1,219,200",0.09
442260,마이티 다이나믹퀀트액티브,20260819,004000,롯데정밀화학,25.00,"1,158,750","1,133,750",0.08
442260,마이티 다이나믹퀀트액티브,20260819,001450,현대해상,21.00,"1,043,700","1,050,000",0.07
442260,마이티 다이나믹퀀트액티브,20260819,036460,한국가스공사,26.00,"950,300","942,500",0.07
442260,마이티 다이나믹퀀트액티브,20260819,139130,iM금융지주,48.00,"834,240","833,280",0.06
442260,마이티 다이나믹퀀트액티브,20260819,185750,종근당,12.00,"800,400","806,400",0.06
442260,마이티 다이나믹퀀트액티브,20260819,088350,한화생명,120.00,"662,400","640,800",0.05
442260,마이티 다이나믹퀀트액티브,20260819,006650,대한유화,6.00,"518,400","492,000",0.03
442260,마이티 다이나믹퀀트액티브,20260819,000670,영풍,7.00,"267,400","261,800",0.02
442260,마이티 다이나믹퀀트액티브,20260819,018260,삼성에스디에스,1.00,"228,500","226,000",0.02
442260,마이티 다이나믹퀀트액티브,20260819,001430,세아베스틸지주,5.00,"215,500","213,500",0.02
442260,마이티 다이나믹퀀트액티브,20260819,KRD010010001,원화현금,-,-,"888,439",0.06
442260,마이티 다이나믹퀀트액티브,20260820,005930,삼성전자,"1,544.00","382,140,000","418,424,000",27.65
442260,마이티 다이나믹퀀트액티브,20260820,000660,SK하이닉스,199.00,"298,500,000","336,509,000",22.24
442260,마이티 다이나믹퀀트액티브,20260820,0112X0,마이티 200TR,"6,381.00","244,647,540","261,812,430",17.30
442260,마이티 다이나믹퀀트액티브,20260820,402340,SK스퀘어,42.00,"42,168,000","47,166,000",3.12
442260,마이티 다이나믹퀀트액티브,20260820,009150,삼성전기,29.00,"40,223,000","40,484,000",2.68
442260,마이티 다이나믹퀀트액티브,20260820,000270,기아,172.00,"22,876,000","22,549,200",1.49
442260,마이티 다이나믹퀀트액티브,20260820,066570,LG전자,102.00,"20,553,000","20,655,000",1.37
442260,마이티 다이나믹퀀트액티브,20260820,034730,SK,36.00,"19,836,000","20,448,000",1.35
442260,마이티 다이나믹퀀트액티브,20260820,105560,KB금융,109.00,"18,137,600","17,440,000",1.15
442260,마이티 다이나믹퀀트액티브,20260820,005380,현대차,41.00,"16,974,000","17,117,500",1.13
442260,마이티 다이나믹퀀트액티브,20260820,010950,S-Oil,112.00,"16,979,200","15,971,200",1.06
442260,마이티 다이나믹퀀트액티브,20260820,010120,LS ELECTRIC,79.00,"15,958,000","15,736,800",1.04
442260,마이티 다이나믹퀀트액티브,20260820,015760,한국전력,455.00,"14,036,750","14,469,000",0.96
442260,마이티 다이나믹퀀트액티브,20260820,055550,신한지주,143.00,"15,015,000","14,457,300",0.96
442260,마이티 다이나믹퀀트액티브,20260820,011070,LG이노텍,24.00,"14,472,000","14,088,000",0.93
442260,마이티 다이나믹퀀트액티브,20260820,079550,LIG디펜스앤에어로스페이스,17.00,"13,532,000","13,379,000",0.88
442260,마이티 다이나믹퀀트액티브,20260820,010060,OCI홀딩스,45.00,"12,487,500","13,050,000",0.86
442260,마이티 다이나믹퀀트액티브,20260820,086790,하나금융지주,86.00,"10,965,000","10,612,400",0.70
442260,마이티 다이나믹퀀트액티브,20260820,028050,삼성E&A,208.00,"10,088,000","9,994,400",0.66
442260,마이티 다이나믹퀀트액티브,20260820,047040,대우건설,594.00,"10,216,800","9,925,740",0.66
442260,마이티 다이나믹퀀트액티브,20260820,010130,고려아연,7.00,"8,015,000","8,666,000",0.57
442260,마이티 다이나믹퀀트액티브,20260820,032830,삼성생명,28.00,"7,728,000","8,316,000",0.55
442260,마이티 다이나믹퀀트액티브,20260820,003550,LG,72.00,"7,934,400","7,948,800",0.53
442260,마이티 다이나믹퀀트액티브,20260820,011200,HMM,366.00,"7,942,200","7,759,200",0.51
442260,마이티 다이나믹퀀트액티브,20260820,003670,포스코퓨처엠,46.00,"7,373,800","7,511,800",0.50
442260,마이티 다이나믹퀀트액티브,20260820,316140,우리금융지주,237.00,"7,939,500","7,477,350",0.49
442260,마이티 다이나믹퀀트액티브,20260820,375500,DL이앤씨,93.00,"6,677,400","6,621,600",0.44
442260,마이티 다이나믹퀀트액티브,20260820,272210,한화시스템,83.00,"6,308,000","6,249,900",0.41
442260,마이티 다이나믹퀀트액티브,20260820,000810,삼성화재,10.00,"6,130,000","6,220,000",0.41
442260,마이티 다이나믹퀀트액티브,20260820,352820,하이브,35.00,"6,027,000","6,069,000",0.40
442260,마이티 다이나믹퀀트액티브,20260820,068270,셀트리온,30.00,"5,823,000","5,823,000",0.38
442260,마이티 다이나믹퀀트액티브,20260820,036570,NC,26.00,"5,707,000","5,733,000",0.38
442260,마이티 다이나믹퀀트액티브,20260820,267270,HD건설기계,44.00,"5,684,800","5,363,600",0.35
442260,마이티 다이나믹퀀트액티브,20260820,006260,LS,17.00,"5,661,000","5,329,500",0.35
442260,마이티 다이나믹퀀트액티브,20260820,003490,대한항공,210.00,"5,260,500","5,260,500",0.35
442260,마이티 다이나믹퀀트액티브,20260820,139480,이마트,66.00,"4,785,000","4,785,000",0.32
442260,마이티 다이나믹퀀트액티브,20260820,307950,현대오토에버,10.00,"4,365,000","4,595,000",0.30
442260,마이티 다이나믹퀀트액티브,20260820,000990,DB하이텍,47.00,"4,399,200","4,554,300",0.30
442260,마이티 다이나믹퀀트액티브,20260820,051900,LG생활건강,14.00,"4,228,000","4,263,000",0.28
442260,마이티 다이나믹퀀트액티브,20260820,001440,대한전선,150.00,"4,200,000","4,252,500",0.28
442260,마이티 다이나믹퀀트액티브,20260820,066970,엘앤에프,39.00,"4,095,000","4,212,000",0.28
442260,마이티 다이나믹퀀트액티브,20260820,004020,현대제철,130.00,"3,646,500","3,646,500",0.24
442260,마이티 다이나믹퀀트액티브,20260820,006800,미래에셋증권,98.00,"3,400,600","3,537,800",0.23
442260,마이티 다이나믹퀀트액티브,20260820,023530,롯데쇼핑,32.00,"3,107,200","3,110,400",0.21
442260,마이티 다이나믹퀀트액티브,20260820,138040,메리츠금융지주,26.00,"2,995,200","2,995,200",0.20
442260,마이티 다이나믹퀀트액티브,20260820,005830,DB손해보험,15.00,"2,812,500","2,661,000",0.18
442260,마이티 다이나믹퀀트액티브,20260820,071050,한국금융지주,14.00,"2,563,400","2,615,200",0.17
442260,마이티 다이나믹퀀트액티브,20260820,298020,효성티앤씨,8.00,"2,576,000","2,564,000",0.17
442260,마이티 다이나믹퀀트액티브,20260820,323410,카카오뱅크,120.00,"2,580,000","2,544,000",0.17
442260,마이티 다이나믹퀀트액티브,20260820,377300,카카오페이,49.00,"2,021,250","2,202,550",0.15
442260,마이티 다이나믹퀀트액티브,20260820,009420,한올바이오파마,35.00,"2,072,000","2,191,000",0.14
442260,마이티 다이나믹퀀트액티브,20260820,024110,기업은행,98.00,"1,989,400","1,955,100",0.13
442260,마이티 다이나믹퀀트액티브,20260820,016360,삼성증권,21.00,"1,785,000","1,940,400",0.13
442260,마이티 다이나믹퀀트액티브,20260820,120110,코오롱인더,33.00,"1,798,500","1,798,500",0.12
442260,마이티 다이나믹퀀트액티브,20260820,000210,DL,35.00,"1,753,500","1,713,250",0.11
442260,마이티 다이나믹퀀트액티브,20260820,175330,JB금융지주,56.00,"1,523,200","1,478,400",0.10
442260,마이티 다이나믹퀀트액티브,20260820,005940,NH투자증권,53.00,"1,380,650","1,404,500",0.09
442260,마이티 다이나믹퀀트액티브,20260820,039490,키움증권,5.00,"1,327,500","1,377,500",0.09
442260,마이티 다이나믹퀀트액티브,20260820,138930,BNK금융지주,93.00,"1,363,380","1,329,900",0.09
442260,마이티 다이나믹퀀트액티브,20260820,034020,두산에너빌리티,16.00,"1,219,200","1,214,400",0.08
442260,마이티 다이나믹퀀트액티브,20260820,004000,롯데정밀화학,25.00,"1,133,750","1,108,750",0.07
442260,마이티 다이나믹퀀트액티브,20260820,001450,현대해상,21.00,"1,050,000","1,025,850",0.07
442260,마이티 다이나믹퀀트액티브,20260820,036460,한국가스공사,26.00,"942,500","945,100",0.06
442260,마이티 다이나믹퀀트액티브,20260820,139130,iM금융지주,48.00,"833,280","816,000",0.05
442260,마이티 다이나믹퀀트액티브,20260820,185750,종근당,12.00,"806,400","806,400",0.05
442260,마이티 다이나믹퀀트액티브,20260820,088350,한화생명,120.00,"640,800","661,200",0.04
442260,마이티 다이나믹퀀트액티브,20260820,006650,대한유화,6.00,"492,000","489,600",0.03
442260,마이티 다이나믹퀀트액티브,20260820,000670,영풍,7.00,"261,800","266,700",0.02
442260,마이티 다이나믹퀀트액티브,20260820,018260,삼성에스디에스,1.00,"226,000","233,000",0.02
442260,마이티 다이나믹퀀트액티브,20260820,001430,세아베스틸지주,5.00,"213,500","205,500",0.01
442260,마이티 다이나믹퀀트액티브,20260820,KRD010010001,원화현금,-,-,"3,029,553",0.20
442260,마이티 다이나믹퀀트액티브,20260821,005930,삼성전자,"1,544.00","418,424,000","434,636,000",28.43
442260,마이티 다이나믹퀀트액티브,20260821,000660,SK하이닉스,199.00,"336,509,000","344,270,000",22.52
442260,마이티 다이나믹퀀트액티브,20260821,0112X0,마이티 200TR,"6,381.00","261,812,430","264,811,500",17.32
442260,마이티 다이나믹퀀트액티브,20260821,402340,SK스퀘어,42.00,"47,166,000","47,166,000",3.08
442260,마이티 다이나믹퀀트액티브,20260821,009150,삼성전기,29.00,"40,484,000","38,164,000",2.50
442260,마이티 다이나믹퀀트액티브,20260821,000270,기아,172.00,"22,549,200","22,514,800",1.47
442260,마이티 다이나믹퀀트액티브,20260821,034730,SK,36.00,"20,448,000","21,096,000",1.38
442260,마이티 다이나믹퀀트액티브,20260821,066570,LG전자,102.00,"20,655,000","19,839,000",1.30
442260,마이티 다이나믹퀀트액티브,20260821,105560,KB금융,109.00,"17,440,000","17,908,700",1.17
442260,마이티 다이나믹퀀트액티브,20260821,005380,현대차,41.00,"17,117,500","17,015,000",1.11
442260,마이티 다이나믹퀀트액티브,20260821,010950,S-Oil,112.00,"15,971,200","15,803,200",1.03
442260,마이티 다이나믹퀀트액티브,20260821,055550,신한지주,143.00,"14,457,300","14,886,300",0.97
442260,마이티 다이나믹퀀트액티브,20260821,010120,LS ELECTRIC,79.00,"15,736,800","14,773,000",0.97
442260,마이티 다이나믹퀀트액티브,20260821,015760,한국전력,455.00,"14,469,000","14,446,250",0.94
442260,마이티 다이나믹퀀트액티브,20260821,011070,LG이노텍,24.00,"14,088,000","13,200,000",0.86
442260,마이티 다이나믹퀀트액티브,20260821,010060,OCI홀딩스,45.00,"13,050,000","11,925,000",0.78
442260,마이티 다이나믹퀀트액티브,20260821,079550,LIG디펜스앤에어로스페이스,17.00,"13,379,000","11,815,000",0.77
442260,마이티 다이나믹퀀트액티브,20260821,086790,하나금융지주,86.00,"10,612,400","11,076,800",0.72
442260,마이티 다이나믹퀀트액티브,20260821,047040,대우건설,594.00,"9,925,740","9,462,420",0.62
442260,마이티 다이나믹퀀트액티브,20260821,028050,삼성E&A,208.00,"9,994,400","9,391,200",0.61
442260,마이티 다이나믹퀀트액티브,20260821,032830,삼성생명,28.00,"8,316,000","9,198,000",0.60
442260,마이티 다이나믹퀀트액티브,20260821,010130,고려아연,7.00,"8,666,000","8,659,000",0.57
442260,마이티 다이나믹퀀트액티브,20260821,011200,HMM,366.00,"7,759,200","7,905,600",0.52
442260,마이티 다이나믹퀀트액티브,20260821,003550,LG,72.00,"7,948,800","7,754,400",0.51
442260,마이티 다이나믹퀀트액티브,20260821,316140,우리금융지주,237.00,"7,477,350","7,524,750",0.49
442260,마이티 다이나믹퀀트액티브,20260821,003670,포스코퓨처엠,46.00,"7,511,800","7,125,400",0.47
442260,마이티 다이나믹퀀트액티브,20260821,000810,삼성화재,10.00,"6,220,000","6,610,000",0.43
442260,마이티 다이나믹퀀트액티브,20260821,375500,DL이앤씨,93.00,"6,621,600","6,342,600",0.41
442260,마이티 다이나믹퀀트액티브,20260821,352820,하이브,35.00,"6,069,000","5,876,500",0.38
442260,마이티 다이나믹퀀트액티브,20260821,036570,NC,26.00,"5,733,000","5,837,000",0.38
442260,마이티 다이나믹퀀트액티브,20260821,272210,한화시스템,83.00,"6,249,900","5,834,900",0.38
442260,마이티 다이나믹퀀트액티브,20260821,068270,셀트리온,30.00,"5,823,000","5,769,000",0.38
442260,마이티 다이나믹퀀트액티브,20260821,003490,대한항공,210.00,"5,260,500","5,418,000",0.35
442260,마이티 다이나믹퀀트액티브,20260821,267270,HD건설기계,44.00,"5,363,600","5,082,000",0.33
442260,마이티 다이나믹퀀트액티브,20260821,006260,LS,17.00,"5,329,500","4,989,500",0.33
442260,마이티 다이나믹퀀트액티브,20260821,139480,이마트,66.00,"4,785,000","4,745,400",0.31
442260,마이티 다이나믹퀀트액티브,20260821,307950,현대오토에버,10.00,"4,595,000","4,480,000",0.29
442260,마이티 다이나믹퀀트액티브,20260821,051900,LG생활건강,14.00,"4,263,000","4,382,000",0.29
442260,마이티 다이나믹퀀트액티브,20260821,000990,DB하이텍,47.00,"4,554,300","4,215,900",0.28
442260,마이티 다이나믹퀀트액티브,20260821,066970,엘앤에프,39.00,"4,212,000","4,075,500",0.27
442260,마이티 다이나믹퀀트액티브,20260821,001440,대한전선,150.00,"4,252,500","3,997,500",0.26
442260,마이티 다이나믹퀀트액티브,20260821,004020,현대제철,130.00,"3,646,500","3,510,000",0.23
442260,마이티 다이나믹퀀트액티브,20260821,006800,미래에셋증권,98.00,"3,537,800","3,381,000",0.22
442260,마이티 다이나믹퀀트액티브,20260821,023530,롯데쇼핑,32.00,"3,110,400","3,094,400",0.20
442260,마이티 다이나믹퀀트액티브,20260821,138040,메리츠금융지주,26.00,"2,995,200","3,000,400",0.20
442260,마이티 다이나믹퀀트액티브,20260821,005830,DB손해보험,15.00,"2,661,000","2,667,000",0.17
442260,마이티 다이나믹퀀트액티브,20260821,071050,한국금융지주,14.00,"2,615,200","2,583,000",0.17
442260,마이티 다이나믹퀀트액티브,20260821,323410,카카오뱅크,120.00,"2,544,000","2,556,000",0.17
442260,마이티 다이나믹퀀트액티브,20260821,298020,효성티앤씨,8.00,"2,564,000","2,496,000",0.16
442260,마이티 다이나믹퀀트액티브,20260821,377300,카카오페이,49.00,"2,202,550","2,082,500",0.14
442260,마이티 다이나믹퀀트액티브,20260821,009420,한올바이오파마,35.00,"2,191,000","1,977,500",0.13
442260,마이티 다이나믹퀀트액티브,20260821,024110,기업은행,98.00,"1,955,100","1,960,000",0.13
442260,마이티 다이나믹퀀트액티브,20260821,016360,삼성증권,21.00,"1,940,400","1,932,000",0.13
442260,마이티 다이나믹퀀트액티브,20260821,120110,코오롱인더,33.00,"1,798,500","1,638,450",0.11
442260,마이티 다이나믹퀀트액티브,20260821,000210,DL,35.00,"1,713,250","1,634,500",0.11
442260,마이티 다이나믹퀀트액티브,20260821,175330,JB금융지주,56.00,"1,478,400","1,489,600",0.10
442260,마이티 다이나믹퀀트액티브,20260821,005940,NH투자증권,53.00,"1,404,500","1,383,300",0.09
442260,마이티 다이나믹퀀트액티브,20260821,039490,키움증권,5.00,"1,377,500","1,340,000",0.09
442260,마이티 다이나믹퀀트액티브,20260821,138930,BNK금융지주,93.00,"1,329,900","1,330,830",0.09
442260,마이티 다이나믹퀀트액티브,20260821,034020,두산에너빌리티,16.00,"1,214,400","1,172,800",0.08
442260,마이티 다이나믹퀀트액티브,20260821,004000,롯데정밀화학,25.00,"1,108,750","1,103,750",0.07
442260,마이티 다이나믹퀀트액티브,20260821,001450,현대해상,21.00,"1,025,850","1,044,750",0.07
442260,마이티 다이나믹퀀트액티브,20260821,036460,한국가스공사,26.00,"945,100","926,900",0.06
442260,마이티 다이나믹퀀트액티브,20260821,139130,iM금융지주,48.00,"816,000","824,640",0.05
442260,마이티 다이나믹퀀트액티브,20260821,185750,종근당,12.00,"806,400","802,800",0.05
442260,마이티 다이나믹퀀트액티브,20260821,088350,한화생명,120.00,"661,200","656,400",0.04
442260,마이티 다이나믹퀀트액티브,20260821,006650,대한유화,6.00,"489,600","481,800",0.03
442260,마이티 다이나믹퀀트액티브,20260821,000670,영풍,7.00,"266,700","261,100",0.02
442260,마이티 다이나믹퀀트액티브,20260821,018260,삼성에스디에스,1.00,"233,000","228,000",0.01
442260,마이티 다이나믹퀀트액티브,20260821,001430,세아베스틸지주,5.00,"205,500","196,750",0.01
442260,마이티 다이나믹퀀트액티브,20260821,KRD010010001,원화현금,-,-,"1,279,473",0.08
385720,TIME 코스피액티브,20260818,005930,삼성전자,"2,718.00","746,091,000","729,783,000",28.65
385720,TIME 코스피액티브,20260818,000660,SK하이닉스,340.00,"559,300,000","565,080,000",22.19
385720,TIME 코스피액티브,20260818,006400,삼성SDI,213.00,"109,908,000","103,944,000",4.08
385720,TIME 코스피액티브,20260818,105560,KB금융,590.00,"99,415,000","99,415,000",3.90
385720,TIME 코스피액티브,20260818,003230,삼양식품,55.00,"69,850,000","73,370,000",2.88
385720,TIME 코스피액티브,20260818,009150,삼성전기,50.00,"77,900,000","72,000,000",2.83
385720,TIME 코스피액티브,20260818,402340,SK스퀘어,54.00,"62,316,000","61,290,000",2.41
385720,TIME 코스피액티브,20260818,278470,에이피알,140.00,"54,670,000","55,510,000",2.18
385720,TIME 코스피액티브,20260818,032830,삼성생명,150.00,"45,150,000","46,575,000",1.83
385720,TIME 코스피액티브,20260818,017670,SK텔레콤,391.00,"39,295,500","39,021,800",1.53
385720,TIME 코스피액티브,20260818,071050,한국금융지주,190.00,"38,760,000","36,404,000",1.43
385720,TIME 코스피액티브,20260818,055550,신한지주,335.00,"35,979,000","35,677,500",1.40
385720,TIME 코스피액티브,20260818,373220,LG에너지솔루션,100.00,"36,950,000","35,100,000",1.38
385720,TIME 코스피액티브,20260818,006360,GS건설,"1,009.00","35,668,150","34,457,350",1.35
385720,TIME 코스피액티브,20260818,005490,POSCO홀딩스,100.00,"33,400,000","32,450,000",1.27
385720,TIME 코스피액티브,20260818,012450,한화에어로스페이스,28.00,"32,480,000","32,088,000",1.26
385720,TIME 코스피액티브,20260818,000810,삼성화재,50.00,"30,750,000","31,300,000",1.23
385720,TIME 코스피액티브,20260818,000150,두산,25.00,"31,900,000","31,250,000",1.23
385720,TIME 코스피액티브,20260818,034730,SK,51.00,"29,835,000","30,090,000",1.18
385720,TIME 코스피액티브,20260818,192820,코스맥스,120.00,"29,700,000","28,680,000",1.13
385720,TIME 코스피액티브,20260818,005380,현대차,65.00,"29,445,000","28,275,000",1.11
385720,TIME 코스피액티브,20260818,207940,삼성바이오로직스,18.00,"27,864,000","27,558,000",1.08
385720,TIME 코스피액티브,20260818,006260,LS,80.00,"25,880,000","27,480,000",1.08
385720,TIME 코스피액티브,20260818,005830,DB손해보험,149.00,"26,343,200","27,118,000",1.06
385720,TIME 코스피액티브,20260818,035420,NAVER,121.00,"27,588,000","26,257,000",1.03
385720,TIME 코스피액티브,20260818,079550,LIG디펜스앤에어로스페이스,33.00,"26,895,000","26,235,000",1.03
385720,TIME 코스피액티브,20260818,028260,삼성물산,70.00,"25,830,000","25,830,000",1.01
385720,TIME 코스피액티브,20260818,138040,메리츠금융지주,220.00,"25,674,000","25,784,000",1.01
385720,TIME 코스피액티브,20260818,033780,KT&G,140.00,"24,640,000","24,724,000",0.97
385720,TIME 코스피액티브,20260818,329180,HD현대중공업,50.00,"25,500,000","24,475,000",0.96
385720,TIME 코스피액티브,20260818,483650,달바글로벌,87.00,"19,879,500","19,140,000",0.75
385720,TIME 코스피액티브,20260818,009830,한화솔루션,506.00,"17,912,400","17,204,000",0.68
385720,TIME 코스피액티브,20260818,181710,NHN,241.00,"18,002,700","16,990,500",0.67
385720,TIME 코스피액티브,20260818,010120,LS ELECTRIC,80.00,"16,520,000","16,720,000",0.66
385720,TIME 코스피액티브,20260818,005940,NH투자증권,597.00,"17,163,750","16,417,500",0.64
385720,TIME 코스피액티브,20260818,068270,셀트리온,79.00,"15,879,000","15,444,500",0.61
385720,TIME 코스피액티브,20260818,KRD010010001,원화현금,-,-,"7,839,512",0.31
385720,TIME 코스피액티브,20260819,005930,삼성전자,"2,718.00","729,783,000","672,705,000",27.97
385720,TIME 코스피액티브,20260819,000660,SK하이닉스,340.00,"565,080,000","510,000,000",21.20
385720,TIME 코스피액티브,20260819,006400,삼성SDI,213.00,"103,944,000","103,731,000",4.31
385720,TIME 코스피액티브,20260819,105560,KB금융,590.00,"99,415,000","98,176,000",4.08
385720,TIME 코스피액티브,20260819,003230,삼양식품,55.00,"73,370,000","71,720,000",2.98
385720,TIME 코스피액티브,20260819,009150,삼성전기,50.00,"72,000,000","69,350,000",2.88
385720,TIME 코스피액티브,20260819,402340,SK스퀘어,54.00,"61,290,000","54,216,000",2.25
385720,TIME 코스피액티브,20260819,278470,에이피알,140.00,"55,510,000","53,690,000",2.23
385720,TIME 코스피액티브,20260819,017670,SK텔레콤,520.00,"51,896,000","50,960,000",2.12
385720,TIME 코스피액티브,20260819,032830,삼성생명,150.00,"46,575,000","41,400,000",1.72
385720,TIME 코스피액티브,20260819,373220,LG에너지솔루션,100.00,"35,100,000","35,750,000",1.49
385720,TIME 코스피액티브,20260819,006360,GS건설,"1,009.00","34,457,350","35,264,550",1.47
385720,TIME 코스피액티브,20260819,055550,신한지주,335.00,"35,677,500","35,175,000",1.46
385720,TIME 코스피액티브,20260819,071050,한국금융지주,190.00,"36,404,000","34,789,000",1.45
385720,TIME 코스피액티브,20260819,012450,한화에어로스페이스,28.00,"32,088,000","32,956,000",1.37
385720,TIME 코스피액티브,20260819,005490,POSCO홀딩스,100.00,"32,450,000","32,000,000",1.33
385720,TIME 코스피액티브,20260819,000810,삼성화재,50.00,"31,300,000","30,650,000",1.27
385720,TIME 코스피액티브,20260819,000150,두산,25.00,"31,250,000","29,825,000",1.24
385720,TIME 코스피액티브,20260819,192820,코스맥스,120.00,"28,680,000","29,520,000",1.23
385720,TIME 코스피액티브,20260819,034730,SK,51.00,"30,090,000","28,101,000",1.17
385720,TIME 코스피액티브,20260819,005830,DB손해보험,149.00,"27,118,000","27,937,500",1.16
385720,TIME 코스피액티브,20260819,207940,삼성바이오로직스,18.00,"27,558,000","27,792,000",1.16
385720,TIME 코스피액티브,20260819,005380,현대차,65.00,"28,275,000","26,910,000",1.12
385720,TIME 코스피액티브,20260819,006260,LS,80.00,"27,480,000","26,640,000",1.11
385720,TIME 코스피액티브,20260819,079550,LIG디펜스앤에어로스페이스,33.00,"26,235,000","26,268,000",1.09
385720,TIME 코스피액티브,20260819,138040,메리츠금융지주,220.00,"25,784,000","25,344,000",1.05
385720,TIME 코스피액티브,20260819,035420,NAVER,121.00,"26,257,000","25,168,000",1.05
385720,TIME 코스피액티브,20260819,033780,KT&G,140.00,"24,724,000","24,570,000",1.02
385720,TIME 코스피액티브,20260819,028260,삼성물산,70.00,"25,830,000","24,290,000",1.01
385720,TIME 코스피액티브,20260819,329180,HD현대중공업,50.00,"24,475,000","23,700,000",0.99
385720,TIME 코스피액티브,20260819,483650,달바글로벌,87.00,"19,140,000","18,966,000",0.79
385720,TIME 코스피액티브,20260819,181710,NHN,241.00,"16,990,500","17,954,500",0.75
385720,TIME 코스피액티브,20260819,009830,한화솔루션,506.00,"17,204,000","17,532,900",0.73
385720,TIME 코스피액티브,20260819,010120,LS ELECTRIC,80.00,"16,720,000","16,160,000",0.67
385720,TIME 코스피액티브,20260819,068270,셀트리온,79.00,"15,444,500","15,333,900",0.64
385720,TIME 코스피액티브,20260819,KRD010010001,원화현금,-,-,"10,698,037",0.44
385720,TIME 코스피액티브,20260820,005930,삼성전자,"2,718.00","672,705,000","736,578,000",28.85
385720,TIME 코스피액티브,20260820,000660,SK하이닉스,340.00,"510,000,000","574,940,000",22.52
385720,TIME 코스피액티브,20260820,006400,삼성SDI,213.00,"103,731,000","106,393,500",4.17
385720,TIME 코스피액티브,20260820,105560,KB금융,590.00,"98,176,000","94,400,000",3.70
385720,TIME 코스피액티브,20260820,003230,삼양식품,55.00,"71,720,000","76,835,000",3.01
385720,TIME 코스피액티브,20260820,009150,삼성전기,50.00,"69,350,000","69,800,000",2.73
385720,TIME 코스피액티브,20260820,402340,SK스퀘어,54.00,"54,216,000","60,642,000",2.38
385720,TIME 코스피액티브,20260820,278470,에이피알,140.00,"53,690,000","54,040,000",2.12
385720,TIME 코스피액티브,20260820,017670,SK텔레콤,520.00,"50,960,000","50,232,000",1.97
385720,TIME 코스피액티브,20260820,032830,삼성생명,150.00,"41,400,000","44,550,000",1.74
385720,TIME 코스피액티브,20260820,006360,GS건설,"1,009.00","35,264,550","35,920,400",1.41
385720,TIME 코스피액티브,20260820,373220,LG에너지솔루션,100.00,"35,750,000","35,800,000",1.40
385720,TIME 코스피액티브,20260820,071050,한국금융지주,190.00,"34,789,000","35,492,000",1.39
385720,TIME 코스피액티브,20260820,055550,신한지주,335.00,"35,175,000","33,868,500",1.33
385720,TIME 코스피액티브,20260820,012450,한화에어로스페이스,28.00,"32,956,000","32,676,000",1.28
385720,TIME 코스피액티브,20260820,005490,POSCO홀딩스,100.00,"32,000,000","32,150,000",1.26
385720,TIME 코스피액티브,20260820,192820,코스맥스,120.00,"29,520,000","31,260,000",1.22
385720,TIME 코스피액티브,20260820,000810,삼성화재,50.00,"30,650,000","31,100,000",1.22
385720,TIME 코스피액티브,20260820,000150,두산,25.00,"29,825,000","29,450,000",1.15
385720,TIME 코스피액티브,20260820,034730,SK,51.00,"28,101,000","28,968,000",1.13
385720,TIME 코스피액티브,20260820,207940,삼성바이오로직스,18.00,"27,792,000","28,332,000",1.11
385720,TIME 코스피액티브,20260820,005380,현대차,65.00,"26,910,000","27,137,500",1.06
385720,TIME 코스피액티브,20260820,035420,NAVER,121.00,"25,168,000","26,559,500",1.04
385720,TIME 코스피액티브,20260820,005830,DB손해보험,149.00,"27,937,500","26,432,600",1.04
385720,TIME 코스피액티브,20260820,028260,삼성물산,70.00,"24,290,000","26,180,000",1.03
385720,TIME 코스피액티브,20260820,079550,LIG디펜스앤에어로스페이스,33.00,"26,268,000","25,971,000",1.02
385720,TIME 코스피액티브,20260820,138040,메리츠금융지주,220.00,"25,344,000","25,344,000",0.99
385720,TIME 코스피액티브,20260820,006260,LS,80.00,"26,640,000","25,080,000",0.98
385720,TIME 코스피액티브,20260820,033780,KT&G,140.00,"24,570,000","24,066,000",0.94
385720,TIME 코스피액티브,20260820,329180,HD현대중공업,50.00,"23,700,000","23,775,000",0.93
385720,TIME 코스피액티브,20260820,483650,달바글로벌,87.00,"18,966,000","19,575,000",0.77
385720,TIME 코스피액티브,20260820,009830,한화솔루션,506.00,"17,532,900","17,811,200",0.70
385720,TIME 코스피액티브,20260820,181710,NHN,241.00,"17,954,500","17,327,900",0.68
385720,TIME 코스피액티브,20260820,010120,LS ELECTRIC,80.00,"16,160,000","15,936,000",0.62
385720,TIME 코스피액티브,20260820,068270,셀트리온,79.00,"15,333,900","15,333,900",0.60
385720,TIME 코스피액티브,20260820,KRD010010001,원화현금,-,-,"13,135,177",0.51
385720,TIME 코스피액티브,20260821,005930,삼성전자,"2,718.00","736,578,000","765,117,000",29.65
385720,TIME 코스피액티브,20260821,000660,SK하이닉스,340.00,"574,940,000","588,200,000",22.79
385720,TIME 코스피액티브,20260821,006400,삼성SDI,213.00,"106,393,500","101,814,000",3.95
385720,TIME 코스피액티브,20260821,105560,KB금융,590.00,"94,400,000","96,937,000",3.76
385720,TIME 코스피액티브,20260821,003230,삼양식품,55.00,"76,835,000","75,130,000",2.91
385720,TIME 코스피액티브,20260821,009150,삼성전기,50.00,"69,800,000","65,800,000",2.55
385720,TIME 코스피액티브,20260821,402340,SK스퀘어,54.00,"60,642,000","60,642,000",2.35
385720,TIME 코스피액티브,20260821,278470,에이피알,140.00,"54,040,000","53,900,000",2.09
385720,TIME 코스피액티브,20260821,017670,SK텔레콤,520.00,"50,232,000","53,144,000",2.06
385720,TIME 코스피액티브,20260821,032830,삼성생명,150.00,"44,550,000","49,275,000",1.91
385720,TIME 코스피액티브,20260821,071050,한국금융지주,190.00,"35,492,000","35,055,000",1.36
385720,TIME 코스피액티브,20260821,055550,신한지주,335.00,"33,868,500","34,873,500",1.35
385720,TIME 코스피액티브,20260821,373220,LG에너지솔루션,100.00,"35,800,000","34,350,000",1.33
385720,TIME 코스피액티브,20260821,006360,GS건설,"1,009.00","35,920,400","33,549,250",1.30
385720,TIME 코스피액티브,20260821,000810,삼성화재,50.00,"31,100,000","33,050,000",1.28
385720,TIME 코스피액티브,20260821,192820,코스맥스,120.00,"31,260,000","32,520,000",1.26
385720,TIME 코스피액티브,20260821,005490,POSCO홀딩스,100.00,"32,150,000","31,000,000",1.20
385720,TIME 코스피액티브,20260821,012450,한화에어로스페이스,28.00,"32,676,000","30,380,000",1.18
385720,TIME 코스피액티브,20260821,034730,SK,51.00,"28,968,000","29,886,000",1.16
385720,TIME 코스피액티브,20260821,207940,삼성바이오로직스,18.00,"28,332,000","27,918,000",1.08
385720,TIME 코스피액티브,20260821,028260,삼성물산,70.00,"26,180,000","27,685,000",1.07
385720,TIME 코스피액티브,20260821,005380,현대차,65.00,"27,137,500","26,975,000",1.05
385720,TIME 코스피액티브,20260821,000150,두산,25.00,"29,450,000","26,950,000",1.04
385720,TIME 코스피액티브,20260821,035420,NAVER,121.00,"26,559,500","26,862,000",1.04
385720,TIME 코스피액티브,20260821,005830,DB손해보험,149.00,"26,432,600","26,492,200",1.03
385720,TIME 코스피액티브,20260821,138040,메리츠금융지주,220.00,"25,344,000","25,388,000",0.98
385720,TIME 코스피액티브,20260821,033780,KT&G,140.00,"24,066,000","24,122,000",0.93
385720,TIME 코스피액티브,20260821,006260,LS,80.00,"25,080,000","23,480,000",0.91
385720,TIME 코스피액티브,20260821,079550,LIG디펜스앤에어로스페이스,33.00,"25,971,000","22,935,000",0.89
385720,TIME 코스피액티브,20260821,329180,HD현대중공업,50.00,"23,775,000","22,650,000",0.88
385720,TIME 코스피액티브,20260821,483650,달바글로벌,87.00,"19,575,000","18,835,500",0.73
385720,TIME 코스피액티브,20260821,181710,NHN,241.00,"17,327,900","18,123,200",0.70
385720,TIME 코스피액티브,20260821,009830,한화솔루션,506.00,"17,811,200","16,217,300",0.63
385720,TIME 코스피액티브,20260821,068270,셀트리온,79.00,"15,333,900","15,191,700",0.59
385720,TIME 코스피액티브,20260821,010120,LS ELECTRIC,80.00,"15,936,000","14,960,000",0.58
385720,TIME 코스피액티브,20260821,KRD010010001,원화현금,-,-,"11,054,521",0.43
364690,KODEX 혁신기술테마액티브,20260818,005930,삼성전자,"3,709.00","1,018,120,500","995,866,500",25.28
364690,KODEX 혁신기술테마액티브,20260818,000660,SK하이닉스,431.00,"708,995,000","716,322,000",18.18
364690,KODEX 혁신기술테마액티브,20260818,009150,삼성전기,201.00,"313,158,000","289,440,000",7.35
364690,KODEX 혁신기술테마액티브,20260818,402340,SK스퀘어,178.00,"205,412,000","202,030,000",5.13
364690,KODEX 혁신기술테마액티브,20260818,012450,한화에어로스페이스,156.00,"180,960,000","178,776,000",4.54
364690,KODEX 혁신기술테마액티브,20260818,011070,LG이노텍,228.00,"149,112,000","144,324,000",3.66
364690,KODEX 혁신기술테마액티브,20260818,207940,삼성바이오로직스,53.00,"82,044,000","81,143,000",2.06
364690,KODEX 혁신기술테마액티브,20260818,267260,HD현대일렉트릭,101.00,"81,103,000","79,285,000",2.01
364690,KODEX 혁신기술테마액티브,20260818,005380,현대차,152.00,"68,856,000","66,120,000",1.68
364690,KODEX 혁신기술테마액티브,20260818,047810,한국항공우주,462.00,"67,636,800","64,680,000",1.64
364690,KODEX 혁신기술테마액티브,20260818,034020,두산에너빌리티,793.00,"65,501,800","61,774,700",1.57
364690,KODEX 혁신기술테마액티브,20260818,034730,SK,81.00,"47,385,000","47,790,000",1.21
364690,KODEX 혁신기술테마액티브,20260818,009540,HD한국조선해양,118.00,"45,548,000","44,191,000",1.12
364690,KODEX 혁신기술테마액티브,20260818,012330,현대모비스,82.00,"44,854,000","42,476,000",1.08
364690,KODEX 혁신기술테마액티브,20260818,000270,기아,300.00,"42,510,000","41,160,000",1.04
364690,KODEX 혁신기술테마액티브,20260818,066570,LG전자,196.00,"42,140,000","40,768,000",1.03
364690,KODEX 혁신기술테마액티브,20260818,105560,KB금융,190.00,"32,015,000","32,015,000",0.81
364690,KODEX 혁신기술테마액티브,20260818,373220,LG에너지솔루션,91.00,"33,624,500","31,941,000",0.81
364690,KODEX 혁신기술테마액티브,20260818,003550,LG,264.00,"31,680,000","29,752,800",0.76
364690,KODEX 혁신기술테마액티브,20260818,032830,삼성생명,91.00,"27,391,000","28,255,500",0.72
364690,KODEX 혁신기술테마액티브,20260818,017670,SK텔레콤,276.00,"27,738,000","27,544,800",0.70
364690,KODEX 혁신기술테마액티브,20260818,005490,POSCO홀딩스,84.00,"28,056,000","27,258,000",0.69
364690,KODEX 혁신기술테마액티브,20260818,032640,LG유플러스,"1,819.00","27,394,140","27,157,670",0.69
364690,KODEX 혁신기술테마액티브,20260818,055550,신한지주,236.00,"25,346,400","25,134,000",0.64
364690,KODEX 혁신기술테마액티브,20260818,051910,LG화학,86.00,"24,123,000","23,263,000",0.59
364690,KODEX 혁신기술테마액티브,20260818,010950,S-Oil,139.00,"20,516,400","21,350,400",0.54
364690,KODEX 혁신기술테마액티브,20260818,138040,메리츠금융지주,181.00,"21,122,700","21,213,200",0.54
364690,KODEX 혁신기술테마액티브,20260818,030200,KT,298.00,"15,913,200","16,181,400",0.41
364690,KODEX 혁신기술테마액티브,20260818,004800,효성,93.00,"15,782,100","15,558,900",0.39
364690,KODEX 혁신기술테마액티브,20260818,010120,LS ELECTRIC,70.00,"14,455,000","14,630,000",0.37
364690,KODEX 혁신기술테마액티브,20260818,0126Z0,삼성에피스홀딩스,36.00,"15,606,000","13,842,000",0.35
364690,KODEX 혁신기술테마액티브,20260818,000150,두산,11.00,"14,036,000","13,750,000",0.35
364690,KODEX 혁신기술테마액티브,20260818,000810,삼성화재,21.00,"12,915,000","13,146,000",0.33
364690,KODEX 혁신기술테마액티브,20260818,009830,한화솔루션,380.00,"13,452,000","12,920,000",0.33
364690,KODEX 혁신기술테마액티브,20260818,489790,한화비전,208.00,"11,086,400","11,294,400",0.29
364690,KODEX 혁신기술테마액티브,20260818,014680,한솔케미칼,53.00,"11,580,500","11,156,500",0.28
364690,KODEX 혁신기술테마액티브,20260818,033780,KT&G,63.00,"11,088,000","11,125,800",0.28
364690,KODEX 혁신기술테마액티브,20260818,010130,고려아연,9.00,"10,764,000","10,971,000",0.28
364690,KODEX 혁신기술테마액티브,20260818,006800,미래에셋증권,292.00,"10,993,800","10,614,200",0.27
364690,KODEX 혁신기술테마액티브,20260818,074600,원익QnC,365.00,"10,639,750","10,147,000",0.26
364690,KODEX 혁신기술테마액티브,20260818,035420,NAVER,45.00,"10,260,000","9,765,000",0.25
364690,KODEX 혁신기술테마액티브,20260818,010140,삼성중공업,437.00,"9,745,100","9,286,250",0.24
364690,KODEX 혁신기술테마액티브,20260818,272210,한화시스템,116.00,"9,314,800","9,268,400",0.24
364690,KODEX 혁신기술테마액티브,20260818,267250,HD현대,36.00,"8,478,000","8,442,000",0.21
364690,KODEX 혁신기술테마액티브,20260818,018260,삼성에스디에스,35.00,"8,522,500","7,997,500",0.20
364690,KODEX 혁신기술테마액티브,20260818,126700,하이비젼시스템,755.00,"8,456,000","7,957,700",0.20
364690,KODEX 혁신기술테마액티브,20260818,064350,현대로템,50.00,"7,345,000","7,160,000",0.18
364690,KODEX 혁신기술테마액티브,20260818,086280,현대글로비스,34.00,"7,174,000","7,021,000",0.18
364690,KODEX 혁신기술테마액티브,20260818,003670,포스코퓨처엠,39.00,"6,649,500","6,255,600",0.16
364690,KODEX 혁신기술테마액티브,20260818,000990,DB하이텍,64.00,"6,579,200","6,246,400",0.16
364690,KODEX 혁신기술테마액티브,20260818,096770,SK이노베이션,45.00,"5,791,500","5,917,500",0.15
364690,KODEX 혁신기술테마액티브,20260818,042660,한화오션,65.00,"6,227,000","5,908,500",0.15
364690,KODEX 혁신기술테마액티브,20260818,307950,현대오토에버,13.00,"6,363,500","5,863,000",0.15
364690,KODEX 혁신기술테마액티브,20260818,005830,DB손해보험,32.00,"5,657,600","5,824,000",0.15
364690,KODEX 혁신기술테마액티브,20260818,000720,현대건설,52.00,"6,021,600","5,725,200",0.15
364690,KODEX 혁신기술테마액티브,20260818,035720,카카오,136.00,"5,440,000","5,202,000",0.13
364690,KODEX 혁신기술테마액티브,20260818,006260,LS,15.00,"4,852,500","5,152,500",0.13
364690,KODEX 혁신기술테마액티브,20260818,071050,한국금융지주,25.00,"5,100,000","4,790,000",0.12
364690,KODEX 혁신기술테마액티브,20260818,028050,삼성E&A,90.00,"4,482,000","4,311,000",0.11
364690,KODEX 혁신기술테마액티브,20260818,161390,한국타이어앤테크놀로지,57.00,"4,081,200","3,938,700",0.10
364690,KODEX 혁신기술테마액티브,20260818,011200,HMM,158.00,"3,357,500","3,578,700",0.09
364690,KODEX 혁신기술테마액티브,20260818,090430,아모레퍼시픽,27.00,"3,663,900","3,569,400",0.09
364690,KODEX 혁신기술테마액티브,20260818,180640,한진칼,30.00,"3,600,000","3,567,000",0.09
364690,KODEX 혁신기술테마액티브,20260818,016360,삼성증권,40.00,"3,720,000","3,552,000",0.09
364690,KODEX 혁신기술테마액티브,20260818,005940,NH투자증권,129.00,"3,708,750","3,547,500",0.09
364690,KODEX 혁신기술테마액티브,20260818,329180,HD현대중공업,7.00,"3,570,000","3,426,500",0.09
364690,KODEX 혁신기술테마액티브,20260818,039490,키움증권,12.00,"3,606,000","3,402,000",0.09
364690,KODEX 혁신기술테마액티브,20260818,021240,코웨이,34.00,"3,338,800","3,281,000",0.08
364690,KODEX 혁신기술테마액티브,20260818,047040,대우건설,190.00,"3,421,900","3,262,300",0.08
364690,KODEX 혁신기술테마액티브,20260818,326030,SK바이오팜,36.00,"3,142,800","3,067,200",0.08
364690,KODEX 혁신기술테마액티브,20260818,042700,한미반도체,13.00,"2,977,000","2,977,000",0.08
364690,KODEX 혁신기술테마액티브,20260818,241560,두산밥캣,46.00,"3,040,600","2,957,800",0.08
364690,KODEX 혁신기술테마액티브,20260818,006400,삼성SDI,6.00,"3,096,000","2,928,000",0.07
364690,KODEX 혁신기술테마액티브,20260818,352820,하이브,17.00,"3,049,800","2,920,600",0.07
364690,KODEX 혁신기술테마액티브,20260818,064800,포니링크,"1,253.00","2,712,745","2,919,490",0.07
364690,KODEX 혁신기술테마액티브,20260818,047050,포스코인터내셔널,56.00,"2,984,800","2,878,400",0.07
364690,KODEX 혁신기술테마액티브,20260818,000100,유한양행,36.00,"3,013,200","2,865,600",0.07
364690,KODEX 혁신기술테마액티브,20260818,029780,삼성카드,52.00,"2,524,600","2,493,400",0.06
364690,KODEX 혁신기술테마액티브,20260818,001440,대한전선,85.00,"2,545,750","2,439,500",0.06
364690,KODEX 혁신기술테마액티브,20260818,128940,한미약품,6.00,"2,391,000","2,352,000",0.06
364690,KODEX 혁신기술테마액티브,20260818,036570,NC,10.00,"2,475,000","2,300,000",0.06
364690,KODEX 혁신기술테마액티브,20260818,271560,오리온,18.00,"2,412,000","2,251,800",0.06
364690,KODEX 혁신기술테마액티브,20260818,138930,BNK금융지주,149.00,"2,254,370","2,208,180",0.06
364690,KODEX 혁신기술테마액티브,20260818,088350,한화생명,397.00,"2,235,110","2,191,440",0.06
364690,KODEX 혁신기술테마액티브,20260818,010060,OCI홀딩스,8.00,"2,232,000","2,180,000",0.06
364690,KODEX 혁신기술테마액티브,20260818,004170,신세계,5.00,"2,135,000","2,122,500",0.05
364690,KODEX 혁신기술테마액티브,20260818,034220,LG디스플레이,216.00,"2,218,320","2,112,480",0.05
364690,KODEX 혁신기술테마액티브,20260818,051900,LG생활건강,7.00,"2,152,500","2,100,000",0.05
364690,KODEX 혁신기술테마액티브,20260818,001450,현대해상,41.00,"1,859,350","2,037,700",0.05
364690,KODEX 혁신기술테마액티브,20260818,246710,티앤알바이오팹,808.00,"2,080,600","1,995,760",0.05
364690,KODEX 혁신기술테마액티브,20260818,011790,SKC,22.00,"1,975,600","1,896,400",0.05
364690,KODEX 혁신기술테마액티브,20260818,002380,KCC,4.00,"1,862,000","1,818,000",0.05
364690,KODEX 혁신기술테마액티브,20260818,011780,금호석유화학,14.00,"1,828,400","1,771,000",0.04
364690,KODEX 혁신기술테마액티브,20260818,004020,현대제철,61.00,"1,823,900","1,747,650",0.04
364690,KODEX 혁신기술테마액티브,20260818,001040,CJ,13.00,"1,795,300","1,649,700",0.04
364690,KODEX 혁신기술테마액티브,20260818,111770,영원무역,20.00,"1,718,000","1,618,000",0.04
364690,KODEX 혁신기술테마액티브,20260818,251270,넷마블,39.00,"1,524,900","1,480,050",0.04
364690,KODEX 혁신기술테마액티브,20260818,028670,팬오션,244.00,"1,412,760","1,473,760",0.04
364690,KODEX 혁신기술테마액티브,20260818,267270,HD건설기계,11.00,"1,524,600","1,468,500",0.04
364690,KODEX 혁신기술테마액티브,20260818,008930,한미사이언스,32.00,"1,417,600","1,427,200",0.04
364690,KODEX 혁신기술테마액티브,20260818,035250,강원랜드,98.00,"1,429,820","1,416,100",0.04
364690,KODEX 혁신기술테마액티브,20260818,017800,현대엘리베이터,19.00,"1,377,500","1,411,700",0.04
364690,KODEX 혁신기술테마액티브,20260818,009420,한올바이오파마,24.00,"1,432,800","1,408,800",0.04
364690,KODEX 혁신기술테마액티브,20260818,012750,에스원,17.00,"1,320,900","1,317,500",0.03
364690,KODEX 혁신기술테마액티브,20260818,383220,F&F,20.00,"1,340,000","1,298,000",0.03
364690,KODEX 혁신기술테마액티브,20260818,161890,한국콜마,10.00,"1,367,000","1,297,000",0.03
364690,KODEX 혁신기술테마액티브,20260818,097950,CJ제일제당,7.00,"1,297,800","1,283,800",0.03
364690,KODEX 혁신기술테마액티브,20260818,005850,에스엘,22.00,"1,355,200","1,282,600",0.03
364690,KODEX 혁신기술테마액티브,20260818,302440,SK바이오사이언스,35.00,"1,317,750","1,277,500",0.03
364690,KODEX 혁신기술테마액티브,20260818,375500,DL이앤씨,18.00,"1,328,400","1,270,800",0.03
364690,KODEX 혁신기술테마액티브,20260818,181710,NHN,18.00,"1,344,600","1,269,000",0.03
364690,KODEX 혁신기술테마액티브,20260818,004370,농심,3.00,"1,312,500","1,260,000",0.03
364690,KODEX 혁신기술테마액티브,20260818,018880,한온시스템,343.00,"1,310,260","1,253,665",0.03
364690,KODEX 혁신기술테마액티브,20260818,081660,미스토홀딩스,28.00,"1,190,000","1,218,000",0.03
364690,KODEX 혁신기술테마액티브,20260818,003690,코리안리,79.00,"1,207,910","1,203,170",0.03
364690,KODEX 혁신기술테마액티브,20260818,192820,코스맥스,5.00,"1,237,500","1,195,000",0.03
364690,KODEX 혁신기술테마액티브,20260818,026960,동서,46.00,"1,209,800","1,186,800",0.03
364690,KODEX 혁신기술테마액티브,20260818,282330,BGF리테일,8.00,"1,161,600","1,145,600",0.03
364690,KODEX 혁신기술테마액티브,20260818,004990,롯데지주,48.00,"1,166,400","1,123,200",0.03
364690,KODEX 혁신기술테마액티브,20260818,204320,HL만도,21.00,"1,199,100","1,117,200",0.03
364690,KODEX 혁신기술테마액티브,20260818,069960,현대백화점,11.00,"1,124,200","1,100,000",0.03
364690,KODEX 혁신기술테마액티브,20260818,336260,두산퓨얼셀,30.00,"1,135,500","1,086,000",0.03
364690,KODEX 혁신기술테마액티브,20260818,000240,한국앤컴퍼니,43.00,"1,128,750","1,081,450",0.03
364690,KODEX 혁신기술테마액티브,20260818,011170,롯데케미칼,19.00,"1,086,800","1,058,300",0.03
364690,KODEX 혁신기술테마액티브,20260818,073240,금호타이어,131.00,"1,066,340","1,020,490",0.03
364690,KODEX 혁신기술테마액티브,20260818,139480,이마트,13.00,"1,025,700","989,300",0.03
364690,KODEX 혁신기술테마액티브,20260818,030000,제일기획,52.00,"986,960","980,200",0.02
364690,KODEX 혁신기술테마액티브,20260818,018670,SK가스,4.00,"976,000","968,000",0.02
364690,KODEX 혁신기술테마액티브,20260818,002790,아모레퍼시픽홀딩스,38.00,"1,001,300","959,500",0.02
364690,KODEX 혁신기술테마액티브,20260818,487570,HS효성,20.00,"958,000","934,000",0.02
364690,KODEX 혁신기술테마액티브,20260818,003240,태광산업,1.00,"930,000","896,000",0.02
364690,KODEX 혁신기술테마액티브,20260818,112610,씨에스윈드,19.00,"890,150","868,300",0.02
364690,KODEX 혁신기술테마액티브,20260818,001740,SK네트웍스,113.00,"857,670","839,590",0.02
364690,KODEX 혁신기술테마액티브,20260818,023590,다우기술,21.00,"845,250","829,500",0.02
364690,KODEX 혁신기술테마액티브,20260818,011210,현대위아,12.00,"813,600","766,800",0.02
364690,KODEX 혁신기술테마액티브,20260818,007070,GS리테일,28.00,"775,600","763,000",0.02
364690,KODEX 혁신기술테마액티브,20260818,000120,CJ대한통운,10.00,"772,000","753,000",0.02
364690,KODEX 혁신기술테마액티브,20260818,001800,오리온홀딩스,29.00,"777,200","748,200",0.02
364690,KODEX 혁신기술테마액티브,20260818,008770,호텔신라,17.00,"771,800","742,050",0.02
364690,KODEX 혁신기술테마액티브,20260818,001120,LX인터내셔널,18.00,"680,400","693,000",0.02
364690,KODEX 혁신기술테마액티브,20260818,001430,세아베스틸지주,16.00,"720,000","689,600",0.02
364690,KODEX 혁신기술테마액티브,20260818,020150,롯데에너지머티리얼즈,21.00,"723,450","679,350",0.02
364690,KODEX 혁신기술테마액티브,20260818,120110,코오롱인더,12.00,"663,600","672,000",0.02
364690,KODEX 혁신기술테마액티브,20260818,007310,오뚜기,2.00,"674,000","652,000",0.02
364690,KODEX 혁신기술테마액티브,20260818,298020,효성티앤씨,2.00,"661,000","645,000",0.02
364690,KODEX 혁신기술테마액티브,20260818,006280,녹십자,5.00,"646,000","609,000",0.02
364690,KODEX 혁신기술테마액티브,20260818,069620,대웅제약,5.00,"623,000","592,500",0.02
364690,KODEX 혁신기술테마액티브,20260818,004000,롯데정밀화학,12.00,"565,200","556,200",0.01
364690,KODEX 혁신기술테마액티브,20260818,192080,더블유게임즈,9.00,"554,400","529,200",0.01
364690,KODEX 혁신기술테마액티브,20260818,000210,DL,10.00,"519,000","507,000",0.01
364690,KODEX 혁신기술테마액티브,20260818,000080,하이트진로,32.00,"507,200","492,480",0.01
364690,KODEX 혁신기술테마액티브,20260818,361610,SK아이이테크놀로지,33.00,"513,150","485,430",0.01
364690,KODEX 혁신기술테마액티브,20260818,006120,SK디스커버리,9.00,"474,300","483,300",0.01
364690,KODEX 혁신기술테마액티브,20260818,003090,대웅,27.00,"488,970","468,450",0.01
364690,KODEX 혁신기술테마액티브,20260818,003530,한화투자증권,98.00,"468,440","445,900",0.01
364690,KODEX 혁신기술테마액티브,20260818,009240,한샘,11.00,"445,500","438,900",0.01
364690,KODEX 혁신기술테마액티브,20260818,285130,SK케미칼,8.00,"400,000","383,600",0.01
364690,KODEX 혁신기술테마액티브,20260818,000670,영풍,10.00,"381,000","382,000",0.01
364690,KODEX 혁신기술테마액티브,20260818,214320,이노션,18.00,"347,940","343,980",0.01
364690,KODEX 혁신기술테마액티브,20260818,298050,HS효성첨단소재,2.00,"355,400","340,200",0.01
364690,KODEX 혁신기술테마액티브,20260818,005440,현대지에프홀딩스,29.00,"345,680","333,790",0.01
364690,KODEX 혁신기술테마액티브,20260818,185750,종근당,5.00,"341,500","333,500",0.01
364690,KODEX 혁신기술테마액티브,20260818,004490,세방전지,6.00,"348,000","330,600",0.01
364690,KODEX 혁신기술테마액티브,20260818,005690,파미셀,27.00,"321,570","320,490",0.01
364690,KODEX 혁신기술테마액티브,20260818,456040,OCI,4.00,"323,600","319,200",0.01
364690,KODEX 혁신기술테마액티브,20260818,248070,솔루엠,23.00,"339,710","312,340",0.01
364690,KODEX 혁신기술테마액티브,20260818,005880,대한해운,146.00,"297,110","302,950",0.01
364690,KODEX 혁신기술테마액티브,20260818,001680,대상,16.00,"293,920","280,160",0.01
364690,KODEX 혁신기술테마액티브,20260818,003850,보령,31.00,"284,270","279,000",0.01
364690,KODEX 혁신기술테마액티브,20260818,453340,현대그린푸드,15.00,"278,700","275,850",0.01
364690,KODEX 혁신기술테마액티브,20260818,002840,미원상사,2.00,"258,800","260,600",0.01
364690,KODEX 혁신기술테마액티브,20260818,006650,대한유화,3.00,"274,200","259,200",0.01
364690,KODEX 혁신기술테마액티브,20260818,014820,동원시스템즈,12.00,"264,600","258,000",0.01
364690,KODEX 혁신기술테마액티브,20260818,460860,동국제강,26.00,"256,360","251,160",0.01
364690,KODEX 혁신기술테마액티브,20260818,016380,KG스틸,46.00,"261,740","248,860",0.01
364690,KODEX 혁신기술테마액티브,20260818,499790,GS피앤엘,6.00,"253,800","246,300",0.01
364690,KODEX 혁신기술테마액티브,20260818,336370,솔루스첨단소재,32.00,"256,960","241,600",0.01
364690,KODEX 혁신기술테마액티브,20260818,010780,아이에스동서,14.00,"234,220","220,220",0.01
364690,KODEX 혁신기술테마액티브,20260818,005250,녹십자홀딩스,21.00,"225,750","211,680",0.01
364690,KODEX 혁신기술테마액티브,20260818,003000,부광약품,43.00,"189,845","180,600",0.00
364690,KODEX 혁신기술테마액티브,20260818,031430,신세계인터내셔날,15.00,"165,150","160,350",0.00
364690,KODEX 혁신기술테마액티브,20260818,009900,명신산업,19.00,"154,280","158,840",0.00
364690,KODEX 혁신기술테마액티브,20260818,003520,영진약품,84.00,"109,872","105,504",0.00
364690,KODEX 혁신기술테마액티브,20260818,460850,동국씨엠,16.00,"86,240","84,320",0.00
364690,KODEX 혁신기술테마액티브,20260818,001230,동국홀딩스,41.00,"79,991","80,565",0.00
364690,KODEX 혁신기술테마액티브,20260818,013890,지누스,8.00,"64,480","62,880",0.00
364690,KODEX 혁신기술테마액티브,20260818,KRD010010001,원화현금,-,-,"91,789,701",2.33
364690,KODEX 혁신기술테마액티브,20260819,005930,삼성전자,"3,709.00","995,866,500","917,977,500",24.67
364690,KODEX 혁신기술테마액티브,20260819,000660,SK하이닉스,431.00,"716,322,000","646,500,000",17.37
364690,KODEX 혁신기술테마액티브,20260819,009150,삼성전기,201.00,"289,440,000","278,787,000",7.49
364690,KODEX 혁신기술테마액티브,20260819,012450,한화에어로스페이스,156.00,"178,776,000","183,612,000",4.93
364690,KODEX 혁신기술테마액티브,20260819,402340,SK스퀘어,178.00,"202,030,000","178,712,000",4.80
364690,KODEX 혁신기술테마액티브,20260819,011070,LG이노텍,228.00,"144,324,000","137,484,000",3.69
364690,KODEX 혁신기술테마액티브,20260819,207940,삼성바이오로직스,53.00,"81,143,000","81,832,000",2.20
364690,KODEX 혁신기술테마액티브,20260819,267260,HD현대일렉트릭,101.00,"79,285,000","75,952,000",2.04
364690,KODEX 혁신기술테마액티브,20260819,005380,현대차,152.00,"66,120,000","62,928,000",1.69
364690,KODEX 혁신기술테마액티브,20260819,047810,한국항공우주,462.00,"64,680,000","62,693,400",1.68
364690,KODEX 혁신기술테마액티브,20260819,034020,두산에너빌리티,793.00,"61,774,700","60,426,600",1.62
364690,KODEX 혁신기술테마액티브,20260819,034730,SK,81.00,"47,790,000","44,631,000",1.20
364690,KODEX 혁신기술테마액티브,20260819,009540,HD한국조선해양,118.00,"44,191,000","43,306,000",1.16
364690,KODEX 혁신기술테마액티브,20260819,012330,현대모비스,82.00,"42,476,000","41,738,000",1.12
364690,KODEX 혁신기술테마액티브,20260819,000270,기아,300.00,"41,160,000","39,900,000",1.07
364690,KODEX 혁신기술테마액티브,20260819,066570,LG전자,196.00,"40,768,000","39,494,000",1.06
364690,KODEX 혁신기술테마액티브,20260819,373220,LG에너지솔루션,91.00,"31,941,000","32,532,500",0.87
364690,KODEX 혁신기술테마액티브,20260819,105560,KB금융,190.00,"32,015,000","31,616,000",0.85
364690,KODEX 혁신기술테마액티브,20260819,003550,LG,264.00,"29,752,800","29,092,800",0.78
364690,KODEX 혁신기술테마액티브,20260819,017670,SK텔레콤,276.00,"27,544,800","27,048,000",0.73
364690,KODEX 혁신기술테마액티브,20260819,005490,POSCO홀딩스,84.00,"27,258,000","26,880,000",0.72
364690,KODEX 혁신기술테마액티브,20260819,032640,LG유플러스,"1,819.00","27,157,670","26,793,870",0.72
364690,KODEX 혁신기술테마액티브,20260819,032830,삼성생명,91.00,"28,255,500","25,116,000",0.67
364690,KODEX 혁신기술테마액티브,20260819,055550,신한지주,236.00,"25,134,000","24,780,000",0.67
364690,KODEX 혁신기술테마액티브,20260819,051910,LG화학,86.00,"23,263,000","22,876,000",0.61
364690,KODEX 혁신기술테마액티브,20260819,010950,S-Oil,139.00,"21,350,400","21,072,400",0.57
364690,KODEX 혁신기술테마액티브,20260819,138040,메리츠금융지주,181.00,"21,213,200","20,851,200",0.56
364690,KODEX 혁신기술테마액티브,20260819,030200,KT,298.00,"16,181,400","15,674,800",0.42
364690,KODEX 혁신기술테마액티브,20260819,004800,효성,93.00,"15,558,900","15,121,800",0.41
364690,KODEX 혁신기술테마액티브,20260819,010120,LS ELECTRIC,70.00,"14,630,000","14,140,000",0.38
364690,KODEX 혁신기술테마액티브,20260819,009830,한화솔루션,380.00,"12,920,000","13,167,000",0.35
364690,KODEX 혁신기술테마액티브,20260819,000150,두산,11.00,"13,750,000","13,123,000",0.35
364690,KODEX 혁신기술테마액티브,20260819,0126Z0,삼성에피스홀딩스,36.00,"13,842,000","13,086,000",0.35
364690,KODEX 혁신기술테마액티브,20260819,000810,삼성화재,21.00,"13,146,000","12,873,000",0.35
364690,KODEX 혁신기술테마액티브,20260819,033780,KT&G,63.00,"11,125,800","11,056,500",0.30
364690,KODEX 혁신기술테마액티브,20260819,489790,한화비전,208.00,"11,294,400","10,878,400",0.29
364690,KODEX 혁신기술테마액티브,20260819,014680,한솔케미칼,53.00,"11,156,500","10,732,500",0.29
364690,KODEX 혁신기술테마액티브,20260819,010130,고려아연,9.00,"10,971,000","10,305,000",0.28
364690,KODEX 혁신기술테마액티브,20260819,006800,미래에셋증권,292.00,"10,614,200","10,132,400",0.27
364690,KODEX 혁신기술테마액티브,20260819,074600,원익QnC,365.00,"10,147,000","9,982,750",0.27
364690,KODEX 혁신기술테마액티브,20260819,035420,NAVER,45.00,"9,765,000","9,360,000",0.25
364690,KODEX 혁신기술테마액티브,20260819,010140,삼성중공업,437.00,"9,286,250","9,002,200",0.24
364690,KODEX 혁신기술테마액티브,20260819,272210,한화시스템,116.00,"9,268,400","8,816,000",0.24
364690,KODEX 혁신기술테마액티브,20260819,267250,HD현대,36.00,"8,442,000","8,208,000",0.22
364690,KODEX 혁신기술테마액티브,20260819,018260,삼성에스디에스,35.00,"7,997,500","7,910,000",0.21
364690,KODEX 혁신기술테마액티브,20260819,126700,하이비젼시스템,755.00,"7,957,700","7,814,250",0.21
364690,KODEX 혁신기술테마액티브,20260819,086280,현대글로비스,34.00,"7,021,000","6,919,000",0.19
364690,KODEX 혁신기술테마액티브,20260819,064350,현대로템,50.00,"7,160,000","6,815,000",0.18
364690,KODEX 혁신기술테마액티브,20260819,003670,포스코퓨처엠,39.00,"6,255,600","6,251,700",0.17
364690,KODEX 혁신기술테마액티브,20260819,000720,현대건설,52.00,"5,725,200","6,058,000",0.16
364690,KODEX 혁신기술테마액티브,20260819,005830,DB손해보험,32.00,"5,824,000","6,000,000",0.16
364690,KODEX 혁신기술테마액티브,20260819,000990,DB하이텍,64.00,"6,246,400","5,990,400",0.16
364690,KODEX 혁신기술테마액티브,20260819,096770,SK이노베이션,45.00,"5,917,500","5,800,500",0.16
364690,KODEX 혁신기술테마액티브,20260819,042660,한화오션,65.00,"5,908,500","5,726,500",0.15
364690,KODEX 혁신기술테마액티브,20260819,307950,현대오토에버,13.00,"5,863,000","5,674,500",0.15
364690,KODEX 혁신기술테마액티브,20260819,035720,카카오,136.00,"5,202,000","5,086,400",0.14
364690,KODEX 혁신기술테마액티브,20260819,006260,LS,15.00,"5,152,500","4,995,000",0.13
364690,KODEX 혁신기술테마액티브,20260819,071050,한국금융지주,25.00,"4,790,000","4,577,500",0.12
364690,KODEX 혁신기술테마액티브,20260819,028050,삼성E&A,90.00,"4,311,000","4,365,000",0.12
364690,KODEX 혁신기술테마액티브,20260819,161390,한국타이어앤테크놀로지,57.00,"3,938,700","3,881,700",0.10
364690,KODEX 혁신기술테마액티브,20260819,090430,아모레퍼시픽,27.00,"3,569,400","3,593,700",0.10
364690,KODEX 혁신기술테마액티브,20260819,180640,한진칼,30.00,"3,567,000","3,489,000",0.09
364690,KODEX 혁신기술테마액티브,20260819,011200,HMM,158.00,"3,578,700","3,428,600",0.09
364690,KODEX 혁신기술테마액티브,20260819,064800,포니링크,"1,253.00","2,919,490","3,414,425",0.09
364690,KODEX 혁신기술테마액티브,20260819,016360,삼성증권,40.00,"3,552,000","3,400,000",0.09
364690,KODEX 혁신기술테마액티브,20260819,005940,NH투자증권,129.00,"3,547,500","3,360,450",0.09
364690,KODEX 혁신기술테마액티브,20260819,329180,HD현대중공업,7.00,"3,426,500","3,318,000",0.09
364690,KODEX 혁신기술테마액티브,20260819,047040,대우건설,190.00,"3,262,300","3,268,000",0.09
364690,KODEX 혁신기술테마액티브,20260819,039490,키움증권,12.00,"3,402,000","3,186,000",0.09
364690,KODEX 혁신기술테마액티브,20260819,021240,코웨이,34.00,"3,281,000","3,179,000",0.09
364690,KODEX 혁신기술테마액티브,20260819,326030,SK바이오팜,36.00,"3,067,200","3,070,800",0.08
364690,KODEX 혁신기술테마액티브,20260819,352820,하이브,17.00,"2,920,600","2,927,400",0.08
364690,KODEX 혁신기술테마액티브,20260819,006400,삼성SDI,6.00,"2,928,000","2,922,000",0.08
364690,KODEX 혁신기술테마액티브,20260819,042700,한미반도체,13.00,"2,977,000","2,873,000",0.08
364690,KODEX 혁신기술테마액티브,20260819,000100,유한양행,36.00,"2,865,600","2,865,600",0.08
364690,KODEX 혁신기술테마액티브,20260819,241560,두산밥캣,46.00,"2,957,800","2,842,800",0.08
364690,KODEX 혁신기술테마액티브,20260819,047050,포스코인터내셔널,56.00,"2,878,400","2,839,200",0.08
364690,KODEX 혁신기술테마액티브,20260819,029780,삼성카드,52.00,"2,493,400","2,431,000",0.07
364690,KODEX 혁신기술테마액티브,20260819,001440,대한전선,85.00,"2,439,500","2,380,000",0.06
364690,KODEX 혁신기술테마액티브,20260819,128940,한미약품,6.00,"2,352,000","2,331,000",0.06
364690,KODEX 혁신기술테마액티브,20260819,271560,오리온,18.00,"2,251,800","2,233,800",0.06
364690,KODEX 혁신기술테마액티브,20260819,010060,OCI홀딩스,8.00,"2,180,000","2,220,000",0.06
364690,KODEX 혁신기술테마액티브,20260819,036570,NC,10.00,"2,300,000","2,195,000",0.06
364690,KODEX 혁신기술테마액티브,20260819,138930,BNK금융지주,149.00,"2,208,180","2,184,340",0.06
364690,KODEX 혁신기술테마액티브,20260819,088350,한화생명,397.00,"2,191,440","2,119,980",0.06
364690,KODEX 혁신기술테마액티브,20260819,051900,LG생활건강,7.00,"2,100,000","2,114,000",0.06
364690,KODEX 혁신기술테마액티브,20260819,034220,LG디스플레이,216.00,"2,112,480","2,071,440",0.06
364690,KODEX 혁신기술테마액티브,20260819,001450,현대해상,41.00,"2,037,700","2,050,000",0.06
364690,KODEX 혁신기술테마액티브,20260819,004170,신세계,5.00,"2,122,500","2,002,500",0.05
364690,KODEX 혁신기술테마액티브,20260819,246710,티앤알바이오팹,808.00,"1,995,760","1,943,240",0.05
364690,KODEX 혁신기술테마액티브,20260819,011790,SKC,22.00,"1,896,400","1,834,800",0.05
364690,KODEX 혁신기술테마액티브,20260819,002380,KCC,4.00,"1,818,000","1,750,000",0.05
364690,KODEX 혁신기술테마액티브,20260819,011780,금호석유화학,14.00,"1,771,000","1,730,400",0.05
364690,KODEX 혁신기술테마액티브,20260819,004020,현대제철,61.00,"1,747,650","1,711,050",0.05
364690,KODEX 혁신기술테마액티브,20260819,001040,CJ,13.00,"1,649,700","1,596,400",0.04
364690,KODEX 혁신기술테마액티브,20260819,111770,영원무역,20.00,"1,618,000","1,542,000",0.04
364690,KODEX 혁신기술테마액티브,20260819,028670,팬오션,244.00,"1,473,760","1,466,440",0.04
364690,KODEX 혁신기술테마액티브,20260819,251270,넷마블,39.00,"1,480,050","1,456,650",0.04
364690,KODEX 혁신기술테마액티브,20260819,008930,한미사이언스,32.00,"1,427,200","1,444,800",0.04
364690,KODEX 혁신기술테마액티브,20260819,267270,HD건설기계,11.00,"1,468,500","1,421,200",0.04
364690,KODEX 혁신기술테마액티브,20260819,009420,한올바이오파마,24.00,"1,408,800","1,420,800",0.04
364690,KODEX 혁신기술테마액티브,20260819,017800,현대엘리베이터,19.00,"1,411,700","1,409,800",0.04
364690,KODEX 혁신기술테마액티브,20260819,035250,강원랜드,98.00,"1,416,100","1,400,420",0.04
364690,KODEX 혁신기술테마액티브,20260819,181710,NHN,18.00,"1,269,000","1,341,000",0.04
364690,KODEX 혁신기술테마액티브,20260819,012750,에스원,17.00,"1,317,500","1,309,000",0.04
364690,KODEX 혁신기술테마액티브,20260819,004370,농심,3.00,"1,260,000","1,297,500",0.03
364690,KODEX 혁신기술테마액티브,20260819,375500,DL이앤씨,18.00,"1,270,800","1,292,400",0.03
364690,KODEX 혁신기술테마액티브,20260819,161890,한국콜마,10.00,"1,297,000","1,278,000",0.03
364690,KODEX 혁신기술테마액티브,20260819,097950,CJ제일제당,7.00,"1,283,800","1,260,700",0.03
364690,KODEX 혁신기술테마액티브,20260819,383220,F&F,20.00,"1,298,000","1,258,000",0.03
364690,KODEX 혁신기술테마액티브,20260819,302440,SK바이오사이언스,35.00,"1,277,500","1,253,000",0.03
364690,KODEX 혁신기술테마액티브,20260819,192820,코스맥스,5.00,"1,195,000","1,230,000",0.03
364690,KODEX 혁신기술테마액티브,20260819,005850,에스엘,22.00,"1,282,600","1,205,600",0.03
364690,KODEX 혁신기술테마액티브,20260819,081660,미스토홀딩스,28.00,"1,218,000","1,205,400",0.03
364690,KODEX 혁신기술테마액티브,20260819,018880,한온시스템,343.00,"1,253,665","1,197,070",0.03
364690,KODEX 혁신기술테마액티브,20260819,336260,두산퓨얼셀,30.00,"1,086,000","1,194,000",0.03
364690,KODEX 혁신기술테마액티브,20260819,026960,동서,46.00,"1,186,800","1,182,200",0.03
364690,KODEX 혁신기술테마액티브,20260819,003690,코리안리,79.00,"1,203,170","1,179,470",0.03
364690,KODEX 혁신기술테마액티브,20260819,282330,BGF리테일,8.00,"1,145,600","1,142,400",0.03
364690,KODEX 혁신기술테마액티브,20260819,204320,HL만도,21.00,"1,117,200","1,092,000",0.03
364690,KODEX 혁신기술테마액티브,20260819,004990,롯데지주,48.00,"1,123,200","1,087,200",0.03
364690,KODEX 혁신기술테마액티브,20260819,069960,현대백화점,11.00,"1,100,000","1,042,800",0.03
364690,KODEX 혁신기술테마액티브,20260819,000240,한국앤컴퍼니,43.00,"1,081,450","1,038,450",0.03
364690,KODEX 혁신기술테마액티브,20260819,011170,롯데케미칼,19.00,"1,058,300","1,020,300",0.03
364690,KODEX 혁신기술테마액티브,20260819,073240,금호타이어,131.00,"1,020,490","995,600",0.03
364690,KODEX 혁신기술테마액티브,20260819,030000,제일기획,52.00,"980,200","975,000",0.03
364690,KODEX 혁신기술테마액티브,20260819,018670,SK가스,4.00,"968,000","958,000",0.03
364690,KODEX 혁신기술테마액티브,20260819,002790,아모레퍼시픽홀딩스,38.00,"959,500","955,700",0.03
364690,KODEX 혁신기술테마액티브,20260819,139480,이마트,13.00,"989,300","942,500",0.03
364690,KODEX 혁신기술테마액티브,20260819,487570,HS효성,20.00,"934,000","935,000",0.03
364690,KODEX 혁신기술테마액티브,20260819,003240,태광산업,1.00,"896,000","885,000",0.02
364690,KODEX 혁신기술테마액티브,20260819,112610,씨에스윈드,19.00,"868,300","873,050",0.02
364690,KODEX 혁신기술테마액티브,20260819,001740,SK네트웍스,113.00,"839,590","797,780",0.02
364690,KODEX 혁신기술테마액티브,20260819,023590,다우기술,21.00,"829,500","791,700",0.02
364690,KODEX 혁신기술테마액티브,20260819,007070,GS리테일,28.00,"763,000","753,200",0.02
364690,KODEX 혁신기술테마액티브,20260819,011210,현대위아,12.00,"766,800","736,800",0.02
364690,KODEX 혁신기술테마액티브,20260819,001800,오리온홀딩스,29.00,"748,200","736,600",0.02
364690,KODEX 혁신기술테마액티브,20260819,000120,CJ대한통운,10.00,"753,000","730,000",0.02
364690,KODEX 혁신기술테마액티브,20260819,008770,호텔신라,17.00,"742,050","719,950",0.02
364690,KODEX 혁신기술테마액티브,20260819,001120,LX인터내셔널,18.00,"693,000","692,100",0.02
364690,KODEX 혁신기술테마액티브,20260819,001430,세아베스틸지주,16.00,"689,600","683,200",0.02
364690,KODEX 혁신기술테마액티브,20260819,020150,롯데에너지머티리얼즈,21.00,"679,350","663,600",0.02
364690,KODEX 혁신기술테마액티브,20260819,120110,코오롱인더,12.00,"672,000","654,000",0.02
364690,KODEX 혁신기술테마액티브,20260819,298020,효성티앤씨,2.00,"645,000","644,000",0.02
364690,KODEX 혁신기술테마액티브,20260819,007310,오뚜기,2.00,"652,000","640,000",0.02
364690,KODEX 혁신기술테마액티브,20260819,006280,녹십자,5.00,"609,000","605,000",0.02
364690,KODEX 혁신기술테마액티브,20260819,069620,대웅제약,5.00,"592,500","591,500",0.02
364690,KODEX 혁신기술테마액티브,20260819,004000,롯데정밀화학,12.00,"556,200","544,200",0.01
364690,KODEX 혁신기술테마액티브,20260819,192080,더블유게임즈,9.00,"529,200","519,300",0.01
364690,KODEX 혁신기술테마액티브,20260819,000210,DL,10.00,"507,000","501,000",0.01
364690,KODEX 혁신기술테마액티브,20260819,000080,하이트진로,32.00,"492,480","483,520",0.01
364690,KODEX 혁신기술테마액티브,20260819,361610,SK아이이테크놀로지,33.00,"485,430","476,190",0.01
364690,KODEX 혁신기술테마액티브,20260819,006120,SK디스커버리,9.00,"483,300","468,900",0.01
364690,KODEX 혁신기술테마액티브,20260819,003090,대웅,27.00,"468,450","447,120",0.01
364690,KODEX 혁신기술테마액티브,20260819,009240,한샘,11.00,"438,900","433,950",0.01
364690,KODEX 혁신기술테마액티브,20260819,003530,한화투자증권,98.00,"445,900","430,710",0.01
364690,KODEX 혁신기술테마액티브,20260819,285130,SK케미칼,8.00,"383,600","384,000",0.01
364690,KODEX 혁신기술테마액티브,20260819,000670,영풍,10.00,"382,000","374,000",0.01
364690,KODEX 혁신기술테마액티브,20260819,214320,이노션,18.00,"343,980","340,020",0.01
364690,KODEX 혁신기술테마액티브,20260819,185750,종근당,5.00,"333,500","336,000",0.01
364690,KODEX 혁신기술테마액티브,20260819,004490,세방전지,6.00,"330,600","334,200",0.01
364690,KODEX 혁신기술테마액티브,20260819,298050,HS효성첨단소재,2.00,"340,200","329,200",0.01
364690,KODEX 혁신기술테마액티브,20260819,005440,현대지에프홀딩스,29.00,"333,790","324,220",0.01
364690,KODEX 혁신기술테마액티브,20260819,456040,OCI,4.00,"319,200","318,800",0.01
364690,KODEX 혁신기술테마액티브,20260819,005690,파미셀,27.00,"320,490","307,260",0.01
364690,KODEX 혁신기술테마액티브,20260819,248070,솔루엠,23.00,"312,340","305,900",0.01
364690,KODEX 혁신기술테마액티브,20260819,005880,대한해운,146.00,"302,950","295,650",0.01
364690,KODEX 혁신기술테마액티브,20260819,003850,보령,31.00,"279,000","278,690",0.01
364690,KODEX 혁신기술테마액티브,20260819,001680,대상,16.00,"280,160","276,000",0.01
364690,KODEX 혁신기술테마액티브,20260819,453340,현대그린푸드,15.00,"275,850","272,100",0.01
364690,KODEX 혁신기술테마액티브,20260819,002840,미원상사,2.00,"260,600","258,600",0.01
364690,KODEX 혁신기술테마액티브,20260819,460860,동국제강,26.00,"251,160","250,900",0.01
364690,KODEX 혁신기술테마액티브,20260819,016380,KG스틸,46.00,"248,860","247,940",0.01
364690,KODEX 혁신기술테마액티브,20260819,006650,대한유화,3.00,"259,200","246,000",0.01
364690,KODEX 혁신기술테마액티브,20260819,014820,동원시스템즈,12.00,"258,000","245,400",0.01
364690,KODEX 혁신기술테마액티브,20260819,499790,GS피앤엘,6.00,"246,300","243,900",0.01
364690,KODEX 혁신기술테마액티브,20260819,336370,솔루스첨단소재,32.00,"241,600","235,200",0.01
364690,KODEX 혁신기술테마액티브,20260819,005250,녹십자홀딩스,21.00,"211,680","210,000",0.01
364690,KODEX 혁신기술테마액티브,20260819,010780,아이에스동서,14.00,"220,220","203,560",0.01
364690,KODEX 혁신기술테마액티브,20260819,003000,부광약품,43.00,"180,600","180,600",0.00
364690,KODEX 혁신기술테마액티브,20260819,031430,신세계인터내셔날,15.00,"160,350","154,050",0.00
364690,KODEX 혁신기술테마액티브,20260819,009900,명신산업,19.00,"158,840","150,480",0.00
364690,KODEX 혁신기술테마액티브,20260819,003520,영진약품,84.00,"105,504","101,724",0.00
364690,KODEX 혁신기술테마액티브,20260819,460850,동국씨엠,16.00,"84,320","82,880",0.00
364690,KODEX 혁신기술테마액티브,20260819,001230,동국홀딩스,41.00,"80,565","80,237",0.00
364690,KODEX 혁신기술테마액티브,20260819,013890,지누스,8.00,"62,880","60,720",0.00
364690,KODEX 혁신기술테마액티브,20260819,KRD010010001,원화현금,-,-,"90,086,776",2.42
364690,KODEX 혁신기술테마액티브,20260820,005930,삼성전자,"3,709.00","917,977,500","1,005,139,000",25.68
364690,KODEX 혁신기술테마액티브,20260820,000660,SK하이닉스,431.00,"646,500,000","728,821,000",18.62
364690,KODEX 혁신기술테마액티브,20260820,009150,삼성전기,201.00,"278,787,000","280,596,000",7.17
364690,KODEX 혁신기술테마액티브,20260820,402340,SK스퀘어,178.00,"178,712,000","199,894,000",5.11
364690,KODEX 혁신기술테마액티브,20260820,012450,한화에어로스페이스,156.00,"183,612,000","182,052,000",4.65
364690,KODEX 혁신기술테마액티브,20260820,011070,LG이노텍,228.00,"137,484,000","133,836,000",3.42
364690,KODEX 혁신기술테마액티브,20260820,207940,삼성바이오로직스,53.00,"81,832,000","83,422,000",2.13
364690,KODEX 혁신기술테마액티브,20260820,267260,HD현대일렉트릭,101.00,"75,952,000","75,346,000",1.93
364690,KODEX 혁신기술테마액티브,20260820,005380,현대차,152.00,"62,928,000","63,460,000",1.62
364690,KODEX 혁신기술테마액티브,20260820,047810,한국항공우주,462.00,"62,693,400","62,231,400",1.59
364690,KODEX 혁신기술테마액티브,20260820,034020,두산에너빌리티,793.00,"60,426,600","60,188,700",1.54
364690,KODEX 혁신기술테마액티브,20260820,034730,SK,81.00,"44,631,000","46,008,000",1.18
364690,KODEX 혁신기술테마액티브,20260820,009540,HD한국조선해양,118.00,"43,306,000","42,539,000",1.09
364690,KODEX 혁신기술테마액티브,20260820,012330,현대모비스,82.00,"41,738,000","41,574,000",1.06
364690,KODEX 혁신기술테마액티브,20260820,066570,LG전자,196.00,"39,494,000","39,690,000",1.01
364690,KODEX 혁신기술테마액티브,20260820,000270,기아,300.00,"39,900,000","39,330,000",1.01
364690,KODEX 혁신기술테마액티브,20260820,373220,LG에너지솔루션,91.00,"32,532,500","32,578,000",0.83
364690,KODEX 혁신기술테마액티브,20260820,105560,KB금융,190.00,"31,616,000","30,400,000",0.78
364690,KODEX 혁신기술테마액티브,20260820,003550,LG,264.00,"29,092,800","29,145,600",0.74
364690,KODEX 혁신기술테마액티브,20260820,032830,삼성생명,91.00,"25,116,000","27,027,000",0.69
364690,KODEX 혁신기술테마액티브,20260820,005490,POSCO홀딩스,84.00,"26,880,000","27,006,000",0.69
364690,KODEX 혁신기술테마액티브,20260820,032640,LG유플러스,"1,819.00","26,793,870","26,666,540",0.68
364690,KODEX 혁신기술테마액티브,20260820,017670,SK텔레콤,276.00,"27,048,000","26,661,600",0.68
364690,KODEX 혁신기술테마액티브,20260820,055550,신한지주,236.00,"24,780,000","23,859,600",0.61
364690,KODEX 혁신기술테마액티브,20260820,051910,LG화학,86.00,"22,876,000","22,704,000",0.58
364690,KODEX 혁신기술테마액티브,20260820,138040,메리츠금융지주,181.00,"20,851,200","20,851,200",0.53
364690,KODEX 혁신기술테마액티브,20260820,010950,S-Oil,139.00,"21,072,400","19,821,400",0.51
364690,KODEX 혁신기술테마액티브,20260820,030200,KT,298.00,"15,674,800","15,525,800",0.40
364690,KODEX 혁신기술테마액티브,20260820,004800,효성,93.00,"15,121,800","14,954,400",0.38
364690,KODEX 혁신기술테마액티브,20260820,010120,LS ELECTRIC,70.00,"14,140,000","13,944,000",0.36
364690,KODEX 혁신기술테마액티브,20260820,0126Z0,삼성에피스홀딩스,36.00,"13,086,000","13,644,000",0.35
364690,KODEX 혁신기술테마액티브,20260820,009830,한화솔루션,380.00,"13,167,000","13,376,000",0.34
364690,KODEX 혁신기술테마액티브,20260820,000810,삼성화재,21.00,"12,873,000","13,062,000",0.33
364690,KODEX 혁신기술테마액티브,20260820,000150,두산,11.00,"13,123,000","12,958,000",0.33
364690,KODEX 혁신기술테마액티브,20260820,489790,한화비전,208.00,"10,878,400","11,377,600",0.29
364690,KODEX 혁신기술테마액티브,20260820,010130,고려아연,9.00,"10,305,000","11,142,000",0.28
364690,KODEX 혁신기술테마액티브,20260820,033780,KT&G,63.00,"11,056,500","10,829,700",0.28
364690,KODEX 혁신기술테마액티브,20260820,014680,한솔케미칼,53.00,"10,732,500","10,759,000",0.27
364690,KODEX 혁신기술테마액티브,20260820,006800,미래에셋증권,292.00,"10,132,400","10,541,200",0.27
364690,KODEX 혁신기술테마액티브,20260820,074600,원익QnC,365.00,"9,982,750","10,165,250",0.26
364690,KODEX 혁신기술테마액티브,20260820,035420,NAVER,45.00,"9,360,000","9,877,500",0.25
364690,KODEX 혁신기술테마액티브,20260820,010140,삼성중공업,437.00,"9,002,200","9,089,600",0.23
364690,KODEX 혁신기술테마액티브,20260820,272210,한화시스템,116.00,"8,816,000","8,734,800",0.22
364690,KODEX 혁신기술테마액티브,20260820,018260,삼성에스디에스,35.00,"7,910,000","8,155,000",0.21
364690,KODEX 혁신기술테마액티브,20260820,267250,HD현대,36.00,"8,208,000","7,974,000",0.20
364690,KODEX 혁신기술테마액티브,20260820,126700,하이비젼시스템,755.00,"7,814,250","7,897,300",0.20
364690,KODEX 혁신기술테마액티브,20260820,064350,현대로템,50.00,"6,815,000","6,860,000",0.18
364690,KODEX 혁신기술테마액티브,20260820,086280,현대글로비스,34.00,"6,919,000","6,793,200",0.17
364690,KODEX 혁신기술테마액티브,20260820,003670,포스코퓨처엠,39.00,"6,251,700","6,368,700",0.16
364690,KODEX 혁신기술테마액티브,20260820,000990,DB하이텍,64.00,"5,990,400","6,201,600",0.16
364690,KODEX 혁신기술테마액티브,20260820,307950,현대오토에버,13.00,"5,674,500","5,973,500",0.15
364690,KODEX 혁신기술테마액티브,20260820,000720,현대건설,52.00,"6,058,000","5,917,600",0.15
364690,KODEX 혁신기술테마액티브,20260820,042660,한화오션,65.00,"5,726,500","5,752,500",0.15
364690,KODEX 혁신기술테마액티브,20260820,005830,DB손해보험,32.00,"6,000,000","5,676,800",0.15
364690,KODEX 혁신기술테마액티브,20260820,096770,SK이노베이션,45.00,"5,800,500","5,665,500",0.14
364690,KODEX 혁신기술테마액티브,20260820,035720,카카오,136.00,"5,086,400","5,263,200",0.13
364690,KODEX 혁신기술테마액티브,20260820,006260,LS,15.00,"4,995,000","4,702,500",0.12
364690,KODEX 혁신기술테마액티브,20260820,071050,한국금융지주,25.00,"4,577,500","4,670,000",0.12
364690,KODEX 혁신기술테마액티브,20260820,028050,삼성E&A,90.00,"4,365,000","4,324,500",0.11
364690,KODEX 혁신기술테마액티브,20260820,161390,한국타이어앤테크놀로지,57.00,"3,881,700","3,790,500",0.10
364690,KODEX 혁신기술테마액티브,20260820,016360,삼성증권,40.00,"3,400,000","3,696,000",0.09
364690,KODEX 혁신기술테마액티브,20260820,090430,아모레퍼시픽,27.00,"3,593,700","3,688,200",0.09
364690,KODEX 혁신기술테마액티브,20260820,180640,한진칼,30.00,"3,489,000","3,435,000",0.09
364690,KODEX 혁신기술테마액티브,20260820,005940,NH투자증권,129.00,"3,360,450","3,418,500",0.09
364690,KODEX 혁신기술테마액티브,20260820,064800,포니링크,"1,253.00","3,414,425","3,408,160",0.09
364690,KODEX 혁신기술테마액티브,20260820,011200,HMM,158.00,"3,428,600","3,349,600",0.09
364690,KODEX 혁신기술테마액티브,20260820,329180,HD현대중공업,7.00,"3,318,000","3,328,500",0.09
364690,KODEX 혁신기술테마액티브,20260820,039490,키움증권,12.00,"3,186,000","3,306,000",0.08
364690,KODEX 혁신기술테마액티브,20260820,021240,코웨이,34.00,"3,179,000","3,175,600",0.08
364690,KODEX 혁신기술테마액티브,20260820,047040,대우건설,190.00,"3,268,000","3,174,900",0.08
364690,KODEX 혁신기술테마액티브,20260820,326030,SK바이오팜,36.00,"3,070,800","3,114,000",0.08
364690,KODEX 혁신기술테마액티브,20260820,000100,유한양행,36.00,"2,865,600","3,002,400",0.08
364690,KODEX 혁신기술테마액티브,20260820,006400,삼성SDI,6.00,"2,922,000","2,997,000",0.08
364690,KODEX 혁신기술테마액티브,20260820,352820,하이브,17.00,"2,927,400","2,947,800",0.08
364690,KODEX 혁신기술테마액티브,20260820,042700,한미반도체,13.00,"2,873,000","2,931,500",0.07
364690,KODEX 혁신기술테마액티브,20260820,047050,포스코인터내셔널,56.00,"2,839,200","2,928,800",0.07
364690,KODEX 혁신기술테마액티브,20260820,241560,두산밥캣,46.00,"2,842,800","2,704,800",0.07
364690,KODEX 혁신기술테마액티브,20260820,001440,대한전선,85.00,"2,380,000","2,409,750",0.06
364690,KODEX 혁신기술테마액티브,20260820,029780,삼성카드,52.00,"2,431,000","2,394,600",0.06
364690,KODEX 혁신기술테마액티브,20260820,128940,한미약품,6.00,"2,331,000","2,394,000",0.06
364690,KODEX 혁신기술테마액티브,20260820,010060,OCI홀딩스,8.00,"2,220,000","2,320,000",0.06
364690,KODEX 혁신기술테마액티브,20260820,271560,오리온,18.00,"2,233,800","2,242,800",0.06
364690,KODEX 혁신기술테마액티브,20260820,036570,NC,10.00,"2,195,000","2,205,000",0.06
364690,KODEX 혁신기술테마액티브,20260820,088350,한화생명,397.00,"2,119,980","2,187,470",0.06
364690,KODEX 혁신기술테마액티브,20260820,051900,LG생활건강,7.00,"2,114,000","2,131,500",0.05
364690,KODEX 혁신기술테마액티브,20260820,138930,BNK금융지주,149.00,"2,184,340","2,130,700",0.05
364690,KODEX 혁신기술테마액티브,20260820,034220,LG디스플레이,216.00,"2,071,440","2,084,400",0.05
364690,KODEX 혁신기술테마액티브,20260820,246710,티앤알바이오팹,808.00,"1,943,240","2,028,080",0.05
364690,KODEX 혁신기술테마액티브,20260820,004170,신세계,5.00,"2,002,500","2,022,500",0.05
364690,KODEX 혁신기술테마액티브,20260820,001450,현대해상,41.00,"2,050,000","2,002,850",0.05
364690,KODEX 혁신기술테마액티브,20260820,011790,SKC,22.00,"1,834,800","1,898,600",0.05
364690,KODEX 혁신기술테마액티브,20260820,002380,KCC,4.00,"1,750,000","1,898,000",0.05
364690,KODEX 혁신기술테마액티브,20260820,004020,현대제철,61.00,"1,711,050","1,711,050",0.04
364690,KODEX 혁신기술테마액티브,20260820,011780,금호석유화학,14.00,"1,730,400","1,680,000",0.04
364690,KODEX 혁신기술테마액티브,20260820,001040,CJ,13.00,"1,596,400","1,597,700",0.04
364690,KODEX 혁신기술테마액티브,20260820,009420,한올바이오파마,24.00,"1,420,800","1,502,400",0.04
364690,KODEX 혁신기술테마액티브,20260820,111770,영원무역,20.00,"1,542,000","1,486,000",0.04
364690,KODEX 혁신기술테마액티브,20260820,251270,넷마블,39.00,"1,456,650","1,462,500",0.04
364690,KODEX 혁신기술테마액티브,20260820,008930,한미사이언스,32.00,"1,444,800","1,416,000",0.04
364690,KODEX 혁신기술테마액티브,20260820,028670,팬오션,244.00,"1,466,440","1,407,880",0.04
364690,KODEX 혁신기술테마액티브,20260820,035250,강원랜드,98.00,"1,400,420","1,403,360",0.04
364690,KODEX 혁신기술테마액티브,20260820,017800,현대엘리베이터,19.00,"1,409,800","1,379,400",0.04
364690,KODEX 혁신기술테마액티브,20260820,161890,한국콜마,10.00,"1,278,000","1,378,000",0.04
364690,KODEX 혁신기술테마액티브,20260820,267270,HD건설기계,11.00,"1,421,200","1,340,900",0.03
364690,KODEX 혁신기술테마액티브,20260820,004370,농심,3.00,"1,297,500","1,323,000",0.03
364690,KODEX 혁신기술테마액티브,20260820,302440,SK바이오사이언스,35.00,"1,253,000","1,321,250",0.03
364690,KODEX 혁신기술테마액티브,20260820,192820,코스맥스,5.00,"1,230,000","1,302,500",0.03
364690,KODEX 혁신기술테마액티브,20260820,181710,NHN,18.00,"1,341,000","1,294,200",0.03
364690,KODEX 혁신기술테마액티브,20260820,097950,CJ제일제당,7.00,"1,260,700","1,293,600",0.03
364690,KODEX 혁신기술테마액티브,20260820,375500,DL이앤씨,18.00,"1,292,400","1,281,600",0.03
364690,KODEX 혁신기술테마액티브,20260820,012750,에스원,17.00,"1,309,000","1,276,700",0.03
364690,KODEX 혁신기술테마액티브,20260820,383220,F&F,20.00,"1,258,000","1,238,000",0.03
364690,KODEX 혁신기술테마액티브,20260820,336260,두산퓨얼셀,30.00,"1,194,000","1,219,500",0.03
364690,KODEX 혁신기술테마액티브,20260820,018880,한온시스템,343.00,"1,197,070","1,205,645",0.03
364690,KODEX 혁신기술테마액티브,20260820,005850,에스엘,22.00,"1,205,600","1,181,400",0.03
364690,KODEX 혁신기술테마액티브,20260820,026960,동서,46.00,"1,182,200","1,173,000",0.03
364690,KODEX 혁신기술테마액티브,20260820,081660,미스토홀딩스,28.00,"1,205,400","1,155,000",0.03
364690,KODEX 혁신기술테마액티브,20260820,003690,코리안리,79.00,"1,179,470","1,154,980",0.03
364690,KODEX 혁신기술테마액티브,20260820,282330,BGF리테일,8.00,"1,142,400","1,142,400",0.03
364690,KODEX 혁신기술테마액티브,20260820,204320,HL만도,21.00,"1,092,000","1,138,200",0.03
364690,KODEX 혁신기술테마액티브,20260820,004990,롯데지주,48.00,"1,087,200","1,092,000",0.03
364690,KODEX 혁신기술테마액티브,20260820,011170,롯데케미칼,19.00,"1,020,300","1,050,700",0.03
364690,KODEX 혁신기술테마액티브,20260820,069960,현대백화점,11.00,"1,042,800","1,039,500",0.03
364690,KODEX 혁신기술테마액티브,20260820,000240,한국앤컴퍼니,43.00,"1,038,450","1,014,800",0.03
364690,KODEX 혁신기술테마액티브,20260820,002790,아모레퍼시픽홀딩스,38.00,"955,700","984,200",0.03
364690,KODEX 혁신기술테마액티브,20260820,030000,제일기획,52.00,"975,000","977,600",0.02
364690,KODEX 혁신기술테마액티브,20260820,073240,금호타이어,131.00,"995,600","972,020",0.02
364690,KODEX 혁신기술테마액티브,20260820,139480,이마트,13.00,"942,500","942,500",0.02
364690,KODEX 혁신기술테마액티브,20260820,487570,HS효성,20.00,"935,000","933,000",0.02
364690,KODEX 혁신기술테마액티브,20260820,112610,씨에스윈드,19.00,"873,050","919,600",0.02
364690,KODEX 혁신기술테마액티브,20260820,018670,SK가스,4.00,"958,000","918,000",0.02
364690,KODEX 혁신기술테마액티브,20260820,003240,태광산업,1.00,"885,000","875,000",0.02
364690,KODEX 혁신기술테마액티브,20260820,023590,다우기술,21.00,"791,700","815,850",0.02
364690,KODEX 혁신기술테마액티브,20260820,001740,SK네트웍스,113.00,"797,780","798,910",0.02
364690,KODEX 혁신기술테마액티브,20260820,007070,GS리테일,28.00,"753,200","747,600",0.02
364690,KODEX 혁신기술테마액티브,20260820,001800,오리온홀딩스,29.00,"736,600","739,500",0.02
364690,KODEX 혁신기술테마액티브,20260820,011210,현대위아,12.00,"736,800","736,800",0.02
364690,KODEX 혁신기술테마액티브,20260820,000120,CJ대한통운,10.00,"730,000","735,000",0.02
364690,KODEX 혁신기술테마액티브,20260820,008770,호텔신라,17.00,"719,950","723,350",0.02
364690,KODEX 혁신기술테마액티브,20260820,001120,LX인터내셔널,18.00,"692,100","682,200",0.02
364690,KODEX 혁신기술테마액티브,20260820,020150,롯데에너지머티리얼즈,21.00,"663,600","672,000",0.02
364690,KODEX 혁신기술테마액티브,20260820,001430,세아베스틸지주,16.00,"683,200","657,600",0.02
364690,KODEX 혁신기술테마액티브,20260820,120110,코오롱인더,12.00,"654,000","654,000",0.02
364690,KODEX 혁신기술테마액티브,20260820,007310,오뚜기,2.00,"640,000","647,000",0.02
364690,KODEX 혁신기술테마액티브,20260820,298020,효성티앤씨,2.00,"644,000","641,000",0.02
364690,KODEX 혁신기술테마액티브,20260820,006280,녹십자,5.00,"605,000","627,000",0.02
364690,KODEX 혁신기술테마액티브,20260820,069620,대웅제약,5.00,"591,500","604,500",0.02
364690,KODEX 혁신기술테마액티브,20260820,004000,롯데정밀화학,12.00,"544,200","532,200",0.01
364690,KODEX 혁신기술테마액티브,20260820,192080,더블유게임즈,9.00,"519,300","505,800",0.01
364690,KODEX 혁신기술테마액티브,20260820,000210,DL,10.00,"501,000","489,500",0.01
364690,KODEX 혁신기술테마액티브,20260820,000080,하이트진로,32.00,"483,520","484,160",0.01
364690,KODEX 혁신기술테마액티브,20260820,361610,SK아이이테크놀로지,33.00,"476,190","480,480",0.01
364690,KODEX 혁신기술테마액티브,20260820,003530,한화투자증권,98.00,"430,710","463,540",0.01
364690,KODEX 혁신기술테마액티브,20260820,006120,SK디스커버리,9.00,"468,900","460,800",0.01
364690,KODEX 혁신기술테마액티브,20260820,003090,대웅,27.00,"447,120","450,900",0.01
364690,KODEX 혁신기술테마액티브,20260820,009240,한샘,11.00,"433,950","414,150",0.01
364690,KODEX 혁신기술테마액티브,20260820,285130,SK케미칼,8.00,"384,000","392,000",0.01
364690,KODEX 혁신기술테마액티브,20260820,000670,영풍,10.00,"374,000","381,000",0.01
364690,KODEX 혁신기술테마액티브,20260820,214320,이노션,18.00,"340,020","339,840",0.01
364690,KODEX 혁신기술테마액티브,20260820,005440,현대지에프홀딩스,29.00,"324,220","336,400",0.01
364690,KODEX 혁신기술테마액티브,20260820,185750,종근당,5.00,"336,000","336,000",0.01
364690,KODEX 혁신기술테마액티브,20260820,298050,HS효성첨단소재,2.00,"329,200","332,800",0.01
364690,KODEX 혁신기술테마액티브,20260820,004490,세방전지,6.00,"334,200","330,600",0.01
364690,KODEX 혁신기술테마액티브,20260820,456040,OCI,4.00,"318,800","323,200",0.01
364690,KODEX 혁신기술테마액티브,20260820,005690,파미셀,27.00,"307,260","320,220",0.01
364690,KODEX 혁신기술테마액티브,20260820,248070,솔루엠,23.00,"305,900","308,200",0.01
364690,KODEX 혁신기술테마액티브,20260820,005880,대한해운,146.00,"295,650","288,642",0.01
364690,KODEX 혁신기술테마액티브,20260820,003850,보령,31.00,"278,690","283,650",0.01
364690,KODEX 혁신기술테마액티브,20260820,001680,대상,16.00,"276,000","281,120",0.01
364690,KODEX 혁신기술테마액티브,20260820,453340,현대그린푸드,15.00,"272,100","271,950",0.01
364690,KODEX 혁신기술테마액티브,20260820,016380,KG스틸,46.00,"247,940","250,240",0.01
364690,KODEX 혁신기술테마액티브,20260820,460860,동국제강,26.00,"250,900","247,520",0.01
364690,KODEX 혁신기술테마액티브,20260820,014820,동원시스템즈,12.00,"245,400","246,600",0.01
364690,KODEX 혁신기술테마액티브,20260820,006650,대한유화,3.00,"246,000","244,800",0.01
364690,KODEX 혁신기술테마액티브,20260820,002840,미원상사,2.00,"258,600","243,400",0.01
364690,KODEX 혁신기술테마액티브,20260820,499790,GS피앤엘,6.00,"243,900","239,700",0.01
364690,KODEX 혁신기술테마액티브,20260820,336370,솔루스첨단소재,32.00,"235,200","237,440",0.01
364690,KODEX 혁신기술테마액티브,20260820,010780,아이에스동서,14.00,"203,560","224,700",0.01
364690,KODEX 혁신기술테마액티브,20260820,005250,녹십자홀딩스,21.00,"210,000","215,880",0.01
364690,KODEX 혁신기술테마액티브,20260820,003000,부광약품,43.00,"180,600","184,470",0.00
364690,KODEX 혁신기술테마액티브,20260820,031430,신세계인터내셔날,15.00,"154,050","154,050",0.00
364690,KODEX 혁신기술테마액티브,20260820,009900,명신산업,19.00,"150,480","152,190",0.00
364690,KODEX 혁신기술테마액티브,20260820,003520,영진약품,84.00,"101,724","102,396",0.00
364690,KODEX 혁신기술테마액티브,20260820,460850,동국씨엠,16.00,"82,880","83,680",0.00
364690,KODEX 혁신기술테마액티브,20260820,001230,동국홀딩스,41.00,"80,237","79,704",0.00
364690,KODEX 혁신기술테마액티브,20260820,013890,지누스,8.00,"60,720","59,360",0.00
364690,KODEX 혁신기술테마액티브,20260820,KRD010010001,원화현금,-,-,"92,125,274",2.35
364690,KODEX 혁신기술테마액티브,20260821,005930,삼성전자,"3,709.00","1,005,139,000","1,044,083,500",26.70
364690,KODEX 혁신기술테마액티브,20260821,000660,SK하이닉스,431.00,"728,821,000","745,630,000",19.07
364690,KODEX 혁신기술테마액티브,20260821,009150,삼성전기,201.00,"280,596,000","264,516,000",6.76
364690,KODEX 혁신기술테마액티브,20260821,402340,SK스퀘어,178.00,"199,894,000","199,894,000",5.11
364690,KODEX 혁신기술테마액티브,20260821,012450,한화에어로스페이스,156.00,"182,052,000","169,260,000",4.33
364690,KODEX 혁신기술테마액티브,20260821,011070,LG이노텍,228.00,"133,836,000","125,400,000",3.21
364690,KODEX 혁신기술테마액티브,20260821,207940,삼성바이오로직스,53.00,"83,422,000","82,203,000",2.10
364690,KODEX 혁신기술테마액티브,20260821,267260,HD현대일렉트릭,101.00,"75,346,000","72,518,000",1.85
364690,KODEX 혁신기술테마액티브,20260821,005380,현대차,152.00,"63,460,000","63,080,000",1.61
364690,KODEX 혁신기술테마액티브,20260821,047810,한국항공우주,462.00,"62,231,400","60,060,000",1.54
364690,KODEX 혁신기술테마액티브,20260821,034020,두산에너빌리티,793.00,"60,188,700","58,126,900",1.49
364690,KODEX 혁신기술테마액티브,20260821,034730,SK,81.00,"46,008,000","47,466,000",1.21
364690,KODEX 혁신기술테마액티브,20260821,009540,HD한국조선해양,118.00,"42,539,000","41,123,000",1.05
364690,KODEX 혁신기술테마액티브,20260821,012330,현대모비스,82.00,"41,574,000","40,672,000",1.04
364690,KODEX 혁신기술테마액티브,20260821,000270,기아,300.00,"39,330,000","39,270,000",1.00
364690,KODEX 혁신기술테마액티브,20260821,066570,LG전자,196.00,"39,690,000","38,122,000",0.97
364690,KODEX 혁신기술테마액티브,20260821,373220,LG에너지솔루션,91.00,"32,578,000","31,258,500",0.80
364690,KODEX 혁신기술테마액티브,20260821,105560,KB금융,190.00,"30,400,000","31,217,000",0.80
364690,KODEX 혁신기술테마액티브,20260821,032830,삼성생명,91.00,"27,027,000","29,893,500",0.76
364690,KODEX 혁신기술테마액티브,20260821,003550,LG,264.00,"29,145,600","28,432,800",0.73
364690,KODEX 혁신기술테마액티브,20260821,017670,SK텔레콤,276.00,"26,661,600","28,207,200",0.72
364690,KODEX 혁신기술테마액티브,20260821,032640,LG유플러스,"1,819.00","26,666,540","27,048,530",0.69
364690,KODEX 혁신기술테마액티브,20260821,005490,POSCO홀딩스,84.00,"27,006,000","26,040,000",0.67
364690,KODEX 혁신기술테마액티브,20260821,055550,신한지주,236.00,"23,859,600","24,567,600",0.63
364690,KODEX 혁신기술테마액티브,20260821,051910,LG화학,86.00,"22,704,000","21,715,000",0.56
364690,KODEX 혁신기술테마액티브,20260821,138040,메리츠금융지주,181.00,"20,851,200","20,887,400",0.53
364690,KODEX 혁신기술테마액티브,20260821,010950,S-Oil,139.00,"19,821,400","19,612,900",0.50
364690,KODEX 혁신기술테마액티브,20260821,030200,KT,298.00,"15,525,800","15,615,200",0.40
364690,KODEX 혁신기술테마액티브,20260821,004800,효성,93.00,"14,954,400","14,498,700",0.37
364690,KODEX 혁신기술테마액티브,20260821,000810,삼성화재,21.00,"13,062,000","13,881,000",0.35
364690,KODEX 혁신기술테마액티브,20260821,010120,LS ELECTRIC,70.00,"13,944,000","13,090,000",0.33
364690,KODEX 혁신기술테마액티브,20260821,0126Z0,삼성에피스홀딩스,36.00,"13,644,000","12,960,000",0.33
364690,KODEX 혁신기술테마액티브,20260821,009830,한화솔루션,380.00,"13,376,000","12,179,000",0.31
364690,KODEX 혁신기술테마액티브,20260821,000150,두산,11.00,"12,958,000","11,858,000",0.30
364690,KODEX 혁신기술테마액티브,20260821,010130,고려아연,9.00,"11,142,000","11,133,000",0.28
364690,KODEX 혁신기술테마액티브,20260821,033780,KT&G,63.00,"10,829,700","10,854,900",0.28
364690,KODEX 혁신기술테마액티브,20260821,014680,한솔케미칼,53.00,"10,759,000","10,653,000",0.27
364690,KODEX 혁신기술테마액티브,20260821,489790,한화비전,208.00,"11,377,600","10,649,600",0.27
364690,KODEX 혁신기술테마액티브,20260821,006800,미래에셋증권,292.00,"10,541,200","10,074,000",0.26
364690,KODEX 혁신기술테마액티브,20260821,035420,NAVER,45.00,"9,877,500","9,990,000",0.26
364690,KODEX 혁신기술테마액티브,20260821,074600,원익QnC,365.00,"10,165,250","9,599,500",0.25
364690,KODEX 혁신기술테마액티브,20260821,010140,삼성중공업,437.00,"9,089,600","8,827,400",0.23
364690,KODEX 혁신기술테마액티브,20260821,272210,한화시스템,116.00,"8,734,800","8,154,800",0.21
364690,KODEX 혁신기술테마액티브,20260821,018260,삼성에스디에스,35.00,"8,155,000","7,980,000",0.20
364690,KODEX 혁신기술테마액티브,20260821,126700,하이비젼시스템,755.00,"7,897,300","7,927,500",0.20
364690,KODEX 혁신기술테마액티브,20260821,267250,HD현대,36.00,"7,974,000","7,668,000",0.20
364690,KODEX 혁신기술테마액티브,20260821,086280,현대글로비스,34.00,"6,793,200","6,687,800",0.17
364690,KODEX 혁신기술테마액티브,20260821,064350,현대로템,50.00,"6,860,000","6,505,000",0.17
364690,KODEX 혁신기술테마액티브,20260821,003670,포스코퓨처엠,39.00,"6,368,700","6,041,100",0.15
364690,KODEX 혁신기술테마액티브,20260821,307950,현대오토에버,13.00,"5,973,500","5,824,000",0.15
364690,KODEX 혁신기술테마액티브,20260821,000990,DB하이텍,64.00,"6,201,600","5,740,800",0.15
364690,KODEX 혁신기술테마액티브,20260821,005830,DB손해보험,32.00,"5,676,800","5,689,600",0.15
364690,KODEX 혁신기술테마액티브,20260821,096770,SK이노베이션,45.00,"5,665,500","5,616,000",0.14
364690,KODEX 혁신기술테마액티브,20260821,000720,현대건설,52.00,"5,917,600","5,491,200",0.14
364690,KODEX 혁신기술테마액티브,20260821,042660,한화오션,65.00,"5,752,500","5,473,000",0.14
364690,KODEX 혁신기술테마액티브,20260821,035720,카카오,136.00,"5,263,200","4,868,800",0.12
364690,KODEX 혁신기술테마액티브,20260821,071050,한국금융지주,25.00,"4,670,000","4,612,500",0.12
364690,KODEX 혁신기술테마액티브,20260821,006260,LS,15.00,"4,702,500","4,402,500",0.11
364690,KODEX 혁신기술테마액티브,20260821,028050,삼성E&A,90.00,"4,324,500","4,063,500",0.10
364690,KODEX 혁신기술테마액티브,20260821,161390,한국타이어앤테크놀로지,57.00,"3,790,500","3,762,000",0.10
364690,KODEX 혁신기술테마액티브,20260821,090430,아모레퍼시픽,27.00,"3,688,200","3,726,000",0.10
364690,KODEX 혁신기술테마액티브,20260821,016360,삼성증권,40.00,"3,696,000","3,680,000",0.09
364690,KODEX 혁신기술테마액티브,20260821,180640,한진칼,30.00,"3,435,000","3,537,000",0.09
364690,KODEX 혁신기술테마액티브,20260821,064800,포니링크,"1,253.00","3,408,160","3,414,425",0.09
364690,KODEX 혁신기술테마액티브,20260821,011200,HMM,158.00,"3,349,600","3,412,800",0.09
364690,KODEX 혁신기술테마액티브,20260821,005940,NH투자증권,129.00,"3,418,500","3,366,900",0.09
364690,KODEX 혁신기술테마액티브,20260821,021240,코웨이,34.00,"3,175,600","3,260,600",0.08
364690,KODEX 혁신기술테마액티브,20260821,039490,키움증권,12.00,"3,306,000","3,216,000",0.08
364690,KODEX 혁신기술테마액티브,20260821,329180,HD현대중공업,7.00,"3,328,500","3,171,000",0.08
364690,KODEX 혁신기술테마액티브,20260821,047040,대우건설,190.00,"3,174,900","3,026,700",0.08
364690,KODEX 혁신기술테마액티브,20260821,326030,SK바이오팜,36.00,"3,114,000","3,013,200",0.08
364690,KODEX 혁신기술테마액티브,20260821,000100,유한양행,36.00,"3,002,400","2,962,800",0.08
364690,KODEX 혁신기술테마액티브,20260821,006400,삼성SDI,6.00,"2,997,000","2,868,000",0.07
364690,KODEX 혁신기술테마액티브,20260821,352820,하이브,17.00,"2,947,800","2,854,300",0.07
364690,KODEX 혁신기술테마액티브,20260821,047050,포스코인터내셔널,56.00,"2,928,800","2,833,600",0.07
364690,KODEX 혁신기술테마액티브,20260821,042700,한미반도체,13.00,"2,931,500","2,775,500",0.07
364690,KODEX 혁신기술테마액티브,20260821,241560,두산밥캣,46.00,"2,704,800","2,663,400",0.07
364690,KODEX 혁신기술테마액티브,20260821,128940,한미약품,6.00,"2,394,000","2,493,000",0.06
364690,KODEX 혁신기술테마액티브,20260821,029780,삼성카드,52.00,"2,394,600","2,399,800",0.06
364690,KODEX 혁신기술테마액티브,20260821,001440,대한전선,85.00,"2,409,750","2,265,250",0.06
364690,KODEX 혁신기술테마액티브,20260821,271560,오리온,18.00,"2,242,800","2,257,200",0.06
364690,KODEX 혁신기술테마액티브,20260821,036570,NC,10.00,"2,205,000","2,245,000",0.06
364690,KODEX 혁신기술테마액티브,20260821,051900,LG생활건강,7.00,"2,131,500","2,191,000",0.06
364690,KODEX 혁신기술테마액티브,20260821,088350,한화생명,397.00,"2,187,470","2,171,590",0.06
364690,KODEX 혁신기술테마액티브,20260821,138930,BNK금융지주,149.00,"2,130,700","2,132,190",0.05
364690,KODEX 혁신기술테마액티브,20260821,010060,OCI홀딩스,8.00,"2,320,000","2,120,000",0.05
364690,KODEX 혁신기술테마액티브,20260821,034220,LG디스플레이,216.00,"2,084,400","2,052,000",0.05
364690,KODEX 혁신기술테마액티브,20260821,001450,현대해상,41.00,"2,002,850","2,039,750",0.05
364690,KODEX 혁신기술테마액티브,20260821,004170,신세계,5.00,"2,022,500","2,002,500",0.05
364690,KODEX 혁신기술테마액티브,20260821,246710,티앤알바이오팹,808.00,"2,028,080","1,979,600",0.05
364690,KODEX 혁신기술테마액티브,20260821,002380,KCC,4.00,"1,898,000","1,936,000",0.05
364690,KODEX 혁신기술테마액티브,20260821,011790,SKC,22.00,"1,898,600","1,834,800",0.05
364690,KODEX 혁신기술테마액티브,20260821,004020,현대제철,61.00,"1,711,050","1,647,000",0.04
364690,KODEX 혁신기술테마액티브,20260821,011780,금호석유화학,14.00,"1,680,000","1,640,800",0.04
364690,KODEX 혁신기술테마액티브,20260821,001040,CJ,13.00,"1,597,700","1,576,900",0.04
364690,KODEX 혁신기술테마액티브,20260821,111770,영원무역,20.00,"1,486,000","1,494,000",0.04
364690,KODEX 혁신기술테마액티브,20260821,251270,넷마블,39.00,"1,462,500","1,444,950",0.04
364690,KODEX 혁신기술테마액티브,20260821,008930,한미사이언스,32.00,"1,416,000","1,438,400",0.04
364690,KODEX 혁신기술테마액티브,20260821,028670,팬오션,244.00,"1,407,880","1,427,400",0.04
364690,KODEX 혁신기술테마액티브,20260821,035250,강원랜드,98.00,"1,403,360","1,402,380",0.04
364690,KODEX 혁신기술테마액티브,20260821,017800,현대엘리베이터,19.00,"1,379,400","1,371,800",0.04
364690,KODEX 혁신기술테마액티브,20260821,161890,한국콜마,10.00,"1,378,000","1,367,000",0.03
364690,KODEX 혁신기술테마액티브,20260821,009420,한올바이오파마,24.00,"1,502,400","1,356,000",0.03
364690,KODEX 혁신기술테마액티브,20260821,192820,코스맥스,5.00,"1,302,500","1,355,000",0.03
364690,KODEX 혁신기술테마액티브,20260821,181710,NHN,18.00,"1,294,200","1,353,600",0.03
364690,KODEX 혁신기술테마액티브,20260821,012750,에스원,17.00,"1,276,700","1,305,600",0.03
364690,KODEX 혁신기술테마액티브,20260821,004370,농심,3.00,"1,323,000","1,297,500",0.03
364690,KODEX 혁신기술테마액티브,20260821,097950,CJ제일제당,7.00,"1,293,600","1,288,000",0.03
364690,KODEX 혁신기술테마액티브,20260821,302440,SK바이오사이언스,35.00,"1,321,250","1,277,500",0.03
364690,KODEX 혁신기술테마액티브,20260821,267270,HD건설기계,11.00,"1,340,900","1,270,500",0.03
364690,KODEX 혁신기술테마액티브,20260821,383220,F&F,20.00,"1,238,000","1,244,000",0.03
364690,KODEX 혁신기술테마액티브,20260821,375500,DL이앤씨,18.00,"1,281,600","1,227,600",0.03
364690,KODEX 혁신기술테마액티브,20260821,026960,동서,46.00,"1,173,000","1,182,200",0.03
364690,KODEX 혁신기술테마액티브,20260821,081660,미스토홀딩스,28.00,"1,155,000","1,169,000",0.03
364690,KODEX 혁신기술테마액티브,20260821,018880,한온시스템,343.00,"1,205,645","1,166,200",0.03
364690,KODEX 혁신기술테마액티브,20260821,005850,에스엘,22.00,"1,181,400","1,152,800",0.03
364690,KODEX 혁신기술테마액티브,20260821,003690,코리안리,79.00,"1,154,980","1,148,660",0.03
364690,KODEX 혁신기술테마액티브,20260821,282330,BGF리테일,8.00,"1,142,400","1,131,200",0.03
364690,KODEX 혁신기술테마액티브,20260821,336260,두산퓨얼셀,30.00,"1,219,500","1,110,000",0.03
364690,KODEX 혁신기술테마액티브,20260821,004990,롯데지주,48.00,"1,092,000","1,094,400",0.03
364690,KODEX 혁신기술테마액티브,20260821,204320,HL만도,21.00,"1,138,200","1,081,500",0.03
364690,KODEX 혁신기술테마액티브,20260821,011170,롯데케미칼,19.00,"1,050,700","1,031,700",0.03
364690,KODEX 혁신기술테마액티브,20260821,069960,현대백화점,11.00,"1,039,500","1,027,400",0.03
364690,KODEX 혁신기술테마액티브,20260821,000240,한국앤컴퍼니,43.00,"1,014,800","999,750",0.03
364690,KODEX 혁신기술테마액티브,20260821,002790,아모레퍼시픽홀딩스,38.00,"984,200","988,000",0.03
364690,KODEX 혁신기술테마액티브,20260821,030000,제일기획,52.00,"977,600","982,800",0.03
364690,KODEX 혁신기술테마액티브,20260821,073240,금호타이어,131.00,"972,020","949,750",0.02
364690,KODEX 혁신기술테마액티브,20260821,139480,이마트,13.00,"942,500","934,700",0.02
364690,KODEX 혁신기술테마액티브,20260821,018670,SK가스,4.00,"918,000","934,000",0.02
364690,KODEX 혁신기술테마액티브,20260821,487570,HS효성,20.00,"933,000","900,000",0.02
364690,KODEX 혁신기술테마액티브,20260821,112610,씨에스윈드,19.00,"919,600","884,450",0.02
364690,KODEX 혁신기술테마액티브,20260821,003240,태광산업,1.00,"875,000","861,000",0.02
364690,KODEX 혁신기술테마액티브,20260821,023590,다우기술,21.00,"815,850","816,900",0.02
364690,KODEX 혁신기술테마액티브,20260821,001740,SK네트웍스,113.00,"798,910","769,530",0.02
364690,KODEX 혁신기술테마액티브,20260821,001800,오리온홀딩스,29.00,"739,500","739,500",0.02
364690,KODEX 혁신기술테마액티브,20260821,000120,CJ대한통운,10.00,"735,000","734,000",0.02
364690,KODEX 혁신기술테마액티브,20260821,007070,GS리테일,28.00,"747,600","722,400",0.02
364690,KODEX 혁신기술테마액티브,20260821,008770,호텔신라,17.00,"723,350","719,100",0.02
364690,KODEX 혁신기술테마액티브,20260821,011210,현대위아,12.00,"736,800","712,800",0.02
364690,KODEX 혁신기술테마액티브,20260821,001120,LX인터내셔널,18.00,"682,200","682,200",0.02
364690,KODEX 혁신기술테마액티브,20260821,007310,오뚜기,2.00,"647,000","646,000",0.02
364690,KODEX 혁신기술테마액티브,20260821,001430,세아베스틸지주,16.00,"657,600","629,600",0.02
364690,KODEX 혁신기술테마액티브,20260821,298020,효성티앤씨,2.00,"641,000","624,000",0.02
364690,KODEX 혁신기술테마액티브,20260821,020150,롯데에너지머티리얼즈,21.00,"672,000","618,450",0.02
364690,KODEX 혁신기술테마액티브,20260821,006280,녹십자,5.00,"627,000","610,500",0.02
364690,KODEX 혁신기술테마액티브,20260821,069620,대웅제약,5.00,"604,500","597,500",0.02
364690,KODEX 혁신기술테마액티브,20260821,120110,코오롱인더,12.00,"654,000","595,800",0.02
364690,KODEX 혁신기술테마액티브,20260821,192080,더블유게임즈,9.00,"505,800","534,600",0.01
364690,KODEX 혁신기술테마액티브,20260821,004000,롯데정밀화학,12.00,"532,200","529,800",0.01
364690,KODEX 혁신기술테마액티브,20260821,000080,하이트진로,32.00,"484,160","487,680",0.01
364690,KODEX 혁신기술테마액티브,20260821,003530,한화투자증권,98.00,"463,540","477,260",0.01
364690,KODEX 혁신기술테마액티브,20260821,000210,DL,10.00,"489,500","467,000",0.01
364690,KODEX 혁신기술테마액티브,20260821,006120,SK디스커버리,9.00,"460,800","460,800",0.01
364690,KODEX 혁신기술테마액티브,20260821,361610,SK아이이테크놀로지,33.00,"480,480","460,350",0.01
364690,KODEX 혁신기술테마액티브,20260821,003090,대웅,27.00,"450,900","439,830",0.01
364690,KODEX 혁신기술테마액티브,20260821,009240,한샘,11.00,"414,150","418,550",0.01
364690,KODEX 혁신기술테마액티브,20260821,285130,SK케미칼,8.00,"392,000","396,800",0.01
364690,KODEX 혁신기술테마액티브,20260821,000670,영풍,10.00,"381,000","373,000",0.01
364690,KODEX 혁신기술테마액티브,20260821,214320,이노션,18.00,"339,840","338,220",0.01
364690,KODEX 혁신기술테마액티브,20260821,185750,종근당,5.00,"336,000","334,500",0.01
364690,KODEX 혁신기술테마액티브,20260821,005440,현대지에프홀딩스,29.00,"336,400","330,600",0.01
364690,KODEX 혁신기술테마액티브,20260821,004490,세방전지,6.00,"330,600","327,000",0.01
364690,KODEX 혁신기술테마액티브,20260821,298050,HS효성첨단소재,2.00,"332,800","321,200",0.01
364690,KODEX 혁신기술테마액티브,20260821,456040,OCI,4.00,"323,200","320,400",0.01
364690,KODEX 혁신기술테마액티브,20260821,005880,대한해운,146.00,"288,642","298,570",0.01
364690,KODEX 혁신기술테마액티브,20260821,248070,솔루엠,23.00,"308,200","292,560",0.01
364690,KODEX 혁신기술테마액티브,20260821,005690,파미셀,27.00,"320,220","287,820",0.01
364690,KODEX 혁신기술테마액티브,20260821,003850,보령,31.00,"283,650","277,140",0.01
364690,KODEX 혁신기술테마액티브,20260821,001680,대상,16.00,"281,120","277,120",0.01
364690,KODEX 혁신기술테마액티브,20260821,453340,현대그린푸드,15.00,"271,950","269,550",0.01
364690,KODEX 혁신기술테마액티브,20260821,002840,미원상사,2.00,"243,400","248,600",0.01
364690,KODEX 혁신기술테마액티브,20260821,014820,동원시스템즈,12.00,"246,600","246,600",0.01
364690,KODEX 혁신기술테마액티브,20260821,016380,KG스틸,46.00,"250,240","243,340",0.01
364690,KODEX 혁신기술테마액티브,20260821,006650,대한유화,3.00,"244,800","240,900",0.01
364690,KODEX 혁신기술테마액티브,20260821,499790,GS피앤엘,6.00,"239,700","238,800",0.01
364690,KODEX 혁신기술테마액티브,20260821,460860,동국제강,26.00,"247,520","237,640",0.01
364690,KODEX 혁신기술테마액티브,20260821,336370,솔루스첨단소재,32.00,"237,440","224,960",0.01
364690,KODEX 혁신기술테마액티브,20260821,010780,아이에스동서,14.00,"224,700","210,840",0.01
364690,KODEX 혁신기술테마액티브,20260821,005250,녹십자홀딩스,21.00,"215,880","209,160",0.01
364690,KODEX 혁신기술테마액티브,20260821,003000,부광약품,43.00,"184,470","177,590",0.00
364690,KODEX 혁신기술테마액티브,20260821,031430,신세계인터내셔날,15.00,"154,050","152,850",0.00
364690,KODEX 혁신기술테마액티브,20260821,009900,명신산업,19.00,"152,190","145,160",0.00
364690,KODEX 혁신기술테마액티브,20260821,003520,영진약품,84.00,"102,396","99,708",0.00
364690,KODEX 혁신기술테마액티브,20260821,460850,동국씨엠,16.00,"83,680","82,400",0.00
364690,KODEX 혁신기술테마액티브,20260821,001230,동국홀딩스,41.00,"79,704","77,982",0.00
364690,KODEX 혁신기술테마액티브,20260821,013890,지누스,8.00,"59,360","58,720",0.00
364690,KODEX 혁신기술테마액티브,20260821,KRD010010001,원화현금,-,-,"91,285,670",2.33
0172Y0,ACE K수출핵심TOP10산업액티브,20260818,005930,삼성전자,348.00,"95,526,000","93,438,000",19.15
0172Y0,ACE K수출핵심TOP10산업액티브,20260818,000660,SK하이닉스,53.00,"87,185,000","88,086,000",18.05
0172Y0,ACE K수출핵심TOP10산업액티브,20260818,298040,효성중공업,7.00,"20,678,000","20,888,000",4.28
0172Y0,ACE K수출핵심TOP10산업액티브,20260818,009150,삼성전기,14.00,"21,812,000","20,160,000",4.13
0172Y0,ACE K수출핵심TOP10산업액티브,20260818,012450,한화에어로스페이스,17.00,"19,720,000","19,482,000",3.99
0172Y0,ACE K수출핵심TOP10산업액티브,20260818,000720,현대건설,169.00,"19,570,200","18,606,900",3.81
0172Y0,ACE K수출핵심TOP10산업액티브,20260818,034020,두산에너빌리티,238.00,"19,658,800","18,540,200",3.80
0172Y0,ACE K수출핵심TOP10산업액티브,20260818,214450,파마리서치,47.00,"18,706,000","18,471,000",3.79
0172Y0,ACE K수출핵심TOP10산업액티브,20260818,010120,LS ELECTRIC,87.00,"17,965,500","18,183,000",3.73
0172Y0,ACE K수출핵심TOP10산업액티브,20260818,005380,현대차,41.00,"18,573,000","17,835,000",3.66
0172Y0,ACE K수출핵심TOP10산업액티브,20260818,095610,테스,123.00,"18,142,500","17,589,000",3.61
0172Y0,ACE K수출핵심TOP10산업액티브,20260818,000150,두산,14.00,"17,864,000","17,500,000",3.59
0172Y0,ACE K수출핵심TOP10산업액티브,20260818,373220,LG에너지솔루션,49.00,"18,105,500","17,199,000",3.53
0172Y0,ACE K수출핵심TOP10산업액티브,20260818,402340,SK스퀘어,15.00,"17,310,000","17,025,000",3.49
0172Y0,ACE K수출핵심TOP10산업액티브,20260818,207940,삼성바이오로직스,11.00,"17,028,000","16,841,000",3.45
0172Y0,ACE K수출핵심TOP10산업액티브,20260818,028260,삼성물산,45.00,"16,605,000","16,605,000",3.40
0172Y0,ACE K수출핵심TOP10산업액티브,20260818,329180,HD현대중공업,33.00,"16,830,000","16,153,500",3.31
0172Y0,ACE K수출핵심TOP10산업액티브,20260818,012330,현대모비스,29.00,"15,863,000","15,022,000",3.08
0172Y0,ACE K수출핵심TOP10산업액티브,20260818,000270,기아,104.00,"14,736,800","14,268,800",2.92
0172Y0,ACE K수출핵심TOP10산업액티브,20260818,003230,삼양식품,2.00,"2,540,000","2,668,000",0.55
0172Y0,ACE K수출핵심TOP10산업액티브,20260818,KRD010010001,원화현금,-,-,"3,340,727",0.68
0172Y0,ACE K수출핵심TOP10산업액티브,20260819,005930,삼성전자,348.00,"93,438,000","86,130,000",18.49
0172Y0,ACE K수출핵심TOP10산업액티브,20260819,000660,SK하이닉스,53.00,"88,086,000","79,500,000",17.07
0172Y0,ACE K수출핵심TOP10산업액티브,20260819,298040,효성중공업,7.00,"20,888,000","20,356,000",4.37
0172Y0,ACE K수출핵심TOP10산업액티브,20260819,012450,한화에어로스페이스,17.00,"19,482,000","20,009,000",4.30
0172Y0,ACE K수출핵심TOP10산업액티브,20260819,000720,현대건설,169.00,"18,606,900","19,688,500",4.23
0172Y0,ACE K수출핵심TOP10산업액티브,20260819,009150,삼성전기,14.00,"20,160,000","19,418,000",4.17
0172Y0,ACE K수출핵심TOP10산업액티브,20260819,214450,파마리서치,47.00,"18,471,000","18,377,000",3.95
0172Y0,ACE K수출핵심TOP10산업액티브,20260819,034020,두산에너빌리티,238.00,"18,540,200","18,135,600",3.89
0172Y0,ACE K수출핵심TOP10산업액티브,20260819,095610,테스,123.00,"17,589,000","17,712,000",3.80
0172Y0,ACE K수출핵심TOP10산업액티브,20260819,010120,LS ELECTRIC,87.00,"18,183,000","17,574,000",3.77
0172Y0,ACE K수출핵심TOP10산업액티브,20260819,373220,LG에너지솔루션,49.00,"17,199,000","17,517,500",3.76
0172Y0,ACE K수출핵심TOP10산업액티브,20260819,207940,삼성바이오로직스,11.00,"16,841,000","16,984,000",3.65
0172Y0,ACE K수출핵심TOP10산업액티브,20260819,005380,현대차,41.00,"17,835,000","16,974,000",3.64
0172Y0,ACE K수출핵심TOP10산업액티브,20260819,000150,두산,14.00,"17,500,000","16,702,000",3.59
0172Y0,ACE K수출핵심TOP10산업액티브,20260819,329180,HD현대중공업,33.00,"16,153,500","15,642,000",3.36
0172Y0,ACE K수출핵심TOP10산업액티브,20260819,028260,삼성물산,45.00,"16,605,000","15,615,000",3.35
0172Y0,ACE K수출핵심TOP10산업액티브,20260819,402340,SK스퀘어,15.00,"17,025,000","15,060,000",3.23
0172Y0,ACE K수출핵심TOP10산업액티브,20260819,012330,현대모비스,29.00,"15,022,000","14,761,000",3.17
0172Y0,ACE K수출핵심TOP10산업액티브,20260819,000270,기아,104.00,"14,268,800","13,832,000",2.97
0172Y0,ACE K수출핵심TOP10산업액티브,20260819,003230,삼양식품,2.00,"2,668,000","2,608,000",0.56
0172Y0,ACE K수출핵심TOP10산업액티브,20260819,KRD010010001,원화현금,-,-,"3,117,888",0.67
0172Y0,ACE K수출핵심TOP10산업액티브,20260820,005930,삼성전자,348.00,"86,130,000","94,308,000",19.37
0172Y0,ACE K수출핵심TOP10산업액티브,20260820,000660,SK하이닉스,53.00,"79,500,000","89,623,000",18.40
0172Y0,ACE K수출핵심TOP10산업액티브,20260820,298040,효성중공업,7.00,"20,356,000","19,999,000",4.11
0172Y0,ACE K수출핵심TOP10산업액티브,20260820,012450,한화에어로스페이스,17.00,"20,009,000","19,839,000",4.07
0172Y0,ACE K수출핵심TOP10산업액티브,20260820,009150,삼성전기,14.00,"19,418,000","19,544,000",4.01
0172Y0,ACE K수출핵심TOP10산업액티브,20260820,214450,파마리서치,47.00,"18,377,000","19,434,500",3.99
0172Y0,ACE K수출핵심TOP10산업액티브,20260820,000720,현대건설,169.00,"19,688,500","19,232,200",3.95
0172Y0,ACE K수출핵심TOP10산업액티브,20260820,034020,두산에너빌리티,238.00,"18,135,600","18,064,200",3.71
0172Y0,ACE K수출핵심TOP10산업액티브,20260820,373220,LG에너지솔루션,49.00,"17,517,500","17,542,000",3.60
0172Y0,ACE K수출핵심TOP10산업액티브,20260820,095610,테스,123.00,"17,712,000","17,490,600",3.59
0172Y0,ACE K수출핵심TOP10산업액티브,20260820,010120,LS ELECTRIC,87.00,"17,574,000","17,330,400",3.56
0172Y0,ACE K수출핵심TOP10산업액티브,20260820,207940,삼성바이오로직스,11.00,"16,984,000","17,314,000",3.56
0172Y0,ACE K수출핵심TOP10산업액티브,20260820,005380,현대차,41.00,"16,974,000","17,117,500",3.51
0172Y0,ACE K수출핵심TOP10산업액티브,20260820,402340,SK스퀘어,15.00,"15,060,000","16,845,000",3.46
0172Y0,ACE K수출핵심TOP10산업액티브,20260820,028260,삼성물산,45.00,"15,615,000","16,830,000",3.46
0172Y0,ACE K수출핵심TOP10산업액티브,20260820,000150,두산,14.00,"16,702,000","16,492,000",3.39
0172Y0,ACE K수출핵심TOP10산업액티브,20260820,329180,HD현대중공업,33.00,"15,642,000","15,691,500",3.22
0172Y0,ACE K수출핵심TOP10산업액티브,20260820,012330,현대모비스,29.00,"14,761,000","14,703,000",3.02
0172Y0,ACE K수출핵심TOP10산업액티브,20260820,000270,기아,104.00,"13,832,000","13,634,400",2.80
0172Y0,ACE K수출핵심TOP10산업액티브,20260820,003230,삼양식품,2.00,"2,608,000","2,794,000",0.57
0172Y0,ACE K수출핵심TOP10산업액티브,20260820,KRD010010001,원화현금,-,-,"3,172,032",0.65
0172Y0,ACE K수출핵심TOP10산업액티브,20260821,005930,삼성전자,348.00,"94,308,000","97,962,000",20.33
0172Y0,ACE K수출핵심TOP10산업액티브,20260821,000660,SK하이닉스,53.00,"89,623,000","91,690,000",19.02
0172Y0,ACE K수출핵심TOP10산업액티브,20260821,298040,효성중공업,7.00,"19,999,000","19,047,000",3.95
0172Y0,ACE K수출핵심TOP10산업액티브,20260821,214450,파마리서치,47.00,"19,434,500","18,823,500",3.91
0172Y0,ACE K수출핵심TOP10산업액티브,20260821,012450,한화에어로스페이스,17.00,"19,839,000","18,445,000",3.83
0172Y0,ACE K수출핵심TOP10산업액티브,20260821,009150,삼성전기,14.00,"19,544,000","18,424,000",3.82
0172Y0,ACE K수출핵심TOP10산업액티브,20260821,000720,현대건설,169.00,"19,232,200","17,846,400",3.70
0172Y0,ACE K수출핵심TOP10산업액티브,20260821,028260,삼성물산,45.00,"16,830,000","17,797,500",3.69
0172Y0,ACE K수출핵심TOP10산업액티브,20260821,034020,두산에너빌리티,238.00,"18,064,200","17,445,400",3.62
0172Y0,ACE K수출핵심TOP10산업액티브,20260821,207940,삼성바이오로직스,11.00,"17,314,000","17,061,000",3.54
0172Y0,ACE K수출핵심TOP10산업액티브,20260821,005380,현대차,41.00,"17,117,500","17,015,000",3.53
0172Y0,ACE K수출핵심TOP10산업액티브,20260821,402340,SK스퀘어,15.00,"16,845,000","16,845,000",3.50
0172Y0,ACE K수출핵심TOP10산업액티브,20260821,373220,LG에너지솔루션,49.00,"17,542,000","16,831,500",3.49
0172Y0,ACE K수출핵심TOP10산업액티브,20260821,095610,테스,123.00,"17,490,600","16,346,700",3.39
0172Y0,ACE K수출핵심TOP10산업액티브,20260821,010120,LS ELECTRIC,87.00,"17,330,400","16,269,000",3.38
0172Y0,ACE K수출핵심TOP10산업액티브,20260821,000150,두산,14.00,"16,492,000","15,092,000",3.13
0172Y0,ACE K수출핵심TOP10산업액티브,20260821,329180,HD현대중공업,33.00,"15,691,500","14,949,000",3.10
0172Y0,ACE K수출핵심TOP10산업액티브,20260821,012330,현대모비스,29.00,"14,703,000","14,384,000",2.98
0172Y0,ACE K수출핵심TOP10산업액티브,20260821,000270,기아,104.00,"13,634,400","13,613,600",2.82
0172Y0,ACE K수출핵심TOP10산업액티브,20260821,003230,삼양식품,2.00,"2,794,000","2,732,000",0.57
0172Y0,ACE K수출핵심TOP10산업액티브,20260821,KRD010010001,원화현금,-,-,"3,346,476",0.69
0074K0,KoAct K수출핵심기업TOP30액티브,20260818,005930,삼성전자,414.00,"113,643,000","111,159,000",12.72
0074K0,KoAct K수출핵심기업TOP30액티브,20260818,080220,제주반도체,"1,145.00","93,317,500","86,791,000",9.94
0074K0,KoAct K수출핵심기업TOP30액티브,20260818,000660,SK하이닉스,43.00,"70,735,000","71,466,000",8.18
0074K0,KoAct K수출핵심기업TOP30액티브,20260818,272210,한화시스템,677.00,"54,363,100","54,092,300",6.19
0074K0,KoAct K수출핵심기업TOP30액티브,20260818,012450,한화에어로스페이스,37.00,"42,920,000","42,402,000",4.85
0074K0,KoAct K수출핵심기업TOP30액티브,20260818,079550,LIG디펜스앤에어로스페이스,53.00,"43,195,000","42,135,000",4.82
0074K0,KoAct K수출핵심기업TOP30액티브,20260818,353200,대덕전자,346.00,"41,208,600","40,689,600",4.66
0074K0,KoAct K수출핵심기업TOP30액티브,20260818,278470,에이피알,102.00,"39,831,000","40,443,000",4.63
0074K0,KoAct K수출핵심기업TOP30액티브,20260818,329180,HD현대중공업,81.00,"41,310,000","39,649,500",4.54
0074K0,KoAct K수출핵심기업TOP30액티브,20260818,009150,삼성전기,24.00,"37,392,000","34,560,000",3.96
0074K0,KoAct K수출핵심기업TOP30액티브,20260818,012330,현대모비스,57.00,"31,179,000","29,526,000",3.38
0074K0,KoAct K수출핵심기업TOP30액티브,20260818,241710,코스메카코리아,229.00,"29,128,800","28,144,100",3.22
0074K0,KoAct K수출핵심기업TOP30액티브,20260818,066970,엘앤에프,265.00,"29,070,500","27,931,000",3.20
0074K0,KoAct K수출핵심기업TOP30액티브,20260818,005380,현대차,59.00,"26,727,000","25,665,000",2.94
0074K0,KoAct K수출핵심기업TOP30액티브,20260818,062040,산일전기,126.00,"22,995,000","22,579,200",2.58
0074K0,KoAct K수출핵심기업TOP30액티브,20260818,066570,LG전자,102.00,"21,930,000","21,216,000",2.43
0074K0,KoAct K수출핵심기업TOP30액티브,20260818,006400,삼성SDI,41.00,"21,156,000","20,008,000",2.29
0074K0,KoAct K수출핵심기업TOP30액티브,20260818,298040,효성중공업,6.00,"17,724,000","17,904,000",2.05
0074K0,KoAct K수출핵심기업TOP30액티브,20260818,007660,이수페타시스,173.00,"16,538,800","17,801,700",2.04
0074K0,KoAct K수출핵심기업TOP30액티브,20260818,207940,삼성바이오로직스,10.00,"15,480,000","15,310,000",1.75
0074K0,KoAct K수출핵심기업TOP30액티브,20260818,042660,한화오션,162.00,"15,519,600","14,725,800",1.69
0074K0,KoAct K수출핵심기업TOP30액티브,20260818,267260,HD현대일렉트릭,17.00,"13,651,000","13,345,000",1.53
0074K0,KoAct K수출핵심기업TOP30액티브,20260818,068270,셀트리온,62.00,"12,462,000","12,121,000",1.39
0074K0,KoAct K수출핵심기업TOP30액티브,20260818,126340,비나텍,161.00,"11,736,900","10,722,600",1.23
0074K0,KoAct K수출핵심기업TOP30액티브,20260818,373220,LG에너지솔루션,28.00,"10,346,000","9,828,000",1.13
0074K0,KoAct K수출핵심기업TOP30액티브,20260818,214450,파마리서치,21.00,"8,358,000","8,253,000",0.94
0074K0,KoAct K수출핵심기업TOP30액티브,20260818,093370,후성,442.00,"5,480,800","5,732,740",0.66
0074K0,KoAct K수출핵심기업TOP30액티브,20260818,058470,리노공업,40.00,"2,832,000","2,712,000",0.31
0074K0,KoAct K수출핵심기업TOP30액티브,20260818,043260,성호전자,104.00,"2,121,600","2,230,800",0.26
0074K0,KoAct K수출핵심기업TOP30액티브,20260818,047810,한국항공우주,9.00,"1,317,600","1,260,000",0.14
0074K0,KoAct K수출핵심기업TOP30액티브,20260818,237690,에스티팜,8.00,"851,200","802,400",0.09
0074K0,KoAct K수출핵심기업TOP30액티브,20260818,KRD010010001,원화현금,-,-,"2,344,739",0.27
0074K0,KoAct K수출핵심기업TOP30액티브,20260819,005930,삼성전자,414.00,"111,159,000","102,465,000",12.14
0074K0,KoAct K수출핵심기업TOP30액티브,20260819,080220,제주반도체,"1,145.00","86,791,000","84,272,000",9.98
0074K0,KoAct K수출핵심기업TOP30액티브,20260819,000660,SK하이닉스,43.00,"71,466,000","64,500,000",7.64
0074K0,KoAct K수출핵심기업TOP30액티브,20260819,272210,한화시스템,677.00,"54,092,300","51,452,000",6.09
0074K0,KoAct K수출핵심기업TOP30액티브,20260819,012450,한화에어로스페이스,37.00,"42,402,000","43,549,000",5.16
0074K0,KoAct K수출핵심기업TOP30액티브,20260819,079550,LIG디펜스앤에어로스페이스,53.00,"42,135,000","42,188,000",5.00
0074K0,KoAct K수출핵심기업TOP30액티브,20260819,353200,대덕전자,346.00,"40,689,600","39,513,200",4.68
0074K0,KoAct K수출핵심기업TOP30액티브,20260819,278470,에이피알,102.00,"40,443,000","39,117,000",4.63
0074K0,KoAct K수출핵심기업TOP30액티브,20260819,329180,HD현대중공업,81.00,"39,649,500","38,394,000",4.55
0074K0,KoAct K수출핵심기업TOP30액티브,20260819,009150,삼성전기,24.00,"34,560,000","33,288,000",3.94
0074K0,KoAct K수출핵심기업TOP30액티브,20260819,012330,현대모비스,57.00,"29,526,000","29,013,000",3.44
0074K0,KoAct K수출핵심기업TOP30액티브,20260819,241710,코스메카코리아,229.00,"28,144,100","28,304,400",3.35
0074K0,KoAct K수출핵심기업TOP30액티브,20260819,066970,엘앤에프,265.00,"27,931,000","27,825,000",3.30
0074K0,KoAct K수출핵심기업TOP30액티브,20260819,005380,현대차,59.00,"25,665,000","24,426,000",2.89
0074K0,KoAct K수출핵심기업TOP30액티브,20260819,062040,산일전기,126.00,"22,579,200","22,138,200",2.62
0074K0,KoAct K수출핵심기업TOP30액티브,20260819,066570,LG전자,102.00,"21,216,000","20,553,000",2.43
0074K0,KoAct K수출핵심기업TOP30액티브,20260819,006400,삼성SDI,41.00,"20,008,000","19,967,000",2.37
0074K0,KoAct K수출핵심기업TOP30액티브,20260819,007660,이수페타시스,173.00,"17,801,700","18,061,200",2.14
0074K0,KoAct K수출핵심기업TOP30액티브,20260819,298040,효성중공업,6.00,"17,904,000","17,448,000",2.07
0074K0,KoAct K수출핵심기업TOP30액티브,20260819,207940,삼성바이오로직스,10.00,"15,310,000","15,440,000",1.83
0074K0,KoAct K수출핵심기업TOP30액티브,20260819,042660,한화오션,162.00,"14,725,800","14,272,200",1.69
0074K0,KoAct K수출핵심기업TOP30액티브,20260819,267260,HD현대일렉트릭,17.00,"13,345,000","12,784,000",1.51
0074K0,KoAct K수출핵심기업TOP30액티브,20260819,068270,셀트리온,62.00,"12,121,000","12,034,200",1.43
0074K0,KoAct K수출핵심기업TOP30액티브,20260819,126340,비나텍,161.00,"10,722,600","10,368,400",1.23
0074K0,KoAct K수출핵심기업TOP30액티브,20260819,373220,LG에너지솔루션,28.00,"9,828,000","10,010,000",1.19
0074K0,KoAct K수출핵심기업TOP30액티브,20260819,214450,파마리서치,21.00,"8,253,000","8,211,000",0.97
0074K0,KoAct K수출핵심기업TOP30액티브,20260819,093370,후성,442.00,"5,732,740","5,529,420",0.65
0074K0,KoAct K수출핵심기업TOP30액티브,20260819,058470,리노공업,40.00,"2,712,000","2,716,000",0.32
0074K0,KoAct K수출핵심기업TOP30액티브,20260819,043260,성호전자,104.00,"2,230,800","2,047,760",0.24
0074K0,KoAct K수출핵심기업TOP30액티브,20260819,047810,한국항공우주,9.00,"1,260,000","1,221,300",0.14
0074K0,KoAct K수출핵심기업TOP30액티브,20260819,237690,에스티팜,8.00,"802,400","794,400",0.09
0074K0,KoAct K수출핵심기업TOP30액티브,20260819,KRD010010001,원화현금,-,-,"2,355,487",0.28
0074K0,KoAct K수출핵심기업TOP30액티브,20260820,005930,삼성전자,414.00,"102,465,000","112,194,000",12.89
0074K0,KoAct K수출핵심기업TOP30액티브,20260820,080220,제주반도체,"1,145.00","84,272,000","87,592,500",10.06
0074K0,KoAct K수출핵심기업TOP30액티브,20260820,000660,SK하이닉스,43.00,"64,500,000","72,713,000",8.35
0074K0,KoAct K수출핵심기업TOP30액티브,20260820,272210,한화시스템,677.00,"51,452,000","50,978,100",5.86
0074K0,KoAct K수출핵심기업TOP30액티브,20260820,012450,한화에어로스페이스,37.00,"43,549,000","43,179,000",4.96
0074K0,KoAct K수출핵심기업TOP30액티브,20260820,079550,LIG디펜스앤에어로스페이스,53.00,"42,188,000","41,711,000",4.79
0074K0,KoAct K수출핵심기업TOP30액티브,20260820,278470,에이피알,102.00,"39,117,000","39,372,000",4.52
0074K0,KoAct K수출핵심기업TOP30액티브,20260820,353200,대덕전자,346.00,"39,513,200","39,236,400",4.51
0074K0,KoAct K수출핵심기업TOP30액티브,20260820,329180,HD현대중공업,81.00,"38,394,000","38,515,500",4.42
0074K0,KoAct K수출핵심기업TOP30액티브,20260820,009150,삼성전기,24.00,"33,288,000","33,504,000",3.85
0074K0,KoAct K수출핵심기업TOP30액티브,20260820,241710,코스메카코리아,229.00,"28,304,400","31,418,800",3.61
0074K0,KoAct K수출핵심기업TOP30액티브,20260820,012330,현대모비스,57.00,"29,013,000","28,899,000",3.32
0074K0,KoAct K수출핵심기업TOP30액티브,20260820,066970,엘앤에프,265.00,"27,825,000","28,620,000",3.29
0074K0,KoAct K수출핵심기업TOP30액티브,20260820,005380,현대차,59.00,"24,426,000","24,632,500",2.83
0074K0,KoAct K수출핵심기업TOP30액티브,20260820,062040,산일전기,126.00,"22,138,200","22,579,200",2.59
0074K0,KoAct K수출핵심기업TOP30액티브,20260820,066570,LG전자,102.00,"20,553,000","20,655,000",2.37
0074K0,KoAct K수출핵심기업TOP30액티브,20260820,006400,삼성SDI,41.00,"19,967,000","20,479,500",2.35
0074K0,KoAct K수출핵심기업TOP30액티브,20260820,007660,이수페타시스,173.00,"18,061,200","18,165,000",2.09
0074K0,KoAct K수출핵심기업TOP30액티브,20260820,298040,효성중공업,6.00,"17,448,000","17,142,000",1.97
0074K0,KoAct K수출핵심기업TOP30액티브,20260820,207940,삼성바이오로직스,10.00,"15,440,000","15,740,000",1.81
0074K0,KoAct K수출핵심기업TOP30액티브,20260820,042660,한화오션,162.00,"14,272,200","14,337,000",1.65
0074K0,KoAct K수출핵심기업TOP30액티브,20260820,267260,HD현대일렉트릭,17.00,"12,784,000","12,682,000",1.46
0074K0,KoAct K수출핵심기업TOP30액티브,20260820,068270,셀트리온,62.00,"12,034,200","12,034,200",1.38
0074K0,KoAct K수출핵심기업TOP30액티브,20260820,126340,비나텍,161.00,"10,368,400","10,803,100",1.24
0074K0,KoAct K수출핵심기업TOP30액티브,20260820,373220,LG에너지솔루션,28.00,"10,010,000","10,024,000",1.15
0074K0,KoAct K수출핵심기업TOP30액티브,20260820,214450,파마리서치,21.00,"8,211,000","8,683,500",1.00
0074K0,KoAct K수출핵심기업TOP30액티브,20260820,093370,후성,442.00,"5,529,420","5,494,060",0.63
0074K0,KoAct K수출핵심기업TOP30액티브,20260820,058470,리노공업,40.00,"2,716,000","2,780,000",0.32
0074K0,KoAct K수출핵심기업TOP30액티브,20260820,043260,성호전자,104.00,"2,047,760","2,017,600",0.23
0074K0,KoAct K수출핵심기업TOP30액티브,20260820,047810,한국항공우주,9.00,"1,221,300","1,212,300",0.14
0074K0,KoAct K수출핵심기업TOP30액티브,20260820,237690,에스티팜,8.00,"794,400","887,200",0.10
0074K0,KoAct K수출핵심기업TOP30액티브,20260820,KRD010010001,원화현금,-,-,"2,366,197",0.27
0074K0,KoAct K수출핵심기업TOP30액티브,20260821,005930,삼성전자,414.00,"112,194,000","116,541,000",13.80
0074K0,KoAct K수출핵심기업TOP30액티브,20260821,080220,제주반도체,"1,145.00","87,592,500","84,157,500",9.97
0074K0,KoAct K수출핵심기업TOP30액티브,20260821,000660,SK하이닉스,43.00,"72,713,000","74,390,000",8.81
0074K0,KoAct K수출핵심기업TOP30액티브,20260821,272210,한화시스템,677.00,"50,978,100","47,593,100",5.64
0074K0,KoAct K수출핵심기업TOP30액티브,20260821,012450,한화에어로스페이스,37.00,"43,179,000","40,145,000",4.75
0074K0,KoAct K수출핵심기업TOP30액티브,20260821,278470,에이피알,102.00,"39,372,000","39,270,000",4.65
0074K0,KoAct K수출핵심기업TOP30액티브,20260821,079550,LIG디펜스앤에어로스페이스,53.00,"41,711,000","36,835,000",4.36
0074K0,KoAct K수출핵심기업TOP30액티브,20260821,329180,HD현대중공업,81.00,"38,515,500","36,693,000",4.35
0074K0,KoAct K수출핵심기업TOP30액티브,20260821,353200,대덕전자,346.00,"39,236,400","36,087,800",4.27
0074K0,KoAct K수출핵심기업TOP30액티브,20260821,009150,삼성전기,24.00,"33,504,000","31,584,000",3.74
0074K0,KoAct K수출핵심기업TOP30액티브,20260821,241710,코스메카코리아,229.00,"31,418,800","31,441,700",3.72
0074K0,KoAct K수출핵심기업TOP30액티브,20260821,012330,현대모비스,57.00,"28,899,000","28,272,000",3.35
0074K0,KoAct K수출핵심기업TOP30액티브,20260821,066970,엘앤에프,265.00,"28,620,000","27,692,500",3.28
0074K0,KoAct K수출핵심기업TOP30액티브,20260821,005380,현대차,59.00,"24,632,500","24,485,000",2.90
0074K0,KoAct K수출핵심기업TOP30액티브,20260821,062040,산일전기,126.00,"22,579,200","20,764,800",2.46
0074K0,KoAct K수출핵심기업TOP30액티브,20260821,066570,LG전자,102.00,"20,655,000","19,839,000",2.35
0074K0,KoAct K수출핵심기업TOP30액티브,20260821,006400,삼성SDI,41.00,"20,479,500","19,598,000",2.32
0074K0,KoAct K수출핵심기업TOP30액티브,20260821,007660,이수페타시스,173.00,"18,165,000","17,178,900",2.03
0074K0,KoAct K수출핵심기업TOP30액티브,20260821,298040,효성중공업,6.00,"17,142,000","16,326,000",1.93
0074K0,KoAct K수출핵심기업TOP30액티브,20260821,207940,삼성바이오로직스,10.00,"15,740,000","15,510,000",1.84
0074K0,KoAct K수출핵심기업TOP30액티브,20260821,042660,한화오션,162.00,"14,337,000","13,640,400",1.62
0074K0,KoAct K수출핵심기업TOP30액티브,20260821,267260,HD현대일렉트릭,17.00,"12,682,000","12,206,000",1.45
0074K0,KoAct K수출핵심기업TOP30액티브,20260821,068270,셀트리온,62.00,"12,034,200","11,922,600",1.41
0074K0,KoAct K수출핵심기업TOP30액티브,20260821,126340,비나텍,161.00,"10,803,100","9,998,100",1.18
0074K0,KoAct K수출핵심기업TOP30액티브,20260821,373220,LG에너지솔루션,28.00,"10,024,000","9,618,000",1.14
0074K0,KoAct K수출핵심기업TOP30액티브,20260821,214450,파마리서치,21.00,"8,683,500","8,410,500",1.00
0074K0,KoAct K수출핵심기업TOP30액티브,20260821,093370,후성,442.00,"5,494,060","5,277,480",0.63
0074K0,KoAct K수출핵심기업TOP30액티브,20260821,058470,리노공업,40.00,"2,780,000","2,628,000",0.31
0074K0,KoAct K수출핵심기업TOP30액티브,20260821,043260,성호전자,104.00,"2,017,600","1,884,480",0.22
0074K0,KoAct K수출핵심기업TOP30액티브,20260821,047810,한국항공우주,9.00,"1,212,300","1,170,000",0.14
0074K0,KoAct K수출핵심기업TOP30액티브,20260821,237690,에스티팜,8.00,"887,200","797,600",0.09
0074K0,KoAct K수출핵심기업TOP30액티브,20260821,KRD010010001,원화현금,-,-,"2,358,718",0.28
487130,KoAct AI인프라액티브,20260818,005930,삼성전자,600.00,"164,700,000","161,100,000",11.54
487130,KoAct AI인프라액티브,20260818,000660,SK하이닉스,86.00,"141,470,000","142,932,000",10.24
487130,KoAct AI인프라액티브,20260818,009150,삼성전기,84.00,"130,872,000","120,960,000",8.67
487130,KoAct AI인프라액티브,20260818,010120,LS ELECTRIC,363.00,"74,959,500","75,867,000",5.44
487130,KoAct AI인프라액티브,20260818,353200,대덕전자,528.00,"62,884,800","62,092,800",4.45
487130,KoAct AI인프라액티브,20260818,095610,테스,416.00,"61,360,000","59,488,000",4.26
487130,KoAct AI인프라액티브,20260818,267260,HD현대일렉트릭,68.00,"54,604,000","53,380,000",3.83
487130,KoAct AI인프라액티브,20260818,039030,이오테크닉스,119.00,"48,076,000","49,266,000",3.53
487130,KoAct AI인프라액티브,20260818,006400,삼성SDI,94.00,"48,504,000","45,872,000",3.29
487130,KoAct AI인프라액티브,20260818,240810,원익IPS,385.00,"44,891,000","43,274,000",3.10
487130,KoAct AI인프라액티브,20260818,036930,주성엔지니어링,223.00,"39,649,400","39,983,900",2.87
487130,KoAct AI인프라액티브,20260818,319660,피에스케이,298.00,"39,961,800","39,336,000",2.82
487130,KoAct AI인프라액티브,20260818,062040,산일전기,219.00,"39,967,500","39,244,800",2.81
487130,KoAct AI인프라액티브,20260818,298040,효성중공업,13.00,"38,402,000","38,792,000",2.78
487130,KoAct AI인프라액티브,20260818,001440,대한전선,"1,341.00","40,162,950","38,486,700",2.76
487130,KoAct AI인프라액티브,20260818,064760,티씨케이,151.00,"36,844,000","35,032,000",2.51
487130,KoAct AI인프라액티브,20260818,078350,한양디지텍,"1,437.00","33,841,350","32,835,450",2.35
487130,KoAct AI인프라액티브,20260818,336260,두산퓨얼셀,874.00,"33,080,900","31,638,800",2.27
487130,KoAct AI인프라액티브,20260818,420770,기가비스,242.00,"29,064,200","31,000,200",2.22
487130,KoAct AI인프라액티브,20260818,000720,현대건설,253.00,"29,297,400","27,855,300",2.00
487130,KoAct AI인프라액티브,20260818,035420,NAVER,114.00,"25,992,000","24,738,000",1.77
487130,KoAct AI인프라액티브,20260818,083650,비에이치아이,420.00,"25,746,000","24,738,000",1.77
487130,KoAct AI인프라액티브,20260818,399720,가온칩스,403.00,"19,666,400","18,739,500",1.34
487130,KoAct AI인프라액티브,20260818,131290,티에스이,63.00,"16,380,000","16,947,000",1.21
487130,KoAct AI인프라액티브,20260818,327260,RF머트리얼즈,481.00,"16,305,900","16,907,150",1.21
487130,KoAct AI인프라액티브,20260818,252990,샘씨엔에스,"1,049.00","16,731,550","15,609,120",1.12
487130,KoAct AI인프라액티브,20260818,356860,티엘비,444.00,"13,941,600","15,251,400",1.09
487130,KoAct AI인프라액티브,20260818,373220,LG에너지솔루션,42.00,"15,519,000","14,742,000",1.06
487130,KoAct AI인프라액티브,20260818,218410,RFHIC,280.00,"14,896,000","14,280,000",1.02
487130,KoAct AI인프라액티브,20260818,043260,성호전자,643.00,"13,117,200","13,792,350",0.99
487130,KoAct AI인프라액티브,20260818,034020,두산에너빌리티,166.00,"13,711,600","12,931,400",0.93
487130,KoAct AI인프라액티브,20260818,166090,하나머티리얼즈,200.00,"11,660,000","11,300,000",0.81
487130,KoAct AI인프라액티브,20260818,017670,SK텔레콤,91.00,"9,145,500","9,081,800",0.65
487130,KoAct AI인프라액티브,20260818,018260,삼성에스디에스,34.00,"8,279,000","7,769,000",0.56
487130,KoAct AI인프라액티브,20260818,KRD010010001,원화현금,-,-,"10,185,315",0.73
487130,KoAct AI인프라액티브,20260819,005930,삼성전자,600.00,"161,100,000","148,500,000",11.00
487130,KoAct AI인프라액티브,20260819,000660,SK하이닉스,86.00,"142,932,000","129,000,000",9.55
487130,KoAct AI인프라액티브,20260819,009150,삼성전기,84.00,"120,960,000","116,508,000",8.63
487130,KoAct AI인프라액티브,20260819,010120,LS ELECTRIC,363.00,"75,867,000","73,326,000",5.43
487130,KoAct AI인프라액티브,20260819,353200,대덕전자,528.00,"62,092,800","60,297,600",4.47
487130,KoAct AI인프라액티브,20260819,095610,테스,388.00,"55,484,000","55,872,000",4.14
487130,KoAct AI인프라액티브,20260819,267260,HD현대일렉트릭,68.00,"53,380,000","51,136,000",3.79
487130,KoAct AI인프라액티브,20260819,039030,이오테크닉스,119.00,"49,266,000","49,385,000",3.66
487130,KoAct AI인프라액티브,20260819,006400,삼성SDI,94.00,"45,872,000","45,778,000",3.39
487130,KoAct AI인프라액티브,20260819,240810,원익IPS,385.00,"43,274,000","42,080,500",3.12
487130,KoAct AI인프라액티브,20260819,062040,산일전기,219.00,"39,244,800","38,478,300",2.85
487130,KoAct AI인프라액티브,20260819,036930,주성엔지니어링,223.00,"39,983,900","38,266,800",2.83
487130,KoAct AI인프라액티브,20260819,298040,효성중공업,13.00,"38,792,000","37,804,000",2.80
487130,KoAct AI인프라액티브,20260819,001440,대한전선,"1,341.00","38,486,700","37,548,000",2.78
487130,KoAct AI인프라액티브,20260819,064760,티씨케이,151.00,"35,032,000","34,956,500",2.59
487130,KoAct AI인프라액티브,20260819,336260,두산퓨얼셀,874.00,"31,638,800","34,785,200",2.58
487130,KoAct AI인프라액티브,20260819,420770,기가비스,242.00,"31,000,200","31,145,400",2.31
487130,KoAct AI인프라액티브,20260819,319660,피에스케이,235.00,"31,020,000","30,338,500",2.25
487130,KoAct AI인프라액티브,20260819,000720,현대건설,253.00,"27,855,300","29,474,500",2.18
487130,KoAct AI인프라액티브,20260819,031980,피에스케이홀딩스,256.00,"28,595,200","28,723,200",2.13
487130,KoAct AI인프라액티브,20260819,078350,한양디지텍,"1,196.00","27,328,600","26,910,000",1.99
487130,KoAct AI인프라액티브,20260819,083650,비에이치아이,420.00,"24,738,000","25,452,000",1.88
487130,KoAct AI인프라액티브,20260819,035420,NAVER,114.00,"24,738,000","23,712,000",1.76
487130,KoAct AI인프라액티브,20260819,399720,가온칩스,403.00,"18,739,500","17,953,650",1.33
487130,KoAct AI인프라액티브,20260819,131290,티에스이,63.00,"16,947,000","16,128,000",1.19
487130,KoAct AI인프라액티브,20260819,327260,RF머트리얼즈,481.00,"16,907,150","15,873,000",1.18
487130,KoAct AI인프라액티브,20260819,356860,티엘비,444.00,"15,251,400","15,029,400",1.11
487130,KoAct AI인프라액티브,20260819,373220,LG에너지솔루션,42.00,"14,742,000","15,015,000",1.11
487130,KoAct AI인프라액티브,20260819,218410,RFHIC,280.00,"14,280,000","13,874,000",1.03
487130,KoAct AI인프라액티브,20260819,043260,성호전자,643.00,"13,792,350","12,660,670",0.94
487130,KoAct AI인프라액티브,20260819,034020,두산에너빌리티,166.00,"12,931,400","12,649,200",0.94
487130,KoAct AI인프라액티브,20260819,252990,샘씨엔에스,871.00,"12,960,480","12,498,850",0.93
487130,KoAct AI인프라액티브,20260819,017670,SK텔레콤,91.00,"9,081,800","8,918,000",0.66
487130,KoAct AI인프라액티브,20260819,018260,삼성에스디에스,34.00,"7,769,000","7,684,000",0.57
487130,KoAct AI인프라액티브,20260819,KRD010010001,원화현금,-,-,"12,564,451",0.93
487130,KoAct AI인프라액티브,20260820,005930,삼성전자,600.00,"148,500,000","162,600,000",11.72
487130,KoAct AI인프라액티브,20260820,000660,SK하이닉스,86.00,"129,000,000","145,426,000",10.48
487130,KoAct AI인프라액티브,20260820,009150,삼성전기,84.00,"116,508,000","117,264,000",8.45
487130,KoAct AI인프라액티브,20260820,010120,LS ELECTRIC,363.00,"73,326,000","72,309,600",5.21
487130,KoAct AI인프라액티브,20260820,353200,대덕전자,528.00,"60,297,600","59,875,200",4.32
487130,KoAct AI인프라액티브,20260820,095610,테스,388.00,"55,872,000","55,173,600",3.98
487130,KoAct AI인프라액티브,20260820,403870,HPSP,"1,123.00","51,321,100","53,904,000",3.89
487130,KoAct AI인프라액티브,20260820,039030,이오테크닉스,119.00,"49,385,000","49,385,000",3.56
487130,KoAct AI인프라액티브,20260820,006400,삼성SDI,94.00,"45,778,000","46,953,000",3.38
487130,KoAct AI인프라액티브,20260820,267260,HD현대일렉트릭,60.00,"45,120,000","44,760,000",3.23
487130,KoAct AI인프라액티브,20260820,240810,원익IPS,385.00,"42,080,500","43,851,500",3.16
487130,KoAct AI인프라액티브,20260820,036930,주성엔지니어링,223.00,"38,266,800","39,537,900",2.85
487130,KoAct AI인프라액티브,20260820,062040,산일전기,219.00,"38,478,300","39,244,800",2.83
487130,KoAct AI인프라액티브,20260820,001440,대한전선,"1,341.00","37,548,000","38,017,350",2.74
487130,KoAct AI인프라액티브,20260820,298040,효성중공업,13.00,"37,804,000","37,141,000",2.68
487130,KoAct AI인프라액티브,20260820,336260,두산퓨얼셀,874.00,"34,785,200","35,528,100",2.56
487130,KoAct AI인프라액티브,20260820,064760,티씨케이,151.00,"34,956,500","34,654,500",2.50
487130,KoAct AI인프라액티브,20260820,319660,피에스케이,235.00,"30,338,500","30,573,500",2.20
487130,KoAct AI인프라액티브,20260820,031980,피에스케이홀딩스,256.00,"28,723,200","29,542,400",2.13
487130,KoAct AI인프라액티브,20260820,420770,기가비스,242.00,"31,145,400","29,427,200",2.12
487130,KoAct AI인프라액티브,20260820,000720,현대건설,253.00,"29,474,500","28,791,400",2.08
487130,KoAct AI인프라액티브,20260820,078350,한양디지텍,"1,196.00","26,910,000","27,149,200",1.96
487130,KoAct AI인프라액티브,20260820,083650,비에이치아이,420.00,"25,452,000","25,158,000",1.81
487130,KoAct AI인프라액티브,20260820,035420,NAVER,114.00,"23,712,000","25,023,000",1.80
487130,KoAct AI인프라액티브,20260820,356860,티엘비,444.00,"15,029,400","15,362,400",1.11
487130,KoAct AI인프라액티브,20260820,131290,티에스이,63.00,"16,128,000","15,246,000",1.10
487130,KoAct AI인프라액티브,20260820,373220,LG에너지솔루션,42.00,"15,015,000","15,036,000",1.08
487130,KoAct AI인프라액티브,20260820,218410,RFHIC,280.00,"13,874,000","14,028,000",1.01
487130,KoAct AI인프라액티브,20260820,399720,가온칩스,286.00,"12,741,300","13,484,900",0.97
487130,KoAct AI인프라액티브,20260820,034020,두산에너빌리티,166.00,"12,649,200","12,599,400",0.91
487130,KoAct AI인프라액티브,20260820,017670,SK텔레콤,91.00,"8,918,000","8,790,600",0.63
487130,KoAct AI인프라액티브,20260820,018260,삼성에스디에스,34.00,"7,684,000","7,922,000",0.57
487130,KoAct AI인프라액티브,20260820,KRD010010001,원화현금,-,-,"13,692,905",0.99
487130,KoAct AI인프라액티브,20260821,005930,삼성전자,600.00,"162,600,000","168,900,000",12.64
487130,KoAct AI인프라액티브,20260821,000660,SK하이닉스,86.00,"145,426,000","148,780,000",11.14
487130,KoAct AI인프라액티브,20260821,009150,삼성전기,84.00,"117,264,000","110,544,000",8.27
487130,KoAct AI인프라액티브,20260821,010120,LS ELECTRIC,363.00,"72,309,600","67,881,000",5.08
487130,KoAct AI인프라액티브,20260821,353200,대덕전자,528.00,"59,875,200","55,070,400",4.12
487130,KoAct AI인프라액티브,20260821,095610,테스,388.00,"55,173,600","51,565,200",3.86
487130,KoAct AI인프라액티브,20260821,403870,HPSP,"1,123.00","53,904,000","50,422,700",3.77
487130,KoAct AI인프라액티브,20260821,039030,이오테크닉스,119.00,"49,385,000","48,135,500",3.60
487130,KoAct AI인프라액티브,20260821,006400,삼성SDI,94.00,"46,953,000","44,932,000",3.36
487130,KoAct AI인프라액티브,20260821,267260,HD현대일렉트릭,60.00,"44,760,000","43,080,000",3.22
487130,KoAct AI인프라액티브,20260821,240810,원익IPS,385.00,"43,851,500","41,541,500",3.11
487130,KoAct AI인프라액티브,20260821,036930,주성엔지니어링,223.00,"39,537,900","37,597,800",2.81
487130,KoAct AI인프라액티브,20260821,062040,산일전기,219.00,"39,244,800","36,091,200",2.70
487130,KoAct AI인프라액티브,20260821,001440,대한전선,"1,341.00","38,017,350","35,737,650",2.67
487130,KoAct AI인프라액티브,20260821,298040,효성중공업,13.00,"37,141,000","35,373,000",2.65
487130,KoAct AI인프라액티브,20260821,064760,티씨케이,151.00,"34,654,500","34,050,500",2.55
487130,KoAct AI인프라액티브,20260821,336260,두산퓨얼셀,874.00,"35,528,100","32,338,000",2.42
487130,KoAct AI인프라액티브,20260821,319660,피에스케이,235.00,"30,573,500","28,717,000",2.15
487130,KoAct AI인프라액티브,20260821,031980,피에스케이홀딩스,256.00,"29,542,400","27,520,000",2.06
487130,KoAct AI인프라액티브,20260821,000720,현대건설,253.00,"28,791,400","26,716,800",2.00
487130,KoAct AI인프라액티브,20260821,420770,기가비스,242.00,"29,427,200","25,482,600",1.91
487130,KoAct AI인프라액티브,20260821,078350,한양디지텍,"1,196.00","27,149,200","25,474,800",1.91
487130,KoAct AI인프라액티브,20260821,035420,NAVER,114.00,"25,023,000","25,308,000",1.89
487130,KoAct AI인프라액티브,20260821,083650,비에이치아이,420.00,"25,158,000","23,730,000",1.78
487130,KoAct AI인프라액티브,20260821,373220,LG에너지솔루션,42.00,"15,036,000","14,427,000",1.08
487130,KoAct AI인프라액티브,20260821,131290,티에스이,63.00,"15,246,000","13,986,000",1.05
487130,KoAct AI인프라액티브,20260821,356860,티엘비,444.00,"15,362,400","13,808,400",1.03
487130,KoAct AI인프라액티브,20260821,218410,RFHIC,280.00,"14,028,000","13,202,000",0.99
487130,KoAct AI인프라액티브,20260821,399720,가온칩스,286.00,"13,484,900","12,870,000",0.96
487130,KoAct AI인프라액티브,20260821,034020,두산에너빌리티,166.00,"12,599,400","12,167,800",0.91
487130,KoAct AI인프라액티브,20260821,017670,SK텔레콤,91.00,"8,790,600","9,300,200",0.70
487130,KoAct AI인프라액티브,20260821,018260,삼성에스디에스,34.00,"7,922,000","7,752,000",0.58
487130,KoAct AI인프라액티브,20260821,KRD010010001,원화현금,-,-,"13,551,760",1.01
494220,UNICORN SK하이닉스밸류체인액티브,20260818,000660,SK하이닉스,299.00,"491,855,000","496,938,000",21.19
494220,UNICORN SK하이닉스밸류체인액티브,20260818,402340,SK스퀘어,418.00,"482,372,000","474,430,000",20.23
494220,UNICORN SK하이닉스밸류체인액티브,20260818,252990,샘씨엔에스,"7,076.00","112,862,200","105,290,880",4.49
494220,UNICORN SK하이닉스밸류체인액티브,20260818,009150,삼성전기,71.00,"110,618,000","102,240,000",4.36
494220,UNICORN SK하이닉스밸류체인액티브,20260818,011070,LG이노텍,151.00,"98,754,000","95,583,000",4.08
494220,UNICORN SK하이닉스밸류체인액티브,20260818,031980,피에스케이홀딩스,798.00,"88,737,600","89,136,600",3.80
494220,UNICORN SK하이닉스밸류체인액티브,20260818,064760,티씨케이,379.00,"92,476,000","87,928,000",3.75
494220,UNICORN SK하이닉스밸류체인액티브,20260818,319660,피에스케이,600.00,"80,460,000","79,200,000",3.38
494220,UNICORN SK하이닉스밸류체인액티브,20260818,222800,심텍,708.00,"76,959,600","78,517,200",3.35
494220,UNICORN SK하이닉스밸류체인액티브,20260818,003160,디아이,"2,964.00","76,471,200","77,064,000",3.29
494220,UNICORN SK하이닉스밸류체인액티브,20260818,084370,유진테크,563.00,"73,809,300","74,766,400",3.19
494220,UNICORN SK하이닉스밸류체인액티브,20260818,089970,브이엠,"1,064.00","72,564,800","70,968,800",3.03
494220,UNICORN SK하이닉스밸류체인액티브,20260818,039030,이오테크닉스,170.00,"68,680,000","70,380,000",3.00
494220,UNICORN SK하이닉스밸류체인액티브,20260818,000150,두산,51.00,"65,076,000","63,750,000",2.72
494220,UNICORN SK하이닉스밸류체인액티브,20260818,067310,하나마이크론,"1,547.00","56,620,200","60,642,400",2.59
494220,UNICORN SK하이닉스밸류체인액티브,20260818,089030,테크윙,"1,168.00","57,524,000","57,582,400",2.46
494220,UNICORN SK하이닉스밸류체인액티브,20260818,095610,테스,394.00,"58,115,000","56,342,000",2.40
494220,UNICORN SK하이닉스밸류체인액티브,20260818,080220,제주반도체,743.00,"60,554,500","56,319,400",2.40
494220,UNICORN SK하이닉스밸류체인액티브,20260818,102710,이엔에프테크놀로지,706.00,"35,653,000","34,488,100",1.47
494220,UNICORN SK하이닉스밸류체인액티브,20260818,403870,HPSP,803.00,"32,441,200","34,247,950",1.46
494220,UNICORN SK하이닉스밸류체인액티브,20260818,083450,GST,512.00,"25,241,600","24,115,200",1.03
494220,UNICORN SK하이닉스밸류체인액티브,20260818,322310,오로스테크놀로지,"1,005.00","15,959,400","14,914,200",0.64
494220,UNICORN SK하이닉스밸류체인액티브,20260818,KRD010010001,원화현금,-,-,"39,907,028",1.70
494220,UNICORN SK하이닉스밸류체인액티브,20260819,000660,SK하이닉스,299.00,"496,938,000","448,500,000",20.28
494220,UNICORN SK하이닉스밸류체인액티브,20260819,402340,SK스퀘어,418.00,"474,430,000","419,672,000",18.97
494220,UNICORN SK하이닉스밸류체인액티브,20260819,252990,샘씨엔에스,"7,076.00","105,290,880","101,540,600",4.59
494220,UNICORN SK하이닉스밸류체인액티브,20260819,009150,삼성전기,71.00,"102,240,000","98,477,000",4.45
494220,UNICORN SK하이닉스밸류체인액티브,20260819,011070,LG이노텍,151.00,"95,583,000","91,053,000",4.12
494220,UNICORN SK하이닉스밸류체인액티브,20260819,031980,피에스케이홀딩스,798.00,"89,136,600","89,535,600",4.05
494220,UNICORN SK하이닉스밸류체인액티브,20260819,064760,티씨케이,379.00,"87,928,000","87,738,500",3.97
494220,UNICORN SK하이닉스밸류체인액티브,20260819,222800,심텍,708.00,"78,517,200","78,375,600",3.54
494220,UNICORN SK하이닉스밸류체인액티브,20260819,319660,피에스케이,600.00,"79,200,000","77,460,000",3.50
494220,UNICORN SK하이닉스밸류체인액티브,20260819,003160,디아이,"2,964.00","77,064,000","74,989,200",3.39
494220,UNICORN SK하이닉스밸류체인액티브,20260819,084370,유진테크,563.00,"74,766,400","73,246,300",3.31
494220,UNICORN SK하이닉스밸류체인액티브,20260819,039030,이오테크닉스,170.00,"70,380,000","70,550,000",3.19
494220,UNICORN SK하이닉스밸류체인액티브,20260819,089970,브이엠,"1,064.00","70,968,800","67,138,400",3.04
494220,UNICORN SK하이닉스밸류체인액티브,20260819,000150,두산,51.00,"63,750,000","60,843,000",2.75
494220,UNICORN SK하이닉스밸류체인액티브,20260819,089030,테크윙,"1,168.00","57,582,400","57,056,800",2.58
494220,UNICORN SK하이닉스밸류체인액티브,20260819,095610,테스,394.00,"56,342,000","56,736,000",2.56
494220,UNICORN SK하이닉스밸류체인액티브,20260819,067310,하나마이크론,"1,547.00","60,642,400","56,620,200",2.56
494220,UNICORN SK하이닉스밸류체인액티브,20260819,080220,제주반도체,743.00,"56,319,400","54,684,800",2.47
494220,UNICORN SK하이닉스밸류체인액티브,20260819,403870,HPSP,803.00,"34,247,950","36,697,100",1.66
494220,UNICORN SK하이닉스밸류체인액티브,20260819,102710,이엔에프테크놀로지,706.00,"34,488,100","33,676,200",1.52
494220,UNICORN SK하이닉스밸류체인액티브,20260819,083450,GST,512.00,"24,115,200","23,526,400",1.06
494220,UNICORN SK하이닉스밸류체인액티브,20260819,322310,오로스테크놀로지,"1,005.00","14,914,200","14,070,000",0.64
494220,UNICORN SK하이닉스밸류체인액티브,20260819,KRD010010001,원화현금,-,-,"39,873,760",1.80
494220,UNICORN SK하이닉스밸류체인액티브,20260820,000660,SK하이닉스,299.00,"448,500,000","505,609,000",21.71
494220,UNICORN SK하이닉스밸류체인액티브,20260820,402340,SK스퀘어,418.00,"419,672,000","469,414,000",20.16
494220,UNICORN SK하이닉스밸류체인액티브,20260820,009150,삼성전기,71.00,"98,477,000","99,116,000",4.26
494220,UNICORN SK하이닉스밸류체인액티브,20260820,252990,샘씨엔에스,"7,076.00","101,540,600","98,285,640",4.22
494220,UNICORN SK하이닉스밸류체인액티브,20260820,031980,피에스케이홀딩스,798.00,"89,535,600","92,089,200",3.95
494220,UNICORN SK하이닉스밸류체인액티브,20260820,011070,LG이노텍,151.00,"91,053,000","88,637,000",3.81
494220,UNICORN SK하이닉스밸류체인액티브,20260820,064760,티씨케이,379.00,"87,738,500","86,980,500",3.74
494220,UNICORN SK하이닉스밸류체인액티브,20260820,222800,심텍,708.00,"78,375,600","81,349,200",3.49
494220,UNICORN SK하이닉스밸류체인액티브,20260820,319660,피에스케이,600.00,"77,460,000","78,060,000",3.35
494220,UNICORN SK하이닉스밸류체인액티브,20260820,003160,디아이,"2,964.00","74,989,200","76,767,600",3.30
494220,UNICORN SK하이닉스밸류체인액티브,20260820,084370,유진테크,563.00,"73,246,300","75,779,800",3.25
494220,UNICORN SK하이닉스밸류체인액티브,20260820,039030,이오테크닉스,170.00,"70,550,000","70,550,000",3.03
494220,UNICORN SK하이닉스밸류체인액티브,20260820,089970,브이엠,"1,064.00","67,138,400","66,712,800",2.86
494220,UNICORN SK하이닉스밸류체인액티브,20260820,000150,두산,51.00,"60,843,000","60,078,000",2.58
494220,UNICORN SK하이닉스밸류체인액티브,20260820,089030,테크윙,"1,168.00","57,056,800","59,684,800",2.56
494220,UNICORN SK하이닉스밸류체인액티브,20260820,067310,하나마이크론,"1,547.00","56,620,200","57,084,300",2.45
494220,UNICORN SK하이닉스밸류체인액티브,20260820,080220,제주반도체,743.00,"54,684,800","56,839,500",2.44
494220,UNICORN SK하이닉스밸류체인액티브,20260820,095610,테스,394.00,"56,736,000","56,026,800",2.41
494220,UNICORN SK하이닉스밸류체인액티브,20260820,403870,HPSP,803.00,"36,697,100","38,544,000",1.66
494220,UNICORN SK하이닉스밸류체인액티브,20260820,102710,이엔에프테크놀로지,706.00,"33,676,200","33,535,000",1.44
494220,UNICORN SK하이닉스밸류체인액티브,20260820,083450,GST,512.00,"23,526,400","23,475,200",1.01
494220,UNICORN SK하이닉스밸류체인액티브,20260820,322310,오로스테크놀로지,"1,005.00","14,070,000","14,180,550",0.61
494220,UNICORN SK하이닉스밸류체인액티브,20260820,KRD010010001,원화현금,-,-,"39,842,510",1.71
494220,UNICORN SK하이닉스밸류체인액티브,20260821,000660,SK하이닉스,299.00,"505,609,000","517,270,000",22.92
494220,UNICORN SK하이닉스밸류체인액티브,20260821,402340,SK스퀘어,418.00,"469,414,000","469,414,000",20.80
494220,UNICORN SK하이닉스밸류체인액티브,20260821,009150,삼성전기,71.00,"99,116,000","93,436,000",4.14
494220,UNICORN SK하이닉스밸류체인액티브,20260821,252990,샘씨엔에스,"7,076.00","98,285,640","91,138,880",4.04
494220,UNICORN SK하이닉스밸류체인액티브,20260821,031980,피에스케이홀딩스,798.00,"92,089,200","85,785,000",3.80
494220,UNICORN SK하이닉스밸류체인액티브,20260821,064760,티씨케이,379.00,"86,980,500","85,464,500",3.79
494220,UNICORN SK하이닉스밸류체인액티브,20260821,011070,LG이노텍,151.00,"88,637,000","83,050,000",3.68
494220,UNICORN SK하이닉스밸류체인액티브,20260821,319660,피에스케이,600.00,"78,060,000","73,320,000",3.25
494220,UNICORN SK하이닉스밸류체인액티브,20260821,084370,유진테크,563.00,"75,779,800","72,345,500",3.21
494220,UNICORN SK하이닉스밸류체인액티브,20260821,222800,심텍,708.00,"81,349,200","70,587,600",3.13
494220,UNICORN SK하이닉스밸류체인액티브,20260821,003160,디아이,"2,964.00","76,767,600","69,209,400",3.07
494220,UNICORN SK하이닉스밸류체인액티브,20260821,039030,이오테크닉스,170.00,"70,550,000","68,765,000",3.05
494220,UNICORN SK하이닉스밸류체인액티브,20260821,089970,브이엠,"1,064.00","66,712,800","61,818,400",2.74
494220,UNICORN SK하이닉스밸류체인액티브,20260821,089030,테크윙,"1,168.00","59,684,800","56,531,200",2.50
494220,UNICORN SK하이닉스밸류체인액티브,20260821,000150,두산,51.00,"60,078,000","54,978,000",2.44
494220,UNICORN SK하이닉스밸류체인액티브,20260821,080220,제주반도체,743.00,"56,839,500","54,610,500",2.42
494220,UNICORN SK하이닉스밸류체인액티브,20260821,067310,하나마이크론,"1,547.00","57,084,300","54,145,000",2.40
494220,UNICORN SK하이닉스밸류체인액티브,20260821,095610,테스,394.00,"56,026,800","52,362,600",2.32
494220,UNICORN SK하이닉스밸류체인액티브,20260821,403870,HPSP,803.00,"38,544,000","36,054,700",1.60
494220,UNICORN SK하이닉스밸류체인액티브,20260821,102710,이엔에프테크놀로지,706.00,"33,535,000","31,628,800",1.40
494220,UNICORN SK하이닉스밸류체인액티브,20260821,083450,GST,512.00,"23,475,200","22,016,000",0.98
494220,UNICORN SK하이닉스밸류체인액티브,20260821,322310,오로스테크놀로지,"1,005.00","14,180,550","13,205,700",0.59
494220,UNICORN SK하이닉스밸류체인액티브,20260821,KRD010010001,원화현금,-,-,"39,809,487",1.76
474590,WON 반도체밸류체인액티브,20260818,005930,삼성전자,"2,001.00","549,274,500","537,268,500",24.31
474590,WON 반도체밸류체인액티브,20260818,000660,SK하이닉스,280.00,"460,600,000","465,360,000",21.05
474590,WON 반도체밸류체인액티브,20260818,039030,이오테크닉스,287.00,"115,948,000","118,818,000",5.38
474590,WON 반도체밸류체인액티브,20260818,009150,삼성전기,73.00,"113,734,000","105,120,000",4.76
474590,WON 반도체밸류체인액티브,20260818,222800,심텍,918.00,"99,786,600","101,806,200",4.61
474590,WON 반도체밸류체인액티브,20260818,402340,SK스퀘어,89.00,"102,706,000","101,015,000",4.57
474590,WON 반도체밸류체인액티브,20260818,420770,기가비스,730.00,"87,673,000","93,513,000",4.23
474590,WON 반도체밸류체인액티브,20260818,353200,대덕전자,768.00,"91,468,800","90,316,800",4.09
474590,WON 반도체밸류체인액티브,20260818,095610,테스,568.00,"83,780,000","81,224,000",3.67
474590,WON 반도체밸류체인액티브,20260818,031980,피에스케이홀딩스,689.00,"76,616,800","76,961,300",3.48
474590,WON 반도체밸류체인액티브,20260818,089970,브이엠,"1,104.00","75,292,800","73,636,800",3.33
474590,WON 반도체밸류체인액티브,20260818,064290,인텍플러스,"2,025.00","62,572,500","73,406,250",3.32
474590,WON 반도체밸류체인액티브,20260818,319660,피에스케이,554.00,"74,291,400","73,128,000",3.31
474590,WON 반도체밸류체인액티브,20260818,085910,네오티스,"3,839.00","70,829,550","72,211,590",3.27
474590,WON 반도체밸류체인액티브,20260818,252990,샘씨엔에스,"4,827.00","76,990,650","71,825,760",3.25
474590,WON 반도체밸류체인액티브,20260818,219130,타이거일렉,598.00,"48,617,400","45,328,400",2.05
474590,WON 반도체밸류체인액티브,20260818,KRD010010001,원화예금,-,-,"29,394,214",1.33
474590,WON 반도체밸류체인액티브,20260819,005930,삼성전자,"2,001.00","537,268,500","495,247,500",23.72
474590,WON 반도체밸류체인액티브,20260819,000660,SK하이닉스,280.00,"465,360,000","420,000,000",20.12
474590,WON 반도체밸류체인액티브,20260819,039030,이오테크닉스,287.00,"118,818,000","119,105,000",5.70
474590,WON 반도체밸류체인액티브,20260819,222800,심텍,918.00,"101,806,200","101,622,600",4.87
474590,WON 반도체밸류체인액티브,20260819,009150,삼성전기,73.00,"105,120,000","101,251,000",4.85
474590,WON 반도체밸류체인액티브,20260819,420770,기가비스,730.00,"93,513,000","93,951,000",4.50
474590,WON 반도체밸류체인액티브,20260819,402340,SK스퀘어,89.00,"101,015,000","89,356,000",4.28
474590,WON 반도체밸류체인액티브,20260819,353200,대덕전자,768.00,"90,316,800","87,705,600",4.20
474590,WON 반도체밸류체인액티브,20260819,095610,테스,568.00,"81,224,000","81,792,000",3.92
474590,WON 반도체밸류체인액티브,20260819,031980,피에스케이홀딩스,689.00,"76,961,300","77,305,800",3.70
474590,WON 반도체밸류체인액티브,20260819,319660,피에스케이,554.00,"73,128,000","71,521,400",3.43
474590,WON 반도체밸류체인액티브,20260819,089970,브이엠,"1,104.00","73,636,800","69,662,400",3.34
474590,WON 반도체밸류체인액티브,20260819,252990,샘씨엔에스,"4,827.00","71,825,760","69,267,450",3.32
474590,WON 반도체밸류체인액티브,20260819,085910,네오티스,"3,839.00","72,211,590","69,178,780",3.31
474590,WON 반도체밸류체인액티브,20260819,064290,인텍플러스,"2,025.00","73,406,250","68,850,000",3.30
474590,WON 반도체밸류체인액티브,20260819,219130,타이거일렉,598.00,"45,328,400","42,697,200",2.04
474590,WON 반도체밸류체인액티브,20260819,KRD010010001,원화예금,-,-,"29,462,104",1.41
474590,WON 반도체밸류체인액티브,20260820,005930,삼성전자,"2,001.00","495,247,500","542,271,000",24.70
474590,WON 반도체밸류체인액티브,20260820,000660,SK하이닉스,280.00,"420,000,000","473,480,000",21.57
474590,WON 반도체밸류체인액티브,20260820,039030,이오테크닉스,287.00,"119,105,000","119,105,000",5.42
474590,WON 반도체밸류체인액티브,20260820,222800,심텍,918.00,"101,622,600","105,478,200",4.80
474590,WON 반도체밸류체인액티브,20260820,009150,삼성전기,73.00,"101,251,000","101,908,000",4.64
474590,WON 반도체밸류체인액티브,20260820,402340,SK스퀘어,89.00,"89,356,000","99,947,000",4.55
474590,WON 반도체밸류체인액티브,20260820,420770,기가비스,730.00,"93,951,000","88,768,000",4.04
474590,WON 반도체밸류체인액티브,20260820,353200,대덕전자,768.00,"87,705,600","87,091,200",3.97
474590,WON 반도체밸류체인액티브,20260820,095610,테스,568.00,"81,792,000","80,769,600",3.68
474590,WON 반도체밸류체인액티브,20260820,031980,피에스케이홀딩스,689.00,"77,305,800","79,510,600",3.62
474590,WON 반도체밸류체인액티브,20260820,064290,인텍플러스,"2,025.00","68,850,000","72,191,250",3.29
474590,WON 반도체밸류체인액티브,20260820,319660,피에스케이,554.00,"71,521,400","72,075,400",3.28
474590,WON 반도체밸류체인액티브,20260820,089970,브이엠,"1,104.00","69,662,400","69,220,800",3.15
474590,WON 반도체밸류체인액티브,20260820,085910,네오티스,"3,839.00","69,178,780","67,297,670",3.07
474590,WON 반도체밸류체인액티브,20260820,252990,샘씨엔에스,"4,827.00","69,267,450","67,047,030",3.05
474590,WON 반도체밸류체인액티브,20260820,219130,타이거일렉,598.00,"42,697,200","40,245,400",1.83
474590,WON 반도체밸류체인액티브,20260820,KRD010010001,원화예금,-,-,"29,099,247",1.33
474590,WON 반도체밸류체인액티브,20260821,005930,삼성전자,"2,001.00","542,271,000","563,281,500",26.22
474590,WON 반도체밸류체인액티브,20260821,000660,SK하이닉스,280.00,"473,480,000","484,400,000",22.55
474590,WON 반도체밸류체인액티브,20260821,039030,이오테크닉스,287.00,"119,105,000","116,091,500",5.40
474590,WON 반도체밸류체인액티브,20260821,402340,SK스퀘어,89.00,"99,947,000","99,947,000",4.65
474590,WON 반도체밸류체인액티브,20260821,009150,삼성전기,73.00,"101,908,000","96,068,000",4.47
474590,WON 반도체밸류체인액티브,20260821,222800,심텍,918.00,"105,478,200","91,524,600",4.26
474590,WON 반도체밸류체인액티브,20260821,353200,대덕전자,768.00,"87,091,200","80,102,400",3.73
474590,WON 반도체밸류체인액티브,20260821,420770,기가비스,730.00,"88,768,000","76,869,000",3.58
474590,WON 반도체밸류체인액티브,20260821,095610,테스,568.00,"80,769,600","75,487,200",3.51
474590,WON 반도체밸류체인액티브,20260821,031980,피에스케이홀딩스,689.00,"79,510,600","74,067,500",3.45
474590,WON 반도체밸류체인액티브,20260821,319660,피에스케이,554.00,"72,075,400","67,698,800",3.15
474590,WON 반도체밸류체인액티브,20260821,064290,인텍플러스,"2,025.00","72,191,250","65,002,500",3.03
474590,WON 반도체밸류체인액티브,20260821,089970,브이엠,"1,104.00","69,220,800","64,142,400",2.99
474590,WON 반도체밸류체인액티브,20260821,085910,네오티스,"3,839.00","67,297,670","63,420,280",2.95
474590,WON 반도체밸류체인액티브,20260821,252990,샘씨엔에스,"4,827.00","67,047,030","62,171,760",2.89
474590,WON 반도체밸류체인액티브,20260821,219130,타이거일렉,598.00,"40,245,400","38,451,400",1.79
474590,WON 반도체밸류체인액티브,20260821,KRD010010001,원화예금,-,-,"29,269,054",1.36
388420,RISE 비메모리반도체액티브,20260818,005930,삼성전자,583.00,"160,033,500","156,535,500",28.94
388420,RISE 비메모리반도체액티브,20260818,000660,SK하이닉스,60.00,"98,700,000","99,720,000",18.44
388420,RISE 비메모리반도체액티브,20260818,222800,심텍,328.00,"35,653,600","36,375,200",6.72
388420,RISE 비메모리반도체액티브,20260818,009150,삼성전기,24.00,"37,392,000","34,560,000",6.39
388420,RISE 비메모리반도체액티브,20260818,319660,피에스케이,242.00,"32,452,200","31,944,000",5.91
388420,RISE 비메모리반도체액티브,20260818,089970,브이엠,448.00,"30,553,600","29,881,600",5.52
388420,RISE 비메모리반도체액티브,20260818,095610,테스,198.00,"29,205,000","28,314,000",5.23
388420,RISE 비메모리반도체액티브,20260818,420770,기가비스,213.00,"25,581,300","27,285,300",5.04
388420,RISE 비메모리반도체액티브,20260818,131970,두산테스나,210.00,"17,640,000","16,527,000",3.06
388420,RISE 비메모리반도체액티브,20260818,074600,원익QnC,588.00,"17,140,200","16,346,400",3.02
388420,RISE 비메모리반도체액티브,20260818,330860,네패스아크,560.00,"16,408,000","15,540,000",2.87
388420,RISE 비메모리반도체액티브,20260818,007660,이수페타시스,120.00,"11,472,000","12,348,000",2.28
388420,RISE 비메모리반도체액티브,20260818,353200,대덕전자,92.00,"10,957,200","10,819,200",2.00
388420,RISE 비메모리반도체액티브,20260818,045100,한양이엔지,203.00,"6,648,250","6,313,300",1.17
388420,RISE 비메모리반도체액티브,20260818,058470,리노공업,87.00,"6,159,600","5,898,600",1.09
388420,RISE 비메모리반도체액티브,20260818,036930,주성엔지니어링,30.00,"5,334,000","5,379,000",0.99
388420,RISE 비메모리반도체액티브,20260818,240810,원익IPS,47.00,"5,480,200","5,282,800",0.98
388420,RISE 비메모리반도체액티브,20260818,KRD010010001,원화현금,-,-,"1,839,229",0.34
388420,RISE 비메모리반도체액티브,20260819,005930,삼성전자,583.00,"156,535,500","144,292,500",28.10
388420,RISE 비메모리반도체액티브,20260819,000660,SK하이닉스,60.00,"99,720,000","90,000,000",17.53
388420,RISE 비메모리반도체액티브,20260819,222800,심텍,304.00,"33,713,600","33,652,800",6.55
388420,RISE 비메모리반도체액티브,20260819,009150,삼성전기,24.00,"34,560,000","33,288,000",6.48
388420,RISE 비메모리반도체액티브,20260819,095610,테스,224.00,"32,032,000","32,256,000",6.28
388420,RISE 비메모리반도체액티브,20260819,319660,피에스케이,242.00,"31,944,000","31,242,200",6.08
388420,RISE 비메모리반도체액티브,20260819,089970,브이엠,448.00,"29,881,600","28,268,800",5.51
388420,RISE 비메모리반도체액티브,20260819,420770,기가비스,213.00,"27,285,300","27,413,100",5.34
388420,RISE 비메모리반도체액티브,20260819,074600,원익QnC,588.00,"16,346,400","16,081,800",3.13
388420,RISE 비메모리반도체액티브,20260819,131970,두산테스나,210.00,"16,527,000","16,023,000",3.12
388420,RISE 비메모리반도체액티브,20260819,330860,네패스아크,560.00,"15,540,000","15,036,000",2.93
388420,RISE 비메모리반도체액티브,20260819,007660,이수페타시스,120.00,"12,348,000","12,528,000",2.44
388420,RISE 비메모리반도체액티브,20260819,353200,대덕전자,92.00,"10,819,200","10,506,400",2.05
388420,RISE 비메모리반도체액티브,20260819,240810,원익IPS,66.00,"7,418,400","7,213,800",1.40
388420,RISE 비메모리반도체액티브,20260819,036930,주성엔지니어링,42.00,"7,530,600","7,207,200",1.40
388420,RISE 비메모리반도체액티브,20260819,058470,리노공업,87.00,"5,898,600","5,907,300",1.15
388420,RISE 비메모리반도체액티브,20260819,KRD010010001,원화현금,-,-,"2,575,253",0.50
388420,RISE 비메모리반도체액티브,20260820,005930,삼성전자,583.00,"144,292,500","157,993,000",29.21
388420,RISE 비메모리반도체액티브,20260820,000660,SK하이닉스,60.00,"90,000,000","101,460,000",18.76
388420,RISE 비메모리반도체액티브,20260820,222800,심텍,304.00,"33,652,800","34,929,600",6.46
388420,RISE 비메모리반도체액티브,20260820,009150,삼성전기,24.00,"33,288,000","33,504,000",6.19
388420,RISE 비메모리반도체액티브,20260820,095610,테스,224.00,"32,256,000","31,852,800",5.89
388420,RISE 비메모리반도체액티브,20260820,319660,피에스케이,242.00,"31,242,200","31,484,200",5.82
388420,RISE 비메모리반도체액티브,20260820,089970,브이엠,448.00,"28,268,800","28,089,600",5.19
388420,RISE 비메모리반도체액티브,20260820,420770,기가비스,213.00,"27,413,100","25,900,800",4.79
388420,RISE 비메모리반도체액티브,20260820,131970,두산테스나,210.00,"16,023,000","17,241,000",3.19
388420,RISE 비메모리반도체액티브,20260820,074600,원익QnC,588.00,"16,081,800","16,375,800",3.03
388420,RISE 비메모리반도체액티브,20260820,330860,네패스아크,560.00,"15,036,000","15,260,000",2.82
388420,RISE 비메모리반도체액티브,20260820,007660,이수페타시스,120.00,"12,528,000","12,600,000",2.33
388420,RISE 비메모리반도체액티브,20260820,353200,대덕전자,92.00,"10,506,400","10,432,800",1.93
388420,RISE 비메모리반도체액티브,20260820,240810,원익IPS,66.00,"7,213,800","7,517,400",1.39
388420,RISE 비메모리반도체액티브,20260820,036930,주성엔지니어링,42.00,"7,207,200","7,446,600",1.38
388420,RISE 비메모리반도체액티브,20260820,058470,리노공업,87.00,"5,907,300","6,046,500",1.12
388420,RISE 비메모리반도체액티브,20260820,KRD010010001,원화현금,-,-,"2,791,627",0.52
388420,RISE 비메모리반도체액티브,20260821,005930,삼성전자,583.00,"157,993,000","164,114,500",30.91
388420,RISE 비메모리반도체액티브,20260821,000660,SK하이닉스,60.00,"101,460,000","103,800,000",19.55
388420,RISE 비메모리반도체액티브,20260821,009150,삼성전기,24.00,"33,504,000","31,584,000",5.95
388420,RISE 비메모리반도체액티브,20260821,222800,심텍,304.00,"34,929,600","30,308,800",5.71
388420,RISE 비메모리반도체액티브,20260821,095610,테스,224.00,"31,852,800","29,769,600",5.61
388420,RISE 비메모리반도체액티브,20260821,319660,피에스케이,242.00,"31,484,200","29,572,400",5.57
388420,RISE 비메모리반도체액티브,20260821,089970,브이엠,448.00,"28,089,600","26,028,800",4.90
388420,RISE 비메모리반도체액티브,20260821,420770,기가비스,213.00,"25,900,800","22,428,900",4.22
388420,RISE 비메모리반도체액티브,20260821,183300,코미코,639.00,"13,930,200","17,700,300",3.33
388420,RISE 비메모리반도체액티브,20260821,131970,두산테스나,210.00,"17,241,000","16,149,000",3.04
388420,RISE 비메모리반도체액티브,20260821,074600,원익QnC,588.00,"16,375,800","15,464,400",2.91
388420,RISE 비메모리반도체액티브,20260821,330860,네패스아크,560.00,"15,260,000","14,000,000",2.64
388420,RISE 비메모리반도체액티브,20260821,007660,이수페타시스,120.00,"12,600,000","11,916,000",2.24
388420,RISE 비메모리반도체액티브,20260821,353200,대덕전자,92.00,"10,432,800","9,595,600",1.81
388420,RISE 비메모리반도체액티브,20260821,240810,원익IPS,66.00,"7,517,400","7,121,400",1.34
388420,RISE 비메모리반도체액티브,20260821,036930,주성엔지니어링,42.00,"7,446,600","7,081,200",1.33
388420,RISE 비메모리반도체액티브,20260821,058470,리노공업,87.00,"6,046,500","5,715,900",1.08
388420,RISE 비메모리반도체액티브,20260821,KRD010010001,원화현금,-,-,"-11,344,075",-2.14
445150,KODEX 친환경조선해운액티브,20260818,009540,HD한국조선해양,353.00,"136,258,000","132,198,500",8.99
445150,KODEX 친환경조선해운액티브,20260818,042660,한화오션,"1,364.00","130,671,200","123,987,600",8.43
445150,KODEX 친환경조선해운액티브,20260818,010140,삼성중공업,"5,527.00","123,252,100","117,448,750",7.99
445150,KODEX 친환경조선해운액티브,20260818,033500,동성화인텍,"6,147.00","106,650,450","110,953,350",7.54
445150,KODEX 친환경조선해운액티브,20260818,329180,HD현대중공업,226.00,"115,260,000","110,627,000",7.52
445150,KODEX 친환경조선해운액티브,20260818,439260,대한조선,"1,798.00","98,350,600","93,675,800",6.37
445150,KODEX 친환경조선해운액티브,20260818,017960,한국카본,"3,500.00","88,025,000","85,750,000",5.83
445150,KODEX 친환경조선해운액티브,20260818,082740,한화엔진,"1,715.00","84,120,750","80,776,500",5.49
445150,KODEX 친환경조선해운액티브,20260818,071970,HD현대마린엔진,"1,463.00","85,146,600","80,757,600",5.49
445150,KODEX 친환경조선해운액티브,20260818,443060,HD현대마린솔루션,392.00,"77,145,600","79,968,000",5.44
445150,KODEX 친환경조선해운액티브,20260818,028670,팬오션,"12,613.00","73,029,270","76,182,520",5.18
445150,KODEX 친환경조선해운액티브,20260818,011200,HMM,"2,507.00","53,273,750","56,783,550",3.86
445150,KODEX 친환경조선해운액티브,20260818,005880,대한해운,"25,576.00","52,047,160","53,070,200",3.61
445150,KODEX 친환경조선해운액티브,20260818,010950,S-Oil,287.00,"42,361,200","44,083,200",3.00
445150,KODEX 친환경조선해운액티브,20260818,075580,세진중공업,"3,489.00","41,728,440","38,693,010",2.63
445150,KODEX 친환경조선해운액티브,20260818,460930,현대힘스,"2,450.00","38,220,000","37,436,000",2.55
445150,KODEX 친환경조선해운액티브,20260818,018670,SK가스,126.00,"30,744,000","30,492,000",2.07
445150,KODEX 친환경조선해운액티브,20260818,006400,삼성SDI,50.00,"25,800,000","24,400,000",1.66
445150,KODEX 친환경조선해운액티브,20260818,373220,LG에너지솔루션,66.00,"24,387,000","23,166,000",1.58
445150,KODEX 친환경조선해운액티브,20260818,036460,한국가스공사,474.00,"17,348,400","17,324,700",1.18
445150,KODEX 친환경조선해운액티브,20260818,077970,STX엔진,578.00,"16,415,200","15,172,500",1.03
445150,KODEX 친환경조선해운액티브,20260818,011170,롯데케미칼,226.00,"12,927,200","12,588,200",0.86
445150,KODEX 친환경조선해운액티브,20260818,247540,에코프로비엠,103.00,"12,020,100","11,237,300",0.76
445150,KODEX 친환경조선해운액티브,20260818,KRD010010001,원화현금,-,-,"13,828,130",0.94
445150,KODEX 친환경조선해운액티브,20260819,009540,HD한국조선해양,314.00,"117,593,000","115,238,000",8.02
445150,KODEX 친환경조선해운액티브,20260819,033500,동성화인텍,"6,147.00","110,953,350","106,834,860",7.44
445150,KODEX 친환경조선해운액티브,20260819,042660,한화오션,"1,205.00","109,534,500","106,160,500",7.39
445150,KODEX 친환경조선해운액티브,20260819,010140,삼성중공업,"4,840.00","102,850,000","99,704,000",6.94
445150,KODEX 친환경조선해운액티브,20260819,329180,HD현대중공업,196.00,"95,942,000","92,904,000",6.47
445150,KODEX 친환경조선해운액티브,20260819,028670,팬오션,"15,073.00","91,040,920","90,588,730",6.31
445150,KODEX 친환경조선해운액티브,20260819,011200,HMM,"4,138.00","93,725,700","89,794,600",6.25
445150,KODEX 친환경조선해운액티브,20260819,439260,대한조선,"1,658.00","86,381,800","83,065,800",5.78
445150,KODEX 친환경조선해운액티브,20260819,017960,한국카본,"3,500.00","85,750,000","82,775,000",5.76
445150,KODEX 친환경조선해운액티브,20260819,443060,HD현대마린솔루션,392.00,"79,968,000","82,124,000",5.72
445150,KODEX 친환경조선해운액티브,20260819,005880,대한해운,"39,760.00","82,502,000","80,514,000",5.61
445150,KODEX 친환경조선해운액티브,20260819,082740,한화엔진,"1,561.00","73,523,100","72,352,350",5.04
445150,KODEX 친환경조선해운액티브,20260819,071970,HD현대마린엔진,"1,258.00","69,441,600","68,057,800",4.74
445150,KODEX 친환경조선해운액티브,20260819,010950,S-Oil,287.00,"44,083,200","43,509,200",3.03
445150,KODEX 친환경조선해운액티브,20260819,075580,세진중공업,"3,489.00","38,693,010","37,576,530",2.62
445150,KODEX 친환경조선해운액티브,20260819,460930,현대힘스,"2,450.00","37,436,000","35,623,000",2.48
445150,KODEX 친환경조선해운액티브,20260819,018670,SK가스,126.00,"30,492,000","30,177,000",2.10
445150,KODEX 친환경조선해운액티브,20260819,006400,삼성SDI,50.00,"24,400,000","24,350,000",1.70
445150,KODEX 친환경조선해운액티브,20260819,373220,LG에너지솔루션,66.00,"23,166,000","23,595,000",1.64
445150,KODEX 친환경조선해운액티브,20260819,036460,한국가스공사,474.00,"17,324,700","17,182,500",1.20
445150,KODEX 친환경조선해운액티브,20260819,077970,STX엔진,578.00,"15,172,500","14,392,200",1.00
445150,KODEX 친환경조선해운액티브,20260819,011170,롯데케미칼,226.00,"12,588,200","12,136,200",0.85
445150,KODEX 친환경조선해운액티브,20260819,247540,에코프로비엠,103.00,"11,237,300","11,309,400",0.79
445150,KODEX 친환경조선해운액티브,20260819,KRD010010001,원화현금,-,-,"16,217,368",1.13
445150,KODEX 친환경조선해운액티브,20260820,009540,HD한국조선해양,314.00,"115,238,000","113,197,000",7.96
445150,KODEX 친환경조선해운액티브,20260820,033500,동성화인텍,"6,147.00","106,834,860","107,265,150",7.54
445150,KODEX 친환경조선해운액티브,20260820,042660,한화오션,"1,205.00","106,160,500","106,642,500",7.50
445150,KODEX 친환경조선해운액티브,20260820,010140,삼성중공업,"4,840.00","99,704,000","100,672,000",7.08
445150,KODEX 친환경조선해운액티브,20260820,028670,팬오션,"16,757.00","100,709,570","96,687,890",6.80
445150,KODEX 친환경조선해운액티브,20260820,329180,HD현대중공업,196.00,"92,904,000","93,198,000",6.55
445150,KODEX 친환경조선해운액티브,20260820,011200,HMM,"4,138.00","89,794,600","87,725,600",6.17
445150,KODEX 친환경조선해운액티브,20260820,439260,대한조선,"1,658.00","83,065,800","83,563,200",5.87
445150,KODEX 친환경조선해운액티브,20260820,017960,한국카본,"3,500.00","82,775,000","82,075,000",5.77
445150,KODEX 친환경조선해운액티브,20260820,005880,대한해운,"39,760.00","80,514,000","78,605,520",5.53
445150,KODEX 친환경조선해운액티브,20260820,443060,HD현대마린솔루션,371.00,"77,724,500","75,313,000",5.29
445150,KODEX 친환경조선해운액티브,20260820,071970,HD현대마린엔진,"1,258.00","68,057,800","67,303,000",4.73
445150,KODEX 친환경조선해운액티브,20260820,082740,한화엔진,"1,432.00","66,373,200","66,731,200",4.69
445150,KODEX 친환경조선해운액티브,20260820,010950,S-Oil,287.00,"43,509,200","40,926,200",2.88
445150,KODEX 친환경조선해운액티브,20260820,075580,세진중공업,"3,489.00","37,576,530","37,402,080",2.63
445150,KODEX 친환경조선해운액티브,20260820,460930,현대힘스,"2,450.00","35,623,000","35,402,500",2.49
445150,KODEX 친환경조선해운액티브,20260820,018670,SK가스,126.00,"30,177,000","28,917,000",2.03
445150,KODEX 친환경조선해운액티브,20260820,006400,삼성SDI,50.00,"24,350,000","24,975,000",1.76
445150,KODEX 친환경조선해운액티브,20260820,373220,LG에너지솔루션,66.00,"23,595,000","23,628,000",1.66
445150,KODEX 친환경조선해운액티브,20260820,036460,한국가스공사,474.00,"17,182,500","17,229,900",1.21
445150,KODEX 친환경조선해운액티브,20260820,077970,STX엔진,578.00,"14,392,200","14,507,800",1.02
445150,KODEX 친환경조선해운액티브,20260820,011170,롯데케미칼,226.00,"12,136,200","12,497,800",0.88
445150,KODEX 친환경조선해운액티브,20260820,247540,에코프로비엠,103.00,"11,309,400","11,752,300",0.83
445150,KODEX 친환경조선해운액티브,20260820,KRD010010001,원화현금,-,-,"16,274,186",1.14
445150,KODEX 친환경조선해운액티브,20260821,009540,HD한국조선해양,314.00,"113,197,000","109,429,000",7.92
445150,KODEX 친환경조선해운액티브,20260821,033500,동성화인텍,"6,147.00","107,265,150","102,654,900",7.43
445150,KODEX 친환경조선해운액티브,20260821,042660,한화오션,"1,205.00","106,642,500","101,461,000",7.34
445150,KODEX 친환경조선해운액티브,20260821,028670,팬오션,"16,757.00","96,687,890","98,028,450",7.09
445150,KODEX 친환경조선해운액티브,20260821,010140,삼성중공업,"4,840.00","100,672,000","97,768,000",7.07
445150,KODEX 친환경조선해운액티브,20260821,011200,HMM,"4,138.00","87,725,600","89,380,800",6.46
445150,KODEX 친환경조선해운액티브,20260821,329180,HD현대중공업,196.00,"93,198,000","88,788,000",6.42
445150,KODEX 친환경조선해운액티브,20260821,439260,대한조선,"1,658.00","83,563,200","81,324,900",5.88
445150,KODEX 친환경조선해운액티브,20260821,005880,대한해운,"39,760.00","78,605,520","81,309,200",5.88
445150,KODEX 친환경조선해운액티브,20260821,017960,한국카본,"3,500.00","82,075,000","78,925,000",5.71
445150,KODEX 친환경조선해운액티브,20260821,443060,HD현대마린솔루션,371.00,"75,313,000","73,346,700",5.31
445150,KODEX 친환경조선해운액티브,20260821,082740,한화엔진,"1,432.00","66,731,200","63,151,200",4.57
445150,KODEX 친환경조선해운액티브,20260821,071970,HD현대마린엔진,"1,258.00","67,303,000","62,522,600",4.52
445150,KODEX 친환경조선해운액티브,20260821,010950,S-Oil,287.00,"40,926,200","40,495,700",2.93
445150,KODEX 친환경조선해운액티브,20260821,075580,세진중공업,"3,489.00","37,402,080","35,273,790",2.55
445150,KODEX 친환경조선해운액티브,20260821,460930,현대힘스,"2,450.00","35,402,500","32,830,000",2.37
445150,KODEX 친환경조선해운액티브,20260821,018670,SK가스,126.00,"28,917,000","29,421,000",2.13
445150,KODEX 친환경조선해운액티브,20260821,006400,삼성SDI,50.00,"24,975,000","23,900,000",1.73
445150,KODEX 친환경조선해운액티브,20260821,373220,LG에너지솔루션,66.00,"23,628,000","22,671,000",1.64
445150,KODEX 친환경조선해운액티브,20260821,036460,한국가스공사,474.00,"17,229,900","16,898,100",1.22
445150,KODEX 친환경조선해운액티브,20260821,077970,STX엔진,578.00,"14,507,800","13,554,100",0.98
445150,KODEX 친환경조선해운액티브,20260821,011170,롯데케미칼,226.00,"12,497,800","12,271,800",0.89
445150,KODEX 친환경조선해운액티브,20260821,247540,에코프로비엠,103.00,"11,752,300","10,876,800",0.79
445150,KODEX 친환경조선해운액티브,20260821,KRD010010001,원화현금,-,-,"16,254,467",1.18
445290,KODEX 로봇액티브,20260818,108490,로보티즈,563.00,"157,640,000","157,077,000",9.66
445290,KODEX 로봇액티브,20260818,005930,삼성전자,542.00,"148,779,000","145,527,000",8.95
445290,KODEX 로봇액티브,20260818,012330,현대모비스,248.00,"135,656,000","128,464,000",7.90
445290,KODEX 로봇액티브,20260818,066570,LG전자,592.00,"127,280,000","123,136,000",7.57
445290,KODEX 로봇액티브,20260818,277810,레인보우로보틱스,234.00,"117,234,000","109,980,000",6.76
445290,KODEX 로봇액티브,20260818,307950,현대오토에버,210.00,"102,795,000","94,710,000",5.82
445290,KODEX 로봇액티브,20260818,035420,NAVER,410.00,"93,480,000","88,970,000",5.47
445290,KODEX 로봇액티브,20260818,005380,현대차,190.00,"86,070,000","82,650,000",5.08
445290,KODEX 로봇액티브,20260818,454910,두산로보틱스,"1,102.00","87,278,400","81,988,800",5.04
445290,KODEX 로봇액티브,20260818,058610,에스피지,675.00,"80,055,000","72,900,000",4.48
445290,KODEX 로봇액티브,20260818,018260,삼성에스디에스,265.00,"64,527,500","60,552,500",3.72
445290,KODEX 로봇액티브,20260818,000660,SK하이닉스,35.00,"57,575,000","58,170,000",3.58
445290,KODEX 로봇액티브,20260818,267250,HD현대,192.00,"45,216,000","45,024,000",2.77
445290,KODEX 로봇액티브,20260818,011070,LG이노텍,69.00,"45,126,000","43,677,000",2.69
445290,KODEX 로봇액티브,20260818,348340,뉴로메카,"1,893.00","44,674,800","40,320,900",2.48
445290,KODEX 로봇액티브,20260818,466100,클로봇,981.00,"32,078,700","30,165,750",1.85
445290,KODEX 로봇액티브,20260818,030200,KT,539.00,"28,782,600","29,267,700",1.80
445290,KODEX 로봇액티브,20260818,056080,유진로봇,"1,897.00","26,558,000","24,452,330",1.50
445290,KODEX 로봇액티브,20260818,388720,유일로보틱스,340.00,"25,194,000","23,698,000",1.46
445290,KODEX 로봇액티브,20260818,437730,삼현,467.00,"18,726,700","18,026,200",1.11
445290,KODEX 로봇액티브,20260818,030530,원익홀딩스,902.00,"18,942,000","17,823,520",1.10
445290,KODEX 로봇액티브,20260818,060280,큐렉소,"1,882.00","18,198,940","16,712,160",1.03
445290,KODEX 로봇액티브,20260818,098460,고영,545.00,"17,630,750","16,513,500",1.02
445290,KODEX 로봇액티브,20260818,064350,현대로템,94.00,"13,808,600","13,460,800",0.83
445290,KODEX 로봇액티브,20260818,054950,제이브이엠,524.00,"12,628,400","12,628,400",0.78
445290,KODEX 로봇액티브,20260818,389500,에스비비테크,325.00,"13,357,500","12,626,250",0.78
445290,KODEX 로봇액티브,20260818,035720,카카오,239.00,"9,560,000","9,141,750",0.56
445290,KODEX 로봇액티브,20260818,455900,엔젤로보틱스,293.00,"6,724,350","6,636,450",0.41
445290,KODEX 로봇액티브,20260818,160190,하이젠알앤엠,249.00,"5,702,100","5,079,600",0.31
445290,KODEX 로봇액티브,20260818,459510,나우로보틱스,257.00,"4,523,200","4,309,890",0.26
445290,KODEX 로봇액티브,20260818,464080,에스오에스랩,412.00,"4,107,640","3,905,760",0.24
445290,KODEX 로봇액티브,20260818,090460,비에이치,216.00,"3,974,400","3,857,760",0.24
445290,KODEX 로봇액티브,20260818,KRD010010001,원화현금,-,-,"45,121,495",2.77
445290,KODEX 로봇액티브,20260819,108490,로보티즈,563.00,"157,077,000","150,321,000",9.60
445290,KODEX 로봇액티브,20260819,005930,삼성전자,542.00,"145,527,000","134,145,000",8.57
445290,KODEX 로봇액티브,20260819,012330,현대모비스,248.00,"128,464,000","126,232,000",8.06
445290,KODEX 로봇액티브,20260819,066570,LG전자,592.00,"123,136,000","119,288,000",7.62
445290,KODEX 로봇액티브,20260819,277810,레인보우로보틱스,234.00,"109,980,000","108,225,000",6.91
445290,KODEX 로봇액티브,20260819,307950,현대오토에버,210.00,"94,710,000","91,665,000",5.85
445290,KODEX 로봇액티브,20260819,035420,NAVER,410.00,"88,970,000","85,280,000",5.45
445290,KODEX 로봇액티브,20260819,454910,두산로보틱스,"1,102.00","81,988,800","78,793,000",5.03
445290,KODEX 로봇액티브,20260819,005380,현대차,190.00,"82,650,000","78,660,000",5.02
445290,KODEX 로봇액티브,20260819,058610,에스피지,675.00,"72,900,000","68,512,500",4.38
445290,KODEX 로봇액티브,20260819,018260,삼성에스디에스,265.00,"60,552,500","59,890,000",3.82
445290,KODEX 로봇액티브,20260819,000660,SK하이닉스,35.00,"58,170,000","52,500,000",3.35
445290,KODEX 로봇액티브,20260819,267250,HD현대,192.00,"45,024,000","43,776,000",2.80
445290,KODEX 로봇액티브,20260819,011070,LG이노텍,69.00,"43,677,000","41,607,000",2.66
445290,KODEX 로봇액티브,20260819,348340,뉴로메카,"1,893.00","40,320,900","38,806,500",2.48
445290,KODEX 로봇액티브,20260819,466100,클로봇,981.00,"30,165,750","30,263,850",1.93
445290,KODEX 로봇액티브,20260819,030200,KT,539.00,"29,267,700","28,351,400",1.81
445290,KODEX 로봇액티브,20260819,388720,유일로보틱스,340.00,"23,698,000","23,834,000",1.52
445290,KODEX 로봇액티브,20260819,056080,유진로봇,"1,897.00","24,452,330","23,712,500",1.51
445290,KODEX 로봇액티브,20260819,030530,원익홀딩스,902.00,"17,823,520","17,670,180",1.13
445290,KODEX 로봇액티브,20260819,437730,삼현,467.00,"18,026,200","17,022,150",1.09
445290,KODEX 로봇액티브,20260819,060280,큐렉소,"1,882.00","16,712,160","16,900,360",1.08
445290,KODEX 로봇액티브,20260819,098460,고영,545.00,"16,513,500","15,941,250",1.02
445290,KODEX 로봇액티브,20260819,064350,현대로템,94.00,"13,460,800","12,812,200",0.82
445290,KODEX 로봇액티브,20260819,054950,제이브이엠,524.00,"12,628,400","12,497,400",0.80
445290,KODEX 로봇액티브,20260819,389500,에스비비테크,325.00,"12,626,250","12,122,500",0.77
445290,KODEX 로봇액티브,20260819,035720,카카오,239.00,"9,141,750","8,938,600",0.57
445290,KODEX 로봇액티브,20260819,455900,엔젤로보틱스,293.00,"6,636,450","6,226,250",0.40
445290,KODEX 로봇액티브,20260819,160190,하이젠알앤엠,249.00,"5,079,600","4,810,680",0.31
445290,KODEX 로봇액티브,20260819,464080,에스오에스랩,412.00,"3,905,760","4,185,920",0.27
445290,KODEX 로봇액티브,20260819,459510,나우로보틱스,257.00,"4,309,890","4,150,550",0.27
445290,KODEX 로봇액티브,20260819,090460,비에이치,216.00,"3,857,760","3,672,000",0.23
445290,KODEX 로봇액티브,20260819,KRD010010001,원화현금,-,-,"45,110,370",2.88
445290,KODEX 로봇액티브,20260820,005930,삼성전자,542.00,"134,145,000","146,882,000",9.20
445290,KODEX 로봇액티브,20260820,108490,로보티즈,535.00,"142,845,000","140,437,500",8.79
445290,KODEX 로봇액티브,20260820,012330,현대모비스,248.00,"126,232,000","125,736,000",7.87
445290,KODEX 로봇액티브,20260820,066570,LG전자,592.00,"119,288,000","119,880,000",7.50
445290,KODEX 로봇액티브,20260820,277810,레인보우로보틱스,234.00,"108,225,000","110,331,000",6.91
445290,KODEX 로봇액티브,20260820,035420,NAVER,448.00,"93,184,000","98,336,000",6.16
445290,KODEX 로봇액티브,20260820,307950,현대오토에버,210.00,"91,665,000","96,495,000",6.04
445290,KODEX 로봇액티브,20260820,454910,두산로보틱스,"1,102.00","78,793,000","79,674,600",4.99
445290,KODEX 로봇액티브,20260820,005380,현대차,190.00,"78,660,000","79,325,000",4.97
445290,KODEX 로봇액티브,20260820,058610,에스피지,675.00,"68,512,500","69,795,000",4.37
445290,KODEX 로봇액티브,20260820,018260,삼성에스디에스,265.00,"59,890,000","61,745,000",3.87
445290,KODEX 로봇액티브,20260820,000660,SK하이닉스,35.00,"52,500,000","59,185,000",3.71
445290,KODEX 로봇액티브,20260820,267250,HD현대,192.00,"43,776,000","42,528,000",2.66
445290,KODEX 로봇액티브,20260820,011070,LG이노텍,69.00,"41,607,000","40,503,000",2.54
445290,KODEX 로봇액티브,20260820,348340,뉴로메카,"1,893.00","38,806,500","38,049,300",2.38
445290,KODEX 로봇액티브,20260820,466100,클로봇,981.00,"30,263,850","28,890,450",1.81
445290,KODEX 로봇액티브,20260820,030200,KT,539.00,"28,351,400","28,081,900",1.76
445290,KODEX 로봇액티브,20260820,056080,유진로봇,"1,897.00","23,712,500","24,167,780",1.51
445290,KODEX 로봇액티브,20260820,388720,유일로보틱스,340.00,"23,834,000","23,902,000",1.50
445290,KODEX 로봇액티브,20260820,030530,원익홀딩스,902.00,"17,670,180","18,130,200",1.13
445290,KODEX 로봇액티브,20260820,060280,큐렉소,"1,970.00","17,690,600","17,749,700",1.11
445290,KODEX 로봇액티브,20260820,437730,삼현,467.00,"17,022,150","16,952,100",1.06
445290,KODEX 로봇액티브,20260820,098460,고영,545.00,"15,941,250","16,295,500",1.02
445290,KODEX 로봇액티브,20260820,064350,현대로템,94.00,"12,812,200","12,896,800",0.81
445290,KODEX 로봇액티브,20260820,054950,제이브이엠,524.00,"12,497,400","12,602,200",0.79
445290,KODEX 로봇액티브,20260820,389500,에스비비테크,325.00,"12,122,500","12,285,000",0.77
445290,KODEX 로봇액티브,20260820,035720,카카오,239.00,"8,938,600","9,249,300",0.58
445290,KODEX 로봇액티브,20260820,455900,엔젤로보틱스,293.00,"6,226,250","6,358,100",0.40
445290,KODEX 로봇액티브,20260820,160190,하이젠알앤엠,249.00,"4,810,680","4,932,690",0.31
445290,KODEX 로봇액티브,20260820,090460,비에이치,261.00,"4,437,000","4,426,560",0.28
445290,KODEX 로봇액티브,20260820,464080,에스오에스랩,412.00,"4,185,920","4,223,000",0.26
445290,KODEX 로봇액티브,20260820,459510,나우로보틱스,257.00,"4,150,550","4,137,700",0.26
445290,KODEX 로봇액티브,20260820,KRD010010001,원화현금,-,-,"43,223,044",2.71
445290,KODEX 로봇액티브,20260821,005930,삼성전자,542.00,"146,882,000","152,573,000",9.78
445290,KODEX 로봇액티브,20260821,108490,로보티즈,535.00,"140,437,500","135,890,000",8.71
445290,KODEX 로봇액티브,20260821,012330,현대모비스,248.00,"125,736,000","123,008,000",7.88
445290,KODEX 로봇액티브,20260821,066570,LG전자,592.00,"119,880,000","115,144,000",7.38
445290,KODEX 로봇액티브,20260821,277810,레인보우로보틱스,234.00,"110,331,000","106,236,000",6.81
445290,KODEX 로봇액티브,20260821,035420,NAVER,448.00,"98,336,000","99,456,000",6.37
445290,KODEX 로봇액티브,20260821,307950,현대오토에버,210.00,"96,495,000","94,080,000",6.03
445290,KODEX 로봇액티브,20260821,005380,현대차,190.00,"79,325,000","78,850,000",5.05
445290,KODEX 로봇액티브,20260821,454910,두산로보틱스,"1,102.00","79,674,600","78,131,800",5.01
445290,KODEX 로봇액티브,20260821,058610,에스피지,675.00,"69,795,000","64,462,500",4.13
445290,KODEX 로봇액티브,20260821,000660,SK하이닉스,35.00,"59,185,000","60,550,000",3.88
445290,KODEX 로봇액티브,20260821,018260,삼성에스디에스,265.00,"61,745,000","60,420,000",3.87
445290,KODEX 로봇액티브,20260821,267250,HD현대,192.00,"42,528,000","40,896,000",2.62
445290,KODEX 로봇액티브,20260821,011070,LG이노텍,69.00,"40,503,000","37,950,000",2.43
445290,KODEX 로봇액티브,20260821,348340,뉴로메카,"1,893.00","38,049,300","36,970,290",2.37
445290,KODEX 로봇액티브,20260821,030200,KT,539.00,"28,081,900","28,243,600",1.81
445290,KODEX 로봇액티브,20260821,466100,클로봇,981.00,"28,890,450","26,634,150",1.71
445290,KODEX 로봇액티브,20260821,388720,유일로보틱스,340.00,"23,902,000","22,950,000",1.47
445290,KODEX 로봇액티브,20260821,056080,유진로봇,"1,897.00","24,167,780","22,764,000",1.46
445290,KODEX 로봇액티브,20260821,030530,원익홀딩스,902.00,"18,130,200","17,363,500",1.11
445290,KODEX 로봇액티브,20260821,060280,큐렉소,"1,970.00","17,749,700","17,060,200",1.09
445290,KODEX 로봇액티브,20260821,437730,삼현,467.00,"16,952,100","15,481,050",0.99
445290,KODEX 로봇액티브,20260821,098460,고영,545.00,"16,295,500","15,423,500",0.99
445290,KODEX 로봇액티브,20260821,054950,제이브이엠,524.00,"12,602,200","12,314,000",0.79
445290,KODEX 로봇액티브,20260821,064350,현대로템,94.00,"12,896,800","12,229,400",0.78
445290,KODEX 로봇액티브,20260821,389500,에스비비테크,325.00,"12,285,000","11,537,500",0.74
445290,KODEX 로봇액티브,20260821,035720,카카오,239.00,"9,249,300","8,556,200",0.55
445290,KODEX 로봇액티브,20260821,455900,엔젤로보틱스,293.00,"6,358,100","5,962,550",0.38
445290,KODEX 로봇액티브,20260821,160190,하이젠알앤엠,249.00,"4,932,690","4,544,250",0.29
445290,KODEX 로봇액티브,20260821,090460,비에이치,261.00,"4,426,560","4,144,680",0.27
445290,KODEX 로봇액티브,20260821,464080,에스오에스랩,412.00,"4,223,000","3,963,440",0.25
445290,KODEX 로봇액티브,20260821,459510,나우로보틱스,257.00,"4,137,700","3,811,310",0.24
445290,KODEX 로봇액티브,20260821,KRD010010001,원화현금,-,-,"43,211,326",2.77
410870,TIME K컬처액티브,20260818,145020,휴젤,324.00,"82,944,000","80,352,000",8.42
410870,TIME K컬처액티브,20260818,036570,NC,348.00,"86,130,000","80,040,000",8.38
410870,TIME K컬처액티브,20260818,214450,파마리서치,202.00,"80,396,000","79,386,000",8.31
410870,TIME K컬처액티브,20260818,257720,실리콘투,"1,267.00","54,290,950","56,381,500",5.90
410870,TIME K컬처액티브,20260818,003230,삼양식품,42.00,"53,340,000","56,028,000",5.87
410870,TIME K컬처액티브,20260818,241710,코스메카코리아,401.00,"51,007,200","49,282,900",5.16
410870,TIME K컬처액티브,20260818,259960,크래프톤,212.00,"50,456,000","48,018,000",5.03
410870,TIME K컬처액티브,20260818,263750,펄어비스,"1,566.00","48,937,500","47,841,300",5.01
410870,TIME K컬처액티브,20260818,041510,에스엠,575.00,"42,205,000","40,825,000",4.28
410870,TIME K컬처액티브,20260818,352820,하이브,236.00,"42,338,400","40,544,800",4.25
410870,TIME K컬처액티브,20260818,001040,CJ,300.00,"41,430,000","38,070,000",3.99
410870,TIME K컬처액티브,20260818,278470,에이피알,96.00,"37,488,000","38,064,000",3.99
410870,TIME K컬처액티브,20260818,226950,올릭스,339.00,"37,968,000","36,103,500",3.78
410870,TIME K컬처액티브,20260818,006730,서부T&D,"3,276.00","33,153,120","34,627,320",3.63
410870,TIME K컬처액티브,20260818,483650,달바글로벌,154.00,"35,189,000","33,880,000",3.55
410870,TIME K컬처액티브,20260818,122870,와이지엔터테인먼트,841.00,"34,523,050","32,504,650",3.40
410870,TIME K컬처액티브,20260818,035900,JYP Ent.,801.00,"32,881,050","31,519,350",3.30
410870,TIME K컬처액티브,20260818,004370,농심,70.00,"30,625,000","29,400,000",3.08
410870,TIME K컬처액티브,20260818,290650,엘앤씨바이오,500.00,"27,350,000","26,400,000",2.76
410870,TIME K컬처액티브,20260818,214150,클래시스,650.00,"24,375,000","22,555,000",2.36
410870,TIME K컬처액티브,20260818,462870,시프트업,542.00,"17,181,400","17,181,400",1.80
410870,TIME K컬처액티브,20260818,035760,CJ ENM,500.00,"17,200,000","15,875,000",1.66
410870,TIME K컬처액티브,20260818,253450,스튜디오드래곤,504.00,"11,894,400","11,037,600",1.16
410870,TIME K컬처액티브,20260818,KRD010010001,원화현금,-,-,"8,925,133",0.93
410870,TIME K컬처액티브,20260819,145020,휴젤,324.00,"80,352,000","80,028,000",8.45
410870,TIME K컬처액티브,20260819,214450,파마리서치,202.00,"79,386,000","78,982,000",8.34
410870,TIME K컬처액티브,20260819,036570,NC,348.00,"80,040,000","76,386,000",8.06
410870,TIME K컬처액티브,20260819,257720,실리콘투,"1,267.00","56,381,500","57,395,100",6.06
410870,TIME K컬처액티브,20260819,003230,삼양식품,42.00,"56,028,000","54,768,000",5.78
410870,TIME K컬처액티브,20260819,241710,코스메카코리아,401.00,"49,282,900","49,563,600",5.23
410870,TIME K컬처액티브,20260819,263750,펄어비스,"1,566.00","47,841,300","48,076,200",5.08
410870,TIME K컬처액티브,20260819,259960,크래프톤,212.00,"48,018,000","46,958,000",4.96
410870,TIME K컬처액티브,20260819,041510,에스엠,575.00,"40,825,000","41,860,000",4.42
410870,TIME K컬처액티브,20260819,352820,하이브,236.00,"40,544,800","40,639,200",4.29
410870,TIME K컬처액티브,20260819,001040,CJ,300.00,"38,070,000","36,840,000",3.89
410870,TIME K컬처액티브,20260819,278470,에이피알,96.00,"38,064,000","36,816,000",3.89
410870,TIME K컬처액티브,20260819,226950,올릭스,339.00,"36,103,500","35,391,600",3.74
410870,TIME K컬처액티브,20260819,483650,달바글로벌,154.00,"33,880,000","33,572,000",3.54
410870,TIME K컬처액티브,20260819,006730,서부T&D,"3,276.00","34,627,320","33,546,240",3.54
410870,TIME K컬처액티브,20260819,122870,와이지엔터테인먼트,841.00,"32,504,650","33,177,450",3.50
410870,TIME K컬처액티브,20260819,035900,JYP Ent.,801.00,"31,519,350","31,999,950",3.38
410870,TIME K컬처액티브,20260819,004370,농심,70.00,"29,400,000","30,275,000",3.20
410870,TIME K컬처액티브,20260819,290650,엘앤씨바이오,500.00,"26,400,000","25,900,000",2.73
410870,TIME K컬처액티브,20260819,214150,클래시스,650.00,"22,555,000","21,710,000",2.29
410870,TIME K컬처액티브,20260819,462870,시프트업,542.00,"17,181,400","17,262,700",1.82
410870,TIME K컬처액티브,20260819,035760,CJ ENM,500.00,"15,875,000","16,000,000",1.69
410870,TIME K컬처액티브,20260819,253450,스튜디오드래곤,504.00,"11,037,600","10,962,000",1.16
410870,TIME K컬처액티브,20260819,KRD010010001,원화현금,-,-,"9,042,875",0.95
410870,TIME K컬처액티브,20260820,257720,실리콘투,"1,911.00","86,568,300","87,810,450",9.03
410870,TIME K컬처액티브,20260820,214450,파마리서치,202.00,"78,982,000","83,527,000",8.59
410870,TIME K컬처액티브,20260820,145020,휴젤,324.00,"80,028,000","80,676,000",8.29
410870,TIME K컬처액티브,20260820,003230,삼양식품,42.00,"54,768,000","58,674,000",6.03
410870,TIME K컬처액티브,20260820,036570,NC,265.00,"58,167,500","58,432,500",6.01
410870,TIME K컬처액티브,20260820,241710,코스메카코리아,401.00,"49,563,600","55,017,200",5.66
410870,TIME K컬처액티브,20260820,004370,농심,115.00,"49,737,500","50,715,000",5.21
410870,TIME K컬처액티브,20260820,263750,펄어비스,"1,566.00","48,076,200","50,190,300",5.16
410870,TIME K컬처액티브,20260820,259960,크래프톤,212.00,"46,958,000","47,170,000",4.85
410870,TIME K컬처액티브,20260820,041510,에스엠,575.00,"41,860,000","42,952,500",4.42
410870,TIME K컬처액티브,20260820,352820,하이브,236.00,"40,639,200","40,922,400",4.21
410870,TIME K컬처액티브,20260820,226950,올릭스,339.00,"35,391,600","37,086,600",3.81
410870,TIME K컬처액티브,20260820,278470,에이피알,96.00,"36,816,000","37,056,000",3.81
410870,TIME K컬처액티브,20260820,483650,달바글로벌,154.00,"33,572,000","34,650,000",3.56
410870,TIME K컬처액티브,20260820,122870,와이지엔터테인먼트,841.00,"33,177,450","33,892,300",3.48
410870,TIME K컬처액티브,20260820,006730,서부T&D,"3,276.00","33,546,240","33,873,840",3.48
410870,TIME K컬처액티브,20260820,290650,엘앤씨바이오,500.00,"25,900,000","26,650,000",2.74
410870,TIME K컬처액티브,20260820,035900,JYP Ent.,558.00,"22,292,100","22,375,800",2.30
410870,TIME K컬처액티브,20260820,214150,클래시스,650.00,"21,710,000","21,840,000",2.25
410870,TIME K컬처액티브,20260820,001040,CJ,149.00,"18,297,200","18,312,100",1.88
410870,TIME K컬처액티브,20260820,462870,시프트업,542.00,"17,262,700","17,804,700",1.83
410870,TIME K컬처액티브,20260820,035760,CJ ENM,500.00,"16,000,000","16,300,000",1.68
410870,TIME K컬처액티브,20260820,253450,스튜디오드래곤,504.00,"10,962,000","11,037,600",1.13
410870,TIME K컬처액티브,20260820,KRD010010001,원화현금,-,-,"5,829,910",0.60
410870,TIME K컬처액티브,20260821,257720,실리콘투,"1,911.00","87,810,450","91,059,150",9.52
410870,TIME K컬처액티브,20260821,214450,파마리서치,202.00,"83,527,000","80,901,000",8.46
410870,TIME K컬처액티브,20260821,145020,휴젤,324.00,"80,676,000","79,380,000",8.30
410870,TIME K컬처액티브,20260821,036570,NC,265.00,"58,432,500","59,492,500",6.22
410870,TIME K컬처액티브,20260821,003230,삼양식품,42.00,"58,674,000","57,372,000",6.00
410870,TIME K컬처액티브,20260821,241710,코스메카코리아,401.00,"55,017,200","55,057,300",5.76
410870,TIME K컬처액티브,20260821,263750,펄어비스,"1,566.00","50,190,300","50,425,200",5.27
410870,TIME K컬처액티브,20260821,004370,농심,115.00,"50,715,000","49,737,500",5.20
410870,TIME K컬처액티브,20260821,259960,크래프톤,212.00,"47,170,000","47,064,000",4.92
410870,TIME K컬처액티브,20260821,041510,에스엠,575.00,"42,952,500","40,997,500",4.29
410870,TIME K컬처액티브,20260821,352820,하이브,236.00,"40,922,400","39,624,400",4.14
410870,TIME K컬처액티브,20260821,278470,에이피알,96.00,"37,056,000","36,960,000",3.86
410870,TIME K컬처액티브,20260821,006730,서부T&D,"3,276.00","33,873,840","33,415,200",3.49
410870,TIME K컬처액티브,20260821,483650,달바글로벌,154.00,"34,650,000","33,341,000",3.49
410870,TIME K컬처액티브,20260821,226950,올릭스,339.00,"37,086,600","33,255,900",3.48
410870,TIME K컬처액티브,20260821,122870,와이지엔터테인먼트,841.00,"33,892,300","32,883,100",3.44
410870,TIME K컬처액티브,20260821,290650,엘앤씨바이오,500.00,"26,650,000","25,500,000",2.67
410870,TIME K컬처액티브,20260821,035900,JYP Ent.,558.00,"22,375,800","21,650,400",2.26
410870,TIME K컬처액티브,20260821,214150,클래시스,650.00,"21,840,000","20,897,500",2.18
410870,TIME K컬처액티브,20260821,001040,CJ,149.00,"18,312,100","18,073,700",1.89
410870,TIME K컬처액티브,20260821,462870,시프트업,542.00,"17,804,700","17,235,600",1.80
410870,TIME K컬처액티브,20260821,035760,CJ ENM,500.00,"16,300,000","15,900,000",1.66
410870,TIME K컬처액티브,20260821,253450,스튜디오드래곤,504.00,"11,037,600","10,659,600",1.11
410870,TIME K컬처액티브,20260821,KRD010010001,원화현금,-,-,"5,550,335",0.58
385510,KODEX 신재생에너지액티브,20260818,010060,OCI홀딩스,521.00,"145,359,000","141,972,500",7.40
385510,KODEX 신재생에너지액티브,20260818,475150,SK이터닉스,"2,311.00","134,731,300","135,193,500",7.05
385510,KODEX 신재생에너지액티브,20260818,009830,한화솔루션,"3,671.00","129,953,400","124,814,000",6.51
385510,KODEX 신재생에너지액티브,20260818,006400,삼성SDI,241.00,"124,356,000","117,608,000",6.13
385510,KODEX 신재생에너지액티브,20260818,322000,HD현대에너지솔루션,780.00,"96,174,000","97,188,000",5.07
385510,KODEX 신재생에너지액티브,20260818,112610,씨에스윈드,"2,034.00","95,292,900","92,953,800",4.85
385510,KODEX 신재생에너지액티브,20260818,178320,서진시스템,"1,933.00","71,424,350","71,617,650",3.73
385510,KODEX 신재생에너지액티브,20260818,100090,SK오션플랜트,"5,027.00","72,589,880","69,020,710",3.60
385510,KODEX 신재생에너지액티브,20260818,010120,LS ELECTRIC,314.00,"64,841,000","65,626,000",3.42
385510,KODEX 신재생에너지액티브,20260818,373220,LG에너지솔루션,183.00,"67,618,500","64,233,000",3.35
385510,KODEX 신재생에너지액티브,20260818,062040,산일전기,354.00,"64,605,000","63,436,800",3.31
385510,KODEX 신재생에너지액티브,20260818,298040,효성중공업,21.00,"62,034,000","62,664,000",3.27
385510,KODEX 신재생에너지액티브,20260818,126340,비나텍,872.00,"63,568,800","58,075,200",3.03
385510,KODEX 신재생에너지액티브,20260818,267260,HD현대일렉트릭,69.00,"55,407,000","54,165,000",2.82
385510,KODEX 신재생에너지액티브,20260818,006260,LS,140.00,"45,290,000","48,090,000",2.51
385510,KODEX 신재생에너지액티브,20260818,003670,포스코퓨처엠,275.00,"46,887,500","44,110,000",2.30
385510,KODEX 신재생에너지액티브,20260818,083650,비에이치아이,576.00,"35,308,800","33,926,400",1.77
385510,KODEX 신재생에너지액티브,20260818,066970,엘앤에프,315.00,"34,555,500","33,201,000",1.73
385510,KODEX 신재생에너지액티브,20260818,103590,일진전기,434.00,"32,246,200","31,117,800",1.62
385510,KODEX 신재생에너지액티브,20260818,006340,대원전선,"2,135.00","31,405,850","30,124,850",1.57
385510,KODEX 신재생에너지액티브,20260818,100840,SNT에너지,"1,045.00","29,730,250","28,319,500",1.48
385510,KODEX 신재생에너지액티브,20260818,044490,태웅,897.00,"31,574,400","27,493,050",1.43
385510,KODEX 신재생에너지액티브,20260818,006110,삼아알미늄,440.00,"23,276,000","25,520,000",1.33
385510,KODEX 신재생에너지액티브,20260818,119850,지엔씨에너지,437.00,"23,991,300","23,554,300",1.23
385510,KODEX 신재생에너지액티브,20260818,059090,미코,"1,231.00","23,819,850","21,074,720",1.10
385510,KODEX 신재생에너지액티브,20260818,082920,비츠로셀,620.00,"19,654,000","18,941,000",0.99
385510,KODEX 신재생에너지액티브,20260818,107640,한중엔시에스,527.00,"20,236,800","18,023,400",0.94
385510,KODEX 신재생에너지액티브,20260818,098070,한텍,690.00,"19,734,000","17,871,000",0.93
385510,KODEX 신재생에너지액티브,20260818,247540,에코프로비엠,149.00,"17,388,300","16,255,900",0.85
385510,KODEX 신재생에너지액티브,20260818,001430,세아베스틸지주,366.00,"16,470,000","15,774,600",0.82
385510,KODEX 신재생에너지액티브,20260818,091580,상신이디피,840.00,"15,355,200","15,187,200",0.79
385510,KODEX 신재생에너지액티브,20260818,000500,가온전선,91.00,"15,206,100","14,787,500",0.77
385510,KODEX 신재생에너지액티브,20260818,093370,후성,"1,138.00","14,111,200","14,759,860",0.77
385510,KODEX 신재생에너지액티브,20260818,389260,대명에너지,990.00,"14,434,200","13,731,300",0.72
385510,KODEX 신재생에너지액티브,20260818,114190,강원에너지,"1,498.00","14,635,460","13,571,880",0.71
385510,KODEX 신재생에너지액티브,20260818,452280,한선엔지니어링,"1,176.00","14,406,000","13,500,480",0.70
385510,KODEX 신재생에너지액티브,20260818,089890,코세스,568.00,"13,518,400","12,978,800",0.68
385510,KODEX 신재생에너지액티브,20260818,281740,레이크머티리얼즈,"1,033.00","13,842,200","12,912,500",0.67
385510,KODEX 신재생에너지액티브,20260818,365340,성일하이텍,291.00,"11,174,400","10,403,250",0.54
385510,KODEX 신재생에너지액티브,20260818,001440,대한전선,360.00,"10,782,000","10,332,000",0.54
385510,KODEX 신재생에너지액티브,20260818,171090,선익시스템,148.00,"9,990,000","9,856,800",0.51
385510,KODEX 신재생에너지액티브,20260818,450080,에코프로머티,224.00,"8,937,600","8,344,000",0.43
385510,KODEX 신재생에너지액티브,20260818,278280,천보,218.00,"8,240,400","7,815,300",0.41
385510,KODEX 신재생에너지액티브,20260818,047040,대우건설,402.00,"7,240,020","6,902,340",0.36
385510,KODEX 신재생에너지액티브,20260818,001530,DI동일,282.00,"7,191,000","6,768,000",0.35
385510,KODEX 신재생에너지액티브,20260818,213420,덕산네오룩스,190.00,"6,659,500","6,403,000",0.33
385510,KODEX 신재생에너지액티브,20260818,297090,씨에스베어링,"1,471.00","5,935,485","5,692,770",0.30
385510,KODEX 신재생에너지액티브,20260818,187790,나노,"1,721.00","5,610,460","5,481,385",0.29
385510,KODEX 신재생에너지액티브,20260818,060370,LS마린솔루션,143.00,"4,647,500","4,468,750",0.23
385510,KODEX 신재생에너지액티브,20260818,416180,신성에스티,189.00,"4,337,550","4,384,800",0.23
385510,KODEX 신재생에너지액티브,20260818,417200,LS머트리얼즈,365.00,"4,533,300","4,281,450",0.22
385510,KODEX 신재생에너지액티브,20260818,357580,아모센스,629.00,"4,396,710","3,836,900",0.20
385510,KODEX 신재생에너지액티브,20260818,018000,유니슨,"3,881.00","3,881,000","3,830,547",0.20
385510,KODEX 신재생에너지액티브,20260818,101970,우양에이치씨,373.00,"3,595,720","3,748,650",0.20
385510,KODEX 신재생에너지액티브,20260818,036930,주성엔지니어링,20.00,"3,556,000","3,586,000",0.19
385510,KODEX 신재생에너지액티브,20260818,096770,SK이노베이션,21.00,"2,702,700","2,761,500",0.14
385510,KODEX 신재생에너지액티브,20260818,034020,두산에너빌리티,32.00,"2,643,200","2,492,800",0.13
385510,KODEX 신재생에너지액티브,20260818,010950,S-Oil,16.00,"2,361,600","2,457,600",0.13
385510,KODEX 신재생에너지액티브,20260818,005380,현대차,5.00,"2,265,000","2,175,000",0.11
385510,KODEX 신재생에너지액티브,20260818,066570,LG전자,10.00,"2,150,000","2,080,000",0.11
385510,KODEX 신재생에너지액티브,20260818,012330,현대모비스,4.00,"2,188,000","2,072,000",0.11
385510,KODEX 신재생에너지액티브,20260818,005490,POSCO홀딩스,6.00,"2,004,000","1,947,000",0.10
385510,KODEX 신재생에너지액티브,20260818,028050,삼성E&A,36.00,"1,792,800","1,724,400",0.09
385510,KODEX 신재생에너지액티브,20260818,229640,LS에코에너지,34.00,"1,642,200","1,613,300",0.08
385510,KODEX 신재생에너지액티브,20260818,163280,에어레인,436.00,"1,480,220","1,438,800",0.07
385510,KODEX 신재생에너지액티브,20260818,000270,기아,10.00,"1,417,000","1,372,000",0.07
385510,KODEX 신재생에너지액티브,20260818,014680,한솔케미칼,6.00,"1,311,000","1,263,000",0.07
385510,KODEX 신재생에너지액티브,20260818,010130,고려아연,1.00,"1,196,000","1,219,000",0.06
385510,KODEX 신재생에너지액티브,20260818,199820,제일일렉트릭,149.00,"1,190,510","1,139,850",0.06
385510,KODEX 신재생에너지액티브,20260818,336260,두산퓨얼셀,26.00,"984,100","941,200",0.05
385510,KODEX 신재생에너지액티브,20260818,051910,LG화학,3.00,"841,500","811,500",0.04
385510,KODEX 신재생에너지액티브,20260818,306200,세아제강,6.00,"796,800","810,000",0.04
385510,KODEX 신재생에너지액티브,20260818,003030,세아제강지주,7.00,"756,000","697,200",0.04
385510,KODEX 신재생에너지액티브,20260818,051600,한전KPS,15.00,"695,250","674,250",0.04
385510,KODEX 신재생에너지액티브,20260818,000720,현대건설,6.00,"694,800","660,600",0.03
385510,KODEX 신재생에너지액티브,20260818,075580,세진중공업,57.00,"681,720","632,130",0.03
385510,KODEX 신재생에너지액티브,20260818,052690,한전기술,6.00,"606,000","579,000",0.03
385510,KODEX 신재생에너지액티브,20260818,018880,한온시스템,156.00,"595,920","570,180",0.03
385510,KODEX 신재생에너지액티브,20260818,005010,휴스틸,145.00,"585,075","551,000",0.03
385510,KODEX 신재생에너지액티브,20260818,092790,넥스틸,37.00,"478,040","434,750",0.02
385510,KODEX 신재생에너지액티브,20260818,005070,코스모신소재,11.00,"464,200","429,000",0.02
385510,KODEX 신재생에너지액티브,20260818,015760,한국전력,13.00,"432,250","423,800",0.02
385510,KODEX 신재생에너지액티브,20260818,KRD010010001,원화현금,-,-,"14,969,135",0.78
385510,KODEX 신재생에너지액티브,20260819,010060,OCI홀딩스,521.00,"141,972,500","144,577,500",7.56
385510,KODEX 신재생에너지액티브,20260819,475150,SK이터닉스,"2,311.00","135,193,500","133,575,800",6.99
385510,KODEX 신재생에너지액티브,20260819,009830,한화솔루션,"3,671.00","124,814,000","127,200,150",6.66
385510,KODEX 신재생에너지액티브,20260819,006400,삼성SDI,241.00,"117,608,000","117,367,000",6.14
385510,KODEX 신재생에너지액티브,20260819,322000,HD현대에너지솔루션,780.00,"97,188,000","100,932,000",5.28
385510,KODEX 신재생에너지액티브,20260819,112610,씨에스윈드,"2,034.00","92,953,800","93,462,300",4.89
385510,KODEX 신재생에너지액티브,20260819,178320,서진시스템,"1,933.00","71,617,650","73,937,250",3.87
385510,KODEX 신재생에너지액티브,20260819,100090,SK오션플랜트,"5,027.00","69,020,710","67,562,880",3.53
385510,KODEX 신재생에너지액티브,20260819,373220,LG에너지솔루션,183.00,"64,233,000","65,422,500",3.42
385510,KODEX 신재생에너지액티브,20260819,010120,LS ELECTRIC,314.00,"65,626,000","63,428,000",3.32
385510,KODEX 신재생에너지액티브,20260819,062040,산일전기,354.00,"63,436,800","62,197,800",3.25
385510,KODEX 신재생에너지액티브,20260819,298040,효성중공업,21.00,"62,664,000","61,068,000",3.20
385510,KODEX 신재생에너지액티브,20260819,126340,비나텍,872.00,"58,075,200","56,156,800",2.94
385510,KODEX 신재생에너지액티브,20260819,267260,HD현대일렉트릭,69.00,"54,165,000","51,888,000",2.71
385510,KODEX 신재생에너지액티브,20260819,006260,LS,140.00,"48,090,000","46,620,000",2.44
385510,KODEX 신재생에너지액티브,20260819,003670,포스코퓨처엠,275.00,"44,110,000","44,082,500",2.31
385510,KODEX 신재생에너지액티브,20260819,083650,비에이치아이,576.00,"33,926,400","34,905,600",1.83
385510,KODEX 신재생에너지액티브,20260819,066970,엘앤에프,315.00,"33,201,000","33,075,000",1.73
385510,KODEX 신재생에너지액티브,20260819,103590,일진전기,434.00,"31,117,800","30,857,400",1.61
385510,KODEX 신재생에너지액티브,20260819,006340,대원전선,"2,135.00","30,124,850","30,188,900",1.58
385510,KODEX 신재생에너지액티브,20260819,100840,SNT에너지,"1,045.00","28,319,500","28,006,000",1.47
385510,KODEX 신재생에너지액티브,20260819,044490,태웅,897.00,"27,493,050","27,493,050",1.44
385510,KODEX 신재생에너지액티브,20260819,119850,지엔씨에너지,437.00,"23,554,300","23,991,300",1.26
385510,KODEX 신재생에너지액티브,20260819,006110,삼아알미늄,440.00,"25,520,000","23,848,000",1.25
385510,KODEX 신재생에너지액티브,20260819,082920,비츠로셀,620.00,"18,941,000","21,545,000",1.13
385510,KODEX 신재생에너지액티브,20260819,059090,미코,"1,231.00","21,074,720","21,296,300",1.11
385510,KODEX 신재생에너지액티브,20260819,107640,한중엔시에스,527.00,"18,023,400","18,023,400",0.94
385510,KODEX 신재생에너지액티브,20260819,098070,한텍,690.00,"17,871,000","17,008,500",0.89
385510,KODEX 신재생에너지액티브,20260819,247540,에코프로비엠,149.00,"16,255,900","16,360,200",0.86
385510,KODEX 신재생에너지액티브,20260819,001430,세아베스틸지주,366.00,"15,774,600","15,628,200",0.82
385510,KODEX 신재생에너지액티브,20260819,000500,가온전선,91.00,"14,787,500","14,359,800",0.75
385510,KODEX 신재생에너지액티브,20260819,093370,후성,"1,138.00","14,759,860","14,236,380",0.74
385510,KODEX 신재생에너지액티브,20260819,091580,상신이디피,840.00,"15,187,200","13,826,400",0.72
385510,KODEX 신재생에너지액티브,20260819,389260,대명에너지,990.00,"13,731,300","13,345,200",0.70
385510,KODEX 신재생에너지액티브,20260819,114190,강원에너지,"1,498.00","13,571,880","12,957,700",0.68
385510,KODEX 신재생에너지액티브,20260819,281740,레이크머티리얼즈,"1,033.00","12,912,500","12,747,220",0.67
385510,KODEX 신재생에너지액티브,20260819,089890,코세스,568.00,"12,978,800","12,638,000",0.66
385510,KODEX 신재생에너지액티브,20260819,452280,한선엔지니어링,"1,176.00","13,500,480","12,594,960",0.66
385510,KODEX 신재생에너지액티브,20260819,001440,대한전선,360.00,"10,332,000","10,080,000",0.53
385510,KODEX 신재생에너지액티브,20260819,365340,성일하이텍,291.00,"10,403,250","10,024,950",0.52
385510,KODEX 신재생에너지액티브,20260819,171090,선익시스템,148.00,"9,856,800","9,620,000",0.50
385510,KODEX 신재생에너지액티브,20260819,450080,에코프로머티,224.00,"8,344,000","8,265,600",0.43
385510,KODEX 신재생에너지액티브,20260819,278280,천보,218.00,"7,815,300","7,804,400",0.41
385510,KODEX 신재생에너지액티브,20260819,047040,대우건설,402.00,"6,902,340","6,914,400",0.36
385510,KODEX 신재생에너지액티브,20260819,001530,DI동일,282.00,"6,768,000","6,768,000",0.35
385510,KODEX 신재생에너지액티브,20260819,213420,덕산네오룩스,190.00,"6,403,000","6,241,500",0.33
385510,KODEX 신재생에너지액티브,20260819,187790,나노,"1,721.00","5,481,385","5,644,880",0.30
385510,KODEX 신재생에너지액티브,20260819,297090,씨에스베어링,"1,471.00","5,692,770","5,589,800",0.29
385510,KODEX 신재생에너지액티브,20260819,060370,LS마린솔루션,143.00,"4,468,750","4,533,100",0.24
385510,KODEX 신재생에너지액티브,20260819,416180,신성에스티,189.00,"4,384,800","4,271,400",0.22
385510,KODEX 신재생에너지액티브,20260819,417200,LS머트리얼즈,365.00,"4,281,450","4,190,200",0.22
385510,KODEX 신재생에너지액티브,20260819,101970,우양에이치씨,373.00,"3,748,650","3,841,900",0.20
385510,KODEX 신재생에너지액티브,20260819,018000,유니슨,"3,881.00","3,830,547","3,787,856",0.20
385510,KODEX 신재생에너지액티브,20260819,357580,아모센스,629.00,"3,836,900","3,547,560",0.19
385510,KODEX 신재생에너지액티브,20260819,036930,주성엔지니어링,20.00,"3,586,000","3,432,000",0.18
385510,KODEX 신재생에너지액티브,20260819,096770,SK이노베이션,21.00,"2,761,500","2,706,900",0.14
385510,KODEX 신재생에너지액티브,20260819,034020,두산에너빌리티,32.00,"2,492,800","2,438,400",0.13
385510,KODEX 신재생에너지액티브,20260819,010950,S-Oil,16.00,"2,457,600","2,425,600",0.13
385510,KODEX 신재생에너지액티브,20260819,005380,현대차,5.00,"2,175,000","2,070,000",0.11
385510,KODEX 신재생에너지액티브,20260819,012330,현대모비스,4.00,"2,072,000","2,036,000",0.11
385510,KODEX 신재생에너지액티브,20260819,066570,LG전자,10.00,"2,080,000","2,015,000",0.11
385510,KODEX 신재생에너지액티브,20260819,005490,POSCO홀딩스,6.00,"1,947,000","1,920,000",0.10
385510,KODEX 신재생에너지액티브,20260819,028050,삼성E&A,36.00,"1,724,400","1,746,000",0.09
385510,KODEX 신재생에너지액티브,20260819,229640,LS에코에너지,34.00,"1,613,300","1,584,400",0.08
385510,KODEX 신재생에너지액티브,20260819,163280,에어레인,436.00,"1,438,800","1,382,120",0.07
385510,KODEX 신재생에너지액티브,20260819,000270,기아,10.00,"1,372,000","1,330,000",0.07
385510,KODEX 신재생에너지액티브,20260819,014680,한솔케미칼,6.00,"1,263,000","1,215,000",0.06
385510,KODEX 신재생에너지액티브,20260819,010130,고려아연,1.00,"1,219,000","1,145,000",0.06
385510,KODEX 신재생에너지액티브,20260819,199820,제일일렉트릭,149.00,"1,139,850","1,132,400",0.06
385510,KODEX 신재생에너지액티브,20260819,336260,두산퓨얼셀,26.00,"941,200","1,034,800",0.05
385510,KODEX 신재생에너지액티브,20260819,306200,세아제강,6.00,"810,000","813,600",0.04
385510,KODEX 신재생에너지액티브,20260819,051910,LG화학,3.00,"811,500","798,000",0.04
385510,KODEX 신재생에너지액티브,20260819,000720,현대건설,6.00,"660,600","699,000",0.04
385510,KODEX 신재생에너지액티브,20260819,003030,세아제강지주,7.00,"697,200","688,800",0.04
385510,KODEX 신재생에너지액티브,20260819,051600,한전KPS,15.00,"674,250","679,500",0.04
385510,KODEX 신재생에너지액티브,20260819,075580,세진중공업,57.00,"632,130","613,890",0.03
385510,KODEX 신재생에너지액티브,20260819,052690,한전기술,6.00,"579,000","561,000",0.03
385510,KODEX 신재생에너지액티브,20260819,018880,한온시스템,156.00,"570,180","544,440",0.03
385510,KODEX 신재생에너지액티브,20260819,005010,휴스틸,145.00,"551,000","524,175",0.03
385510,KODEX 신재생에너지액티브,20260819,005070,코스모신소재,11.00,"429,000","427,350",0.02
385510,KODEX 신재생에너지액티브,20260819,092790,넥스틸,37.00,"434,750","419,580",0.02
385510,KODEX 신재생에너지액티브,20260819,015760,한국전력,13.00,"423,800","401,050",0.02
385510,KODEX 신재생에너지액티브,20260819,KRD010010001,원화현금,-,-,"14,952,109",0.78
385510,KODEX 신재생에너지액티브,20260820,010060,OCI홀딩스,521.00,"144,577,500","151,090,000",7.79
385510,KODEX 신재생에너지액티브,20260820,475150,SK이터닉스,"2,311.00","133,575,800","129,416,000",6.67
385510,KODEX 신재생에너지액티브,20260820,009830,한화솔루션,"3,671.00","127,200,150","129,219,200",6.66
385510,KODEX 신재생에너지액티브,20260820,006400,삼성SDI,241.00,"117,367,000","120,379,500",6.21
385510,KODEX 신재생에너지액티브,20260820,322000,HD현대에너지솔루션,780.00,"100,932,000","108,498,000",5.60
385510,KODEX 신재생에너지액티브,20260820,112610,씨에스윈드,"2,034.00","93,462,300","98,445,600",5.08
385510,KODEX 신재생에너지액티브,20260820,178320,서진시스템,"1,933.00","73,937,250","75,000,400",3.87
385510,KODEX 신재생에너지액티브,20260820,100090,SK오션플랜트,"5,027.00","67,562,880","68,668,820",3.54
385510,KODEX 신재생에너지액티브,20260820,373220,LG에너지솔루션,183.00,"65,422,500","65,514,000",3.38
385510,KODEX 신재생에너지액티브,20260820,062040,산일전기,354.00,"62,197,800","63,436,800",3.27
385510,KODEX 신재생에너지액티브,20260820,010120,LS ELECTRIC,314.00,"63,428,000","62,548,800",3.23
385510,KODEX 신재생에너지액티브,20260820,298040,효성중공업,21.00,"61,068,000","59,997,000",3.09
385510,KODEX 신재생에너지액티브,20260820,126340,비나텍,872.00,"56,156,800","58,511,200",3.02
385510,KODEX 신재생에너지액티브,20260820,267260,HD현대일렉트릭,69.00,"51,888,000","51,474,000",2.65
385510,KODEX 신재생에너지액티브,20260820,003670,포스코퓨처엠,275.00,"44,082,500","44,907,500",2.32
385510,KODEX 신재생에너지액티브,20260820,006260,LS,140.00,"46,620,000","43,890,000",2.26
385510,KODEX 신재생에너지액티브,20260820,083650,비에이치아이,576.00,"34,905,600","34,502,400",1.78
385510,KODEX 신재생에너지액티브,20260820,066970,엘앤에프,315.00,"33,075,000","34,020,000",1.75
385510,KODEX 신재생에너지액티브,20260820,006340,대원전선,"2,135.00","30,188,900","31,021,550",1.60
385510,KODEX 신재생에너지액티브,20260820,103590,일진전기,434.00,"30,857,400","30,380,000",1.57
385510,KODEX 신재생에너지액티브,20260820,100840,SNT에너지,"1,045.00","28,006,000","28,424,000",1.47
385510,KODEX 신재생에너지액티브,20260820,044490,태웅,897.00,"27,493,050","27,044,550",1.39
385510,KODEX 신재생에너지액티브,20260820,006110,삼아알미늄,440.00,"23,848,000","24,112,000",1.24
385510,KODEX 신재생에너지액티브,20260820,059090,미코,"1,231.00","21,296,300","22,871,980",1.18
385510,KODEX 신재생에너지액티브,20260820,119850,지엔씨에너지,437.00,"23,991,300","21,893,700",1.13
385510,KODEX 신재생에너지액티브,20260820,082920,비츠로셀,620.00,"21,545,000","21,235,000",1.10
385510,KODEX 신재생에너지액티브,20260820,107640,한중엔시에스,527.00,"18,023,400","18,866,600",0.97
385510,KODEX 신재생에너지액티브,20260820,098070,한텍,690.00,"17,008,500","17,077,500",0.88
385510,KODEX 신재생에너지액티브,20260820,247540,에코프로비엠,149.00,"16,360,200","17,000,900",0.88
385510,KODEX 신재생에너지액티브,20260820,091580,상신이디피,840.00,"13,826,400","15,397,200",0.79
385510,KODEX 신재생에너지액티브,20260820,001430,세아베스틸지주,366.00,"15,628,200","15,042,600",0.78
385510,KODEX 신재생에너지액티브,20260820,000500,가온전선,91.00,"14,359,800","15,005,900",0.77
385510,KODEX 신재생에너지액티브,20260820,093370,후성,"1,138.00","14,236,380","14,145,340",0.73
385510,KODEX 신재생에너지액티브,20260820,089890,코세스,568.00,"12,638,000","13,916,000",0.72
385510,KODEX 신재생에너지액티브,20260820,389260,대명에너지,990.00,"13,345,200","13,424,400",0.69
385510,KODEX 신재생에너지액티브,20260820,114190,강원에너지,"1,498.00","12,957,700","13,197,380",0.68
385510,KODEX 신재생에너지액티브,20260820,281740,레이크머티리얼즈,"1,033.00","12,747,220","12,767,880",0.66
385510,KODEX 신재생에너지액티브,20260820,452280,한선엔지니어링,"1,176.00","12,594,960","12,747,840",0.66
385510,KODEX 신재생에너지액티브,20260820,001440,대한전선,360.00,"10,080,000","10,206,000",0.53
385510,KODEX 신재생에너지액티브,20260820,365340,성일하이텍,291.00,"10,024,950","10,039,500",0.52
385510,KODEX 신재생에너지액티브,20260820,171090,선익시스템,148.00,"9,620,000","9,930,800",0.51
385510,KODEX 신재생에너지액티브,20260820,450080,에코프로머티,224.00,"8,265,600","8,288,000",0.43
385510,KODEX 신재생에너지액티브,20260820,278280,천보,218.00,"7,804,400","7,891,600",0.41
385510,KODEX 신재생에너지액티브,20260820,001530,DI동일,282.00,"6,768,000","6,838,500",0.35
385510,KODEX 신재생에너지액티브,20260820,047040,대우건설,402.00,"6,914,400","6,717,420",0.35
385510,KODEX 신재생에너지액티브,20260820,213420,덕산네오룩스,190.00,"6,241,500","6,298,500",0.32
385510,KODEX 신재생에너지액티브,20260820,297090,씨에스베어링,"1,471.00","5,589,800","5,714,835",0.29
385510,KODEX 신재생에너지액티브,20260820,187790,나노,"1,721.00","5,644,880","5,360,915",0.28
385510,KODEX 신재생에너지액티브,20260820,060370,LS마린솔루션,143.00,"4,533,100","4,626,050",0.24
385510,KODEX 신재생에너지액티브,20260820,416180,신성에스티,189.00,"4,271,400","4,403,700",0.23
385510,KODEX 신재생에너지액티브,20260820,417200,LS머트리얼즈,365.00,"4,190,200","4,277,800",0.22
385510,KODEX 신재생에너지액티브,20260820,101970,우양에이치씨,373.00,"3,841,900","3,890,390",0.20
385510,KODEX 신재생에너지액티브,20260820,018000,유니슨,"3,881.00","3,787,856","3,865,476",0.20
385510,KODEX 신재생에너지액티브,20260820,357580,아모센스,629.00,"3,547,560","3,547,560",0.18
385510,KODEX 신재생에너지액티브,20260820,036930,주성엔지니어링,20.00,"3,432,000","3,546,000",0.18
385510,KODEX 신재생에너지액티브,20260820,096770,SK이노베이션,21.00,"2,706,900","2,643,900",0.14
385510,KODEX 신재생에너지액티브,20260820,034020,두산에너빌리티,32.00,"2,438,400","2,428,800",0.13
385510,KODEX 신재생에너지액티브,20260820,010950,S-Oil,16.00,"2,425,600","2,281,600",0.12
385510,KODEX 신재생에너지액티브,20260820,005380,현대차,5.00,"2,070,000","2,087,500",0.11
385510,KODEX 신재생에너지액티브,20260820,012330,현대모비스,4.00,"2,036,000","2,028,000",0.10
385510,KODEX 신재생에너지액티브,20260820,066570,LG전자,10.00,"2,015,000","2,025,000",0.10
385510,KODEX 신재생에너지액티브,20260820,005490,POSCO홀딩스,6.00,"1,920,000","1,929,000",0.10
385510,KODEX 신재생에너지액티브,20260820,028050,삼성E&A,36.00,"1,746,000","1,729,800",0.09
385510,KODEX 신재생에너지액티브,20260820,229640,LS에코에너지,34.00,"1,584,400","1,560,600",0.08
385510,KODEX 신재생에너지액티브,20260820,163280,에어레인,436.00,"1,382,120","1,451,880",0.07
385510,KODEX 신재생에너지액티브,20260820,000270,기아,10.00,"1,330,000","1,311,000",0.07
385510,KODEX 신재생에너지액티브,20260820,010130,고려아연,1.00,"1,145,000","1,238,000",0.06
385510,KODEX 신재생에너지액티브,20260820,014680,한솔케미칼,6.00,"1,215,000","1,218,000",0.06
385510,KODEX 신재생에너지액티브,20260820,199820,제일일렉트릭,149.00,"1,132,400","1,129,420",0.06
385510,KODEX 신재생에너지액티브,20260820,336260,두산퓨얼셀,26.00,"1,034,800","1,056,900",0.05
385510,KODEX 신재생에너지액티브,20260820,306200,세아제강,6.00,"813,600","839,400",0.04
385510,KODEX 신재생에너지액티브,20260820,051910,LG화학,3.00,"798,000","792,000",0.04
385510,KODEX 신재생에너지액티브,20260820,003030,세아제강지주,7.00,"688,800","710,500",0.04
385510,KODEX 신재생에너지액티브,20260820,000720,현대건설,6.00,"699,000","682,800",0.04
385510,KODEX 신재생에너지액티브,20260820,051600,한전KPS,15.00,"679,500","674,250",0.03
385510,KODEX 신재생에너지액티브,20260820,075580,세진중공업,57.00,"613,890","611,040",0.03
385510,KODEX 신재생에너지액티브,20260820,052690,한전기술,6.00,"561,000","565,200",0.03
385510,KODEX 신재생에너지액티브,20260820,018880,한온시스템,156.00,"544,440","548,340",0.03
385510,KODEX 신재생에너지액티브,20260820,005010,휴스틸,145.00,"524,175","535,775",0.03
385510,KODEX 신재생에너지액티브,20260820,005070,코스모신소재,11.00,"427,350","442,750",0.02
385510,KODEX 신재생에너지액티브,20260820,092790,넥스틸,37.00,"419,580","432,900",0.02
385510,KODEX 신재생에너지액티브,20260820,015760,한국전력,13.00,"401,050","413,400",0.02
385510,KODEX 신재생에너지액티브,20260820,KRD010010001,원화현금,-,-,"14,930,032",0.77
385510,KODEX 신재생에너지액티브,20260821,010060,OCI홀딩스,521.00,"151,090,000","138,065,000",7.61
385510,KODEX 신재생에너지액티브,20260821,475150,SK이터닉스,"2,311.00","129,416,000","118,554,300",6.54
385510,KODEX 신재생에너지액티브,20260821,009830,한화솔루션,"3,671.00","129,219,200","117,655,550",6.49
385510,KODEX 신재생에너지액티브,20260821,006400,삼성SDI,241.00,"120,379,500","115,198,000",6.35
385510,KODEX 신재생에너지액티브,20260821,322000,HD현대에너지솔루션,780.00,"108,498,000","97,812,000",5.39
385510,KODEX 신재생에너지액티브,20260821,112610,씨에스윈드,"2,034.00","98,445,600","94,682,700",5.22
385510,KODEX 신재생에너지액티브,20260821,178320,서진시스템,"1,933.00","75,000,400","70,071,250",3.86
385510,KODEX 신재생에너지액티브,20260821,100090,SK오션플랜트,"5,027.00","68,668,820","65,501,810",3.61
385510,KODEX 신재생에너지액티브,20260821,373220,LG에너지솔루션,183.00,"65,514,000","62,860,500",3.47
385510,KODEX 신재생에너지액티브,20260821,010120,LS ELECTRIC,314.00,"62,548,800","58,718,000",3.24
385510,KODEX 신재생에너지액티브,20260821,062040,산일전기,354.00,"63,436,800","58,339,200",3.22
385510,KODEX 신재생에너지액티브,20260821,298040,효성중공업,21.00,"59,997,000","57,141,000",3.15
385510,KODEX 신재생에너지액티브,20260821,126340,비나텍,872.00,"58,511,200","54,151,200",2.99
385510,KODEX 신재생에너지액티브,20260821,267260,HD현대일렉트릭,69.00,"51,474,000","49,542,000",2.73
385510,KODEX 신재생에너지액티브,20260821,003670,포스코퓨처엠,275.00,"44,907,500","42,597,500",2.35
385510,KODEX 신재생에너지액티브,20260821,006260,LS,140.00,"43,890,000","41,090,000",2.27
385510,KODEX 신재생에너지액티브,20260821,066970,엘앤에프,315.00,"34,020,000","32,917,500",1.82
385510,KODEX 신재생에너지액티브,20260821,083650,비에이치아이,576.00,"34,502,400","32,544,000",1.79
385510,KODEX 신재생에너지액티브,20260821,103590,일진전기,434.00,"30,380,000","28,470,400",1.57
385510,KODEX 신재생에너지액티브,20260821,006340,대원전선,"2,135.00","31,021,550","28,288,750",1.56
385510,KODEX 신재생에너지액티브,20260821,100840,SNT에너지,"1,045.00","28,424,000","27,065,500",1.49
385510,KODEX 신재생에너지액티브,20260821,044490,태웅,897.00,"27,044,550","25,250,550",1.39
385510,KODEX 신재생에너지액티브,20260821,059090,미코,"1,231.00","22,871,980","21,234,750",1.17
385510,KODEX 신재생에너지액티브,20260821,006110,삼아알미늄,440.00,"24,112,000","21,186,000",1.17
385510,KODEX 신재생에너지액티브,20260821,119850,지엔씨에너지,437.00,"21,893,700","21,085,250",1.16
385510,KODEX 신재생에너지액티브,20260821,082920,비츠로셀,620.00,"21,235,000","18,910,000",1.04
385510,KODEX 신재생에너지액티브,20260821,107640,한중엔시에스,527.00,"18,866,600","17,153,850",0.95
385510,KODEX 신재생에너지액티브,20260821,098070,한텍,690.00,"17,077,500","16,318,500",0.90
385510,KODEX 신재생에너지액티브,20260821,247540,에코프로비엠,149.00,"17,000,900","15,734,400",0.87
385510,KODEX 신재생에너지액티브,20260821,001430,세아베스틸지주,366.00,"15,042,600","14,402,100",0.79
385510,KODEX 신재생에너지액티브,20260821,000500,가온전선,91.00,"15,005,900","14,396,200",0.79
385510,KODEX 신재생에너지액티브,20260821,091580,상신이디피,840.00,"15,397,200","14,322,000",0.79
385510,KODEX 신재생에너지액티브,20260821,093370,후성,"1,138.00","14,145,340","13,587,720",0.75
385510,KODEX 신재생에너지액티브,20260821,389260,대명에너지,990.00,"13,424,400","12,553,200",0.69
385510,KODEX 신재생에너지액티브,20260821,089890,코세스,568.00,"13,916,000","12,524,400",0.69
385510,KODEX 신재생에너지액티브,20260821,114190,강원에너지,"1,498.00","13,197,380","12,283,600",0.68
385510,KODEX 신재생에너지액티브,20260821,281740,레이크머티리얼즈,"1,033.00","12,767,880","11,941,480",0.66
385510,KODEX 신재생에너지액티브,20260821,452280,한선엔지니어링,"1,176.00","12,747,840","11,654,160",0.64
385510,KODEX 신재생에너지액티브,20260821,171090,선익시스템,148.00,"9,930,800","9,605,200",0.53
385510,KODEX 신재생에너지액티브,20260821,001440,대한전선,360.00,"10,206,000","9,594,000",0.53
385510,KODEX 신재생에너지액티브,20260821,365340,성일하이텍,291.00,"10,039,500","9,573,900",0.53
385510,KODEX 신재생에너지액티브,20260821,450080,에코프로머티,224.00,"8,288,000","7,672,000",0.42
385510,KODEX 신재생에너지액티브,20260821,278280,천보,218.00,"7,891,600","7,379,300",0.41
385510,KODEX 신재생에너지액티브,20260821,001530,DI동일,282.00,"6,838,500","6,753,900",0.37
385510,KODEX 신재생에너지액티브,20260821,047040,대우건설,402.00,"6,717,420","6,403,860",0.35
385510,KODEX 신재생에너지액티브,20260821,213420,덕산네오룩스,190.00,"6,298,500","6,051,500",0.33
385510,KODEX 신재생에너지액티브,20260821,297090,씨에스베어링,"1,471.00","5,714,835","5,530,960",0.30
385510,KODEX 신재생에너지액티브,20260821,187790,나노,"1,721.00","5,360,915","5,145,790",0.28
385510,KODEX 신재생에너지액티브,20260821,060370,LS마린솔루션,143.00,"4,626,050","4,425,850",0.24
385510,KODEX 신재생에너지액티브,20260821,416180,신성에스티,189.00,"4,403,700","4,139,100",0.23
385510,KODEX 신재생에너지액티브,20260821,417200,LS머트리얼즈,365.00,"4,277,800","3,963,900",0.22
385510,KODEX 신재생에너지액티브,20260821,101970,우양에이치씨,373.00,"3,890,390","3,882,930",0.21
385510,KODEX 신재생에너지액티브,20260821,018000,유니슨,"3,881.00","3,865,476","3,725,760",0.21
385510,KODEX 신재생에너지액티브,20260821,036930,주성엔지니어링,20.00,"3,546,000","3,372,000",0.19
385510,KODEX 신재생에너지액티브,20260821,357580,아모센스,629.00,"3,547,560","3,270,800",0.18
385510,KODEX 신재생에너지액티브,20260821,096770,SK이노베이션,21.00,"2,643,900","2,620,800",0.14
385510,KODEX 신재생에너지액티브,20260821,034020,두산에너빌리티,32.00,"2,428,800","2,345,600",0.13
385510,KODEX 신재생에너지액티브,20260821,010950,S-Oil,16.00,"2,281,600","2,257,600",0.12
385510,KODEX 신재생에너지액티브,20260821,005380,현대차,5.00,"2,087,500","2,075,000",0.11
385510,KODEX 신재생에너지액티브,20260821,012330,현대모비스,4.00,"2,028,000","1,984,000",0.11
385510,KODEX 신재생에너지액티브,20260821,066570,LG전자,10.00,"2,025,000","1,945,000",0.11
385510,KODEX 신재생에너지액티브,20260821,005490,POSCO홀딩스,6.00,"1,929,000","1,860,000",0.10
385510,KODEX 신재생에너지액티브,20260821,028050,삼성E&A,36.00,"1,729,800","1,625,400",0.09
385510,KODEX 신재생에너지액티브,20260821,229640,LS에코에너지,34.00,"1,560,600","1,450,100",0.08
385510,KODEX 신재생에너지액티브,20260821,163280,에어레인,436.00,"1,451,880","1,384,300",0.08
385510,KODEX 신재생에너지액티브,20260821,000270,기아,10.00,"1,311,000","1,309,000",0.07
385510,KODEX 신재생에너지액티브,20260821,010130,고려아연,1.00,"1,238,000","1,237,000",0.07
385510,KODEX 신재생에너지액티브,20260821,014680,한솔케미칼,6.00,"1,218,000","1,206,000",0.07
385510,KODEX 신재생에너지액티브,20260821,199820,제일일렉트릭,149.00,"1,129,420","1,071,310",0.06
385510,KODEX 신재생에너지액티브,20260821,336260,두산퓨얼셀,26.00,"1,056,900","962,000",0.05
385510,KODEX 신재생에너지액티브,20260821,306200,세아제강,6.00,"839,400","831,000",0.05
385510,KODEX 신재생에너지액티브,20260821,051910,LG화학,3.00,"792,000","757,500",0.04
385510,KODEX 신재생에너지액티브,20260821,003030,세아제강지주,7.00,"710,500","702,100",0.04
385510,KODEX 신재생에너지액티브,20260821,051600,한전KPS,15.00,"674,250","657,000",0.04
385510,KODEX 신재생에너지액티브,20260821,000720,현대건설,6.00,"682,800","633,600",0.03
385510,KODEX 신재생에너지액티브,20260821,075580,세진중공업,57.00,"611,040","576,270",0.03
385510,KODEX 신재생에너지액티브,20260821,052690,한전기술,6.00,"565,200","549,000",0.03
385510,KODEX 신재생에너지액티브,20260821,018880,한온시스템,156.00,"548,340","530,400",0.03
385510,KODEX 신재생에너지액티브,20260821,005010,휴스틸,145.00,"535,775","522,725",0.03
385510,KODEX 신재생에너지액티브,20260821,092790,넥스틸,37.00,"432,900","436,230",0.02
385510,KODEX 신재생에너지액티브,20260821,015760,한국전력,13.00,"413,400","412,750",0.02
385510,KODEX 신재생에너지액티브,20260821,005070,코스모신소재,11.00,"442,750","412,500",0.02
385510,KODEX 신재생에너지액티브,20260821,KRD010010001,원화현금,-,-,"14,919,482",0.82
422420,RISE 2차전지액티브,20260818,006400,삼성SDI,45.00,"23,220,000","21,960,000",16.88
422420,RISE 2차전지액티브,20260818,373220,LG에너지솔루션,35.00,"12,932,500","12,285,000",9.44
422420,RISE 2차전지액티브,20260818,003670,포스코퓨처엠,72.00,"12,276,000","11,548,800",8.88
422420,RISE 2차전지액티브,20260818,006260,LS,32.00,"10,352,000","10,992,000",8.45
422420,RISE 2차전지액티브,20260818,078600,대주전자재료,126.00,"12,045,600","10,949,400",8.41
422420,RISE 2차전지액티브,20260818,086520,에코프로,115.00,"10,764,000","10,016,500",7.70
422420,RISE 2차전지액티브,20260818,247540,에코프로비엠,81.00,"9,452,700","8,837,100",6.79
422420,RISE 2차전지액티브,20260818,066970,엘앤에프,83.00,"9,105,100","8,748,200",6.72
422420,RISE 2차전지액티브,20260818,096770,SK이노베이션,66.00,"8,494,200","8,679,000",6.67
422420,RISE 2차전지액티브,20260818,005490,POSCO홀딩스,23.00,"7,682,000","7,463,500",5.74
422420,RISE 2차전지액티브,20260818,357780,솔브레인,13.00,"4,186,000","4,244,500",3.26
422420,RISE 2차전지액티브,20260818,281740,레이크머티리얼즈,326.00,"4,368,400","4,075,000",3.13
422420,RISE 2차전지액티브,20260818,450080,에코프로머티,100.00,"3,990,000","3,725,000",2.86
422420,RISE 2차전지액티브,20260818,020150,롯데에너지머티리얼즈,77.00,"2,652,650","2,490,950",1.91
422420,RISE 2차전지액티브,20260818,093370,후성,162.00,"2,008,800","2,101,140",1.61
422420,RISE 2차전지액티브,20260818,011790,SKC,16.00,"1,436,800","1,379,200",1.06
422420,RISE 2차전지액티브,20260818,KRD010010001,원화현금,-,-,"627,999",0.48
422420,RISE 2차전지액티브,20260819,006400,삼성SDI,45.00,"21,960,000","21,915,000",16.93
422420,RISE 2차전지액티브,20260819,373220,LG에너지솔루션,35.00,"12,285,000","12,512,500",9.66
422420,RISE 2차전지액티브,20260819,006260,LS,36.00,"12,366,000","11,988,000",9.26
422420,RISE 2차전지액티브,20260819,003670,포스코퓨처엠,72.00,"11,548,800","11,541,600",8.91
422420,RISE 2차전지액티브,20260819,078600,대주전자재료,126.00,"10,949,400","10,987,200",8.49
422420,RISE 2차전지액티브,20260819,086520,에코프로,115.00,"10,016,500","9,913,000",7.66
422420,RISE 2차전지액티브,20260819,247540,에코프로비엠,81.00,"8,837,100","8,893,800",6.87
422420,RISE 2차전지액티브,20260819,066970,엘앤에프,83.00,"8,748,200","8,715,000",6.73
422420,RISE 2차전지액티브,20260819,096770,SK이노베이션,66.00,"8,679,000","8,507,400",6.57
422420,RISE 2차전지액티브,20260819,005490,POSCO홀딩스,23.00,"7,463,500","7,360,000",5.68
422420,RISE 2차전지액티브,20260819,357780,솔브레인,13.00,"4,244,500","4,296,500",3.32
422420,RISE 2차전지액티브,20260819,281740,레이크머티리얼즈,326.00,"4,075,000","4,022,840",3.11
422420,RISE 2차전지액티브,20260819,450080,에코프로머티,100.00,"3,725,000","3,690,000",2.85
422420,RISE 2차전지액티브,20260819,020150,롯데에너지머티리얼즈,77.00,"2,490,950","2,433,200",1.88
422420,RISE 2차전지액티브,20260819,093370,후성,162.00,"2,101,140","2,026,620",1.57
422420,RISE 2차전지액티브,20260819,KRD010010001,원화현금,-,-,"670,250",0.52
422420,RISE 2차전지액티브,20260820,006400,삼성SDI,45.00,"21,915,000","22,477,500",17.25
422420,RISE 2차전지액티브,20260820,373220,LG에너지솔루션,35.00,"12,512,500","12,530,000",9.62
422420,RISE 2차전지액티브,20260820,003670,포스코퓨처엠,72.00,"11,541,600","11,757,600",9.03
422420,RISE 2차전지액티브,20260820,006260,LS,36.00,"11,988,000","11,286,000",8.66
422420,RISE 2차전지액티브,20260820,078600,대주전자재료,126.00,"10,987,200","10,999,800",8.44
422420,RISE 2차전지액티브,20260820,086520,에코프로,115.00,"9,913,000","10,131,500",7.78
422420,RISE 2차전지액티브,20260820,247540,에코프로비엠,81.00,"8,893,800","9,242,100",7.09
422420,RISE 2차전지액티브,20260820,066970,엘앤에프,83.00,"8,715,000","8,964,000",6.88
422420,RISE 2차전지액티브,20260820,096770,SK이노베이션,66.00,"8,507,400","8,309,400",6.38
422420,RISE 2차전지액티브,20260820,005490,POSCO홀딩스,23.00,"7,360,000","7,394,500",5.68
422420,RISE 2차전지액티브,20260820,357780,솔브레인,13.00,"4,296,500","4,322,500",3.32
422420,RISE 2차전지액티브,20260820,281740,레이크머티리얼즈,326.00,"4,022,840","4,029,360",3.09
422420,RISE 2차전지액티브,20260820,450080,에코프로머티,100.00,"3,690,000","3,700,000",2.84
422420,RISE 2차전지액티브,20260820,020150,롯데에너지머티리얼즈,77.00,"2,433,200","2,464,000",1.89
422420,RISE 2차전지액티브,20260820,093370,후성,162.00,"2,026,620","2,013,660",1.55
422420,RISE 2차전지액티브,20260820,KRD010010001,원화현금,-,-,"655,102",0.50
422420,RISE 2차전지액티브,20260821,006400,삼성SDI,45.00,"22,477,500","21,510,000",17.34
422420,RISE 2차전지액티브,20260821,373220,LG에너지솔루션,35.00,"12,530,000","12,022,500",9.69
422420,RISE 2차전지액티브,20260821,003670,포스코퓨처엠,72.00,"11,757,600","11,152,800",8.99
422420,RISE 2차전지액티브,20260821,006260,LS,36.00,"11,286,000","10,566,000",8.52
422420,RISE 2차전지액티브,20260821,078600,대주전자재료,126.00,"10,999,800","10,445,400",8.42
422420,RISE 2차전지액티브,20260821,086520,에코프로,115.00,"10,131,500","9,395,500",7.57
422420,RISE 2차전지액티브,20260821,066970,엘앤에프,83.00,"8,964,000","8,673,500",6.99
422420,RISE 2차전지액티브,20260821,247540,에코프로비엠,81.00,"9,242,100","8,553,600",6.89
422420,RISE 2차전지액티브,20260821,096770,SK이노베이션,66.00,"8,309,400","8,236,800",6.64
422420,RISE 2차전지액티브,20260821,005490,POSCO홀딩스,23.00,"7,394,500","7,130,000",5.75
422420,RISE 2차전지액티브,20260821,357780,솔브레인,13.00,"4,322,500","4,238,000",3.42
422420,RISE 2차전지액티브,20260821,281740,레이크머티리얼즈,326.00,"4,029,360","3,768,560",3.04
422420,RISE 2차전지액티브,20260821,450080,에코프로머티,100.00,"3,700,000","3,425,000",2.76
422420,RISE 2차전지액티브,20260821,020150,롯데에너지머티리얼즈,77.00,"2,464,000","2,267,650",1.83
422420,RISE 2차전지액티브,20260821,093370,후성,162.00,"2,013,660","1,934,280",1.56
422420,RISE 2차전지액티브,20260821,KRD010010001,원화현금,-,-,"746,354",0.60
404120,TIME K신재생에너지액티브,20260818,009830,한화솔루션,"7,150.00","253,110,000","243,100,000",9.73
404120,TIME K신재생에너지액티브,20260818,006400,삼성SDI,459.00,"236,844,000","223,992,000",8.96
404120,TIME K신재생에너지액티브,20260818,005930,삼성전자,720.00,"197,640,000","193,320,000",7.74
404120,TIME K신재생에너지액티브,20260818,112610,씨에스윈드,"4,181.00","195,879,850","191,071,700",7.65
404120,TIME K신재생에너지액티브,20260818,000660,SK하이닉스,110.00,"180,950,000","182,820,000",7.32
404120,TIME K신재생에너지액티브,20260818,022100,포스코DX,"5,740.00","124,845,000","116,522,000",4.66
404120,TIME K신재생에너지액티브,20260818,005380,현대차,263.00,"119,139,000","114,405,000",4.58
404120,TIME K신재생에너지액티브,20260818,336260,두산퓨얼셀,"3,101.00","117,372,850","112,256,200",4.49
404120,TIME K신재생에너지액티브,20260818,100090,SK오션플랜트,"7,989.00","115,361,160","109,688,970",4.39
404120,TIME K신재생에너지액티브,20260818,009150,삼성전기,75.00,"116,850,000","108,000,000",4.32
404120,TIME K신재생에너지액티브,20260818,009540,HD한국조선해양,275.00,"106,150,000","102,987,500",4.12
404120,TIME K신재생에너지액티브,20260818,000270,기아,600.00,"85,020,000","82,320,000",3.29
404120,TIME K신재생에너지액티브,20260818,005490,POSCO홀딩스,250.00,"83,500,000","81,125,000",3.25
404120,TIME K신재생에너지액티브,20260818,012330,현대모비스,150.00,"82,050,000","77,700,000",3.11
404120,TIME K신재생에너지액티브,20260818,010120,LS ELECTRIC,340.00,"70,210,000","71,060,000",2.84
404120,TIME K신재생에너지액티브,20260818,373220,LG에너지솔루션,200.00,"73,900,000","70,200,000",2.81
404120,TIME K신재생에너지액티브,20260818,475150,SK이터닉스,"1,198.00","69,843,400","70,083,000",2.80
404120,TIME K신재생에너지액티브,20260818,034730,SK,95.00,"55,575,000","56,050,000",2.24
404120,TIME K신재생에너지액티브,20260818,078600,대주전자재료,588.00,"56,212,800","51,097,200",2.04
404120,TIME K신재생에너지액티브,20260818,006260,LS,130.00,"42,055,000","44,655,000",1.79
404120,TIME K신재생에너지액티브,20260818,083650,비에이치아이,758.00,"46,465,400","44,646,200",1.79
404120,TIME K신재생에너지액티브,20260818,010140,삼성중공업,"1,637.00","36,505,100","34,786,250",1.39
404120,TIME K신재생에너지액티브,20260818,010060,OCI홀딩스,111.00,"30,969,000","30,247,500",1.21
404120,TIME K신재생에너지액티브,20260818,103590,일진전기,400.00,"29,720,000","28,680,000",1.15
404120,TIME K신재생에너지액티브,20260818,051910,LG화학,100.00,"28,050,000","27,050,000",1.08
404120,TIME K신재생에너지액티브,20260818,010130,고려아연,17.00,"20,332,000","20,723,000",0.83
404120,TIME K신재생에너지액티브,20260818,KRD010010001,원화현금,-,-,"10,471,766",0.42
404120,TIME K신재생에너지액티브,20260819,009830,한화솔루션,"7,150.00","243,100,000","247,747,500",10.10
404120,TIME K신재생에너지액티브,20260819,006400,삼성SDI,459.00,"223,992,000","223,533,000",9.12
404120,TIME K신재생에너지액티브,20260819,112610,씨에스윈드,"4,181.00","191,071,700","192,116,950",7.83
404120,TIME K신재생에너지액티브,20260819,005930,삼성전자,720.00,"193,320,000","178,200,000",7.27
404120,TIME K신재생에너지액티브,20260819,000660,SK하이닉스,110.00,"182,820,000","165,000,000",6.73
404120,TIME K신재생에너지액티브,20260819,336260,두산퓨얼셀,"3,101.00","112,256,200","123,419,800",5.03
404120,TIME K신재생에너지액티브,20260819,022100,포스코DX,"5,740.00","116,522,000","114,111,200",4.65
404120,TIME K신재생에너지액티브,20260819,005380,현대차,263.00,"114,405,000","108,882,000",4.44
404120,TIME K신재생에너지액티브,20260819,100090,SK오션플랜트,"7,989.00","109,688,970","107,372,160",4.38
404120,TIME K신재생에너지액티브,20260819,009150,삼성전기,75.00,"108,000,000","104,025,000",4.24
404120,TIME K신재생에너지액티브,20260819,009540,HD한국조선해양,275.00,"102,987,500","100,925,000",4.12
404120,TIME K신재생에너지액티브,20260819,005490,POSCO홀딩스,250.00,"81,125,000","80,000,000",3.26
404120,TIME K신재생에너지액티브,20260819,000270,기아,600.00,"82,320,000","79,800,000",3.25
404120,TIME K신재생에너지액티브,20260819,012330,현대모비스,150.00,"77,700,000","76,350,000",3.11
404120,TIME K신재생에너지액티브,20260819,373220,LG에너지솔루션,200.00,"70,200,000","71,500,000",2.92
404120,TIME K신재생에너지액티브,20260819,475150,SK이터닉스,"1,198.00","70,083,000","69,244,400",2.82
404120,TIME K신재생에너지액티브,20260819,010120,LS ELECTRIC,340.00,"71,060,000","68,680,000",2.80
404120,TIME K신재생에너지액티브,20260819,034730,SK,95.00,"56,050,000","52,345,000",2.13
404120,TIME K신재생에너지액티브,20260819,078600,대주전자재료,588.00,"51,097,200","51,273,600",2.09
404120,TIME K신재생에너지액티브,20260819,083650,비에이치아이,758.00,"44,646,200","45,934,800",1.87
404120,TIME K신재생에너지액티브,20260819,006260,LS,130.00,"44,655,000","43,290,000",1.77
404120,TIME K신재생에너지액티브,20260819,010140,삼성중공업,"1,637.00","34,786,250","33,722,200",1.38
404120,TIME K신재생에너지액티브,20260819,010060,OCI홀딩스,111.00,"30,247,500","30,802,500",1.26
404120,TIME K신재생에너지액티브,20260819,103590,일진전기,400.00,"28,680,000","28,440,000",1.16
404120,TIME K신재생에너지액티브,20260819,051910,LG화학,100.00,"27,050,000","26,600,000",1.08
404120,TIME K신재생에너지액티브,20260819,010130,고려아연,17.00,"20,723,000","19,465,000",0.79
404120,TIME K신재생에너지액티브,20260819,KRD010010001,원화현금,-,-,"9,364,016",0.38
404120,TIME K신재생에너지액티브,20260820,009830,한화솔루션,"7,150.00","247,747,500","251,680,000",10.01
404120,TIME K신재생에너지액티브,20260820,006400,삼성SDI,459.00,"223,533,000","229,270,500",9.12
404120,TIME K신재생에너지액티브,20260820,112610,씨에스윈드,"4,181.00","192,116,950","202,360,400",8.05
404120,TIME K신재생에너지액티브,20260820,005930,삼성전자,720.00,"178,200,000","195,120,000",7.76
404120,TIME K신재생에너지액티브,20260820,000660,SK하이닉스,110.00,"165,000,000","186,010,000",7.40
404120,TIME K신재생에너지액티브,20260820,336260,두산퓨얼셀,"3,101.00","123,419,800","126,055,650",5.01
404120,TIME K신재생에너지액티브,20260820,022100,포스코DX,"5,740.00","114,111,200","117,383,000",4.67
404120,TIME K신재생에너지액티브,20260820,005380,현대차,263.00,"108,882,000","109,802,500",4.37
404120,TIME K신재생에너지액티브,20260820,100090,SK오션플랜트,"7,989.00","107,372,160","109,129,740",4.34
404120,TIME K신재생에너지액티브,20260820,009150,삼성전기,75.00,"104,025,000","104,700,000",4.17
404120,TIME K신재생에너지액티브,20260820,009540,HD한국조선해양,275.00,"100,925,000","99,137,500",3.94
404120,TIME K신재생에너지액티브,20260820,005490,POSCO홀딩스,250.00,"80,000,000","80,375,000",3.20
404120,TIME K신재생에너지액티브,20260820,000270,기아,600.00,"79,800,000","78,660,000",3.13
404120,TIME K신재생에너지액티브,20260820,012330,현대모비스,150.00,"76,350,000","76,050,000",3.03
404120,TIME K신재생에너지액티브,20260820,373220,LG에너지솔루션,200.00,"71,500,000","71,600,000",2.85
404120,TIME K신재생에너지액티브,20260820,010120,LS ELECTRIC,340.00,"68,680,000","67,728,000",2.69
404120,TIME K신재생에너지액티브,20260820,475150,SK이터닉스,"1,198.00","69,244,400","67,088,000",2.67
404120,TIME K신재생에너지액티브,20260820,034730,SK,95.00,"52,345,000","53,960,000",2.15
404120,TIME K신재생에너지액티브,20260820,078600,대주전자재료,588.00,"51,273,600","51,332,400",2.04
404120,TIME K신재생에너지액티브,20260820,083650,비에이치아이,758.00,"45,934,800","45,404,200",1.81
404120,TIME K신재생에너지액티브,20260820,006260,LS,130.00,"43,290,000","40,755,000",1.62
404120,TIME K신재생에너지액티브,20260820,010140,삼성중공업,"1,637.00","33,722,200","34,049,600",1.35
404120,TIME K신재생에너지액티브,20260820,010060,OCI홀딩스,111.00,"30,802,500","32,190,000",1.28
404120,TIME K신재생에너지액티브,20260820,103590,일진전기,400.00,"28,440,000","28,000,000",1.11
404120,TIME K신재생에너지액티브,20260820,051910,LG화학,100.00,"26,600,000","26,400,000",1.05
404120,TIME K신재생에너지액티브,20260820,010130,고려아연,17.00,"19,465,000","21,046,000",0.84
404120,TIME K신재생에너지액티브,20260820,KRD010010001,원화현금,-,-,"8,399,668",0.33
404120,TIME K신재생에너지액티브,20260821,009830,한화솔루션,"7,150.00","251,680,000","229,157,500",9.44
404120,TIME K신재생에너지액티브,20260821,006400,삼성SDI,459.00,"229,270,500","219,402,000",9.04
404120,TIME K신재생에너지액티브,20260821,005930,삼성전자,720.00,"195,120,000","202,680,000",8.35
404120,TIME K신재생에너지액티브,20260821,112610,씨에스윈드,"4,181.00","202,360,400","194,625,550",8.02
404120,TIME K신재생에너지액티브,20260821,000660,SK하이닉스,110.00,"186,010,000","190,300,000",7.84
404120,TIME K신재생에너지액티브,20260821,336260,두산퓨얼셀,"3,101.00","126,055,650","114,737,000",4.73
404120,TIME K신재생에너지액티브,20260821,022100,포스코DX,"5,740.00","117,383,000","111,987,400",4.61
404120,TIME K신재생에너지액티브,20260821,005380,현대차,263.00,"109,802,500","109,145,000",4.50
404120,TIME K신재생에너지액티브,20260821,100090,SK오션플랜트,"7,989.00","109,129,740","104,096,670",4.29
404120,TIME K신재생에너지액티브,20260821,009150,삼성전기,75.00,"104,700,000","98,700,000",4.07
404120,TIME K신재생에너지액티브,20260821,009540,HD한국조선해양,275.00,"99,137,500","95,837,500",3.95
404120,TIME K신재생에너지액티브,20260821,000270,기아,600.00,"78,660,000","78,540,000",3.24
404120,TIME K신재생에너지액티브,20260821,005490,POSCO홀딩스,250.00,"80,375,000","77,500,000",3.19
404120,TIME K신재생에너지액티브,20260821,012330,현대모비스,150.00,"76,050,000","74,400,000",3.07
404120,TIME K신재생에너지액티브,20260821,373220,LG에너지솔루션,200.00,"71,600,000","68,700,000",2.83
404120,TIME K신재생에너지액티브,20260821,010120,LS ELECTRIC,340.00,"67,728,000","63,580,000",2.62
404120,TIME K신재생에너지액티브,20260821,475150,SK이터닉스,"1,198.00","67,088,000","61,457,400",2.53
404120,TIME K신재생에너지액티브,20260821,034730,SK,95.00,"53,960,000","55,670,000",2.29
404120,TIME K신재생에너지액티브,20260821,078600,대주전자재료,588.00,"51,332,400","48,745,200",2.01
404120,TIME K신재생에너지액티브,20260821,083650,비에이치아이,758.00,"45,404,200","42,827,000",1.76
404120,TIME K신재생에너지액티브,20260821,006260,LS,130.00,"40,755,000","38,155,000",1.57
404120,TIME K신재생에너지액티브,20260821,010140,삼성중공업,"1,637.00","34,049,600","33,067,400",1.36
404120,TIME K신재생에너지액티브,20260821,010060,OCI홀딩스,111.00,"32,190,000","29,415,000",1.21
404120,TIME K신재생에너지액티브,20260821,103590,일진전기,400.00,"28,000,000","26,240,000",1.08
404120,TIME K신재생에너지액티브,20260821,051910,LG화학,100.00,"26,400,000","25,250,000",1.04
404120,TIME K신재생에너지액티브,20260821,010130,고려아연,17.00,"21,046,000","21,029,000",0.87
404120,TIME K신재생에너지액티브,20260821,KRD010010001,원화현금,-,-,"11,925,787",0.49
482030,KoAct 반도체&2차전지핵심소재액티브,20260818,357780,솔브레인,95.00,"30,590,000","31,017,500",6.84
482030,KoAct 반도체&2차전지핵심소재액티브,20260818,005290,동진쎄미켐,629.00,"27,330,050","27,172,800",5.99
482030,KoAct 반도체&2차전지핵심소재액티브,20260818,086520,에코프로,256.00,"23,961,600","22,297,600",4.92
482030,KoAct 반도체&2차전지핵심소재액티브,20260818,078600,대주전자재료,254.00,"24,282,400","22,072,600",4.87
482030,KoAct 반도체&2차전지핵심소재액티브,20260818,066970,엘앤에프,191.00,"20,952,700","20,131,400",4.44
482030,KoAct 반도체&2차전지핵심소재액티브,20260818,047050,포스코인터내셔널,373.00,"19,880,900","19,172,200",4.23
482030,KoAct 반도체&2차전지핵심소재액티브,20260818,010060,OCI홀딩스,67.00,"18,693,000","18,257,500",4.03
482030,KoAct 반도체&2차전지핵심소재액티브,20260818,003670,포스코퓨처엠,110.00,"18,755,000","17,644,000",3.89
482030,KoAct 반도체&2차전지핵심소재액티브,20260818,093370,후성,"1,338.00","16,591,200","17,353,860",3.83
482030,KoAct 반도체&2차전지핵심소재액티브,20260818,102710,이엔에프테크놀로지,337.00,"17,018,500","16,462,450",3.63
482030,KoAct 반도체&2차전지핵심소재액티브,20260818,353200,대덕전자,136.00,"16,197,600","15,993,600",3.53
482030,KoAct 반도체&2차전지핵심소재액티브,20260818,010130,고려아연,13.00,"15,548,000","15,847,000",3.49
482030,KoAct 반도체&2차전지핵심소재액티브,20260818,009150,삼성전기,11.00,"17,138,000","15,840,000",3.49
482030,KoAct 반도체&2차전지핵심소재액티브,20260818,170920,엘티씨,403.00,"15,414,750","15,273,700",3.37
482030,KoAct 반도체&2차전지핵심소재액티브,20260818,247540,에코프로비엠,134.00,"15,637,800","14,619,400",3.22
482030,KoAct 반도체&2차전지핵심소재액티브,20260818,014680,한솔케미칼,69.00,"15,076,500","14,524,500",3.20
482030,KoAct 반도체&2차전지핵심소재액티브,20260818,005490,POSCO홀딩스,43.00,"14,362,000","13,953,500",3.08
482030,KoAct 반도체&2차전지핵심소재액티브,20260818,166090,하나머티리얼즈,229.00,"13,350,700","12,938,500",2.85
482030,KoAct 반도체&2차전지핵심소재액티브,20260818,051910,LG화학,45.00,"12,622,500","12,172,500",2.68
482030,KoAct 반도체&2차전지핵심소재액티브,20260818,281740,레이크머티리얼즈,860.00,"11,524,000","10,750,000",2.37
482030,KoAct 반도체&2차전지핵심소재액티브,20260818,229640,LS에코에너지,217.00,"10,481,100","10,296,650",2.27
482030,KoAct 반도체&2차전지핵심소재액티브,20260818,074600,원익QnC,322.00,"9,386,300","8,951,600",1.97
482030,KoAct 반도체&2차전지핵심소재액티브,20260818,482630,삼양엔씨켐,576.00,"8,524,800","8,006,400",1.77
482030,KoAct 반도체&2차전지핵심소재액티브,20260818,104830,원익머트리얼즈,203.00,"7,419,650","7,287,700",1.61
482030,KoAct 반도체&2차전지핵심소재액티브,20260818,388210,씨엠티엑스,87.00,"7,029,600","6,681,600",1.47
482030,KoAct 반도체&2차전지핵심소재액티브,20260818,101490,에스앤에스텍,146.00,"6,497,000","6,387,500",1.41
482030,KoAct 반도체&2차전지핵심소재액티브,20260818,036810,에프에스티,259.00,"7,109,550","6,241,900",1.38
482030,KoAct 반도체&2차전지핵심소재액티브,20260818,213420,덕산네오룩스,174.00,"6,098,700","5,863,800",1.29
482030,KoAct 반도체&2차전지핵심소재액티브,20260818,080580,오킨스전자,300.00,"4,992,000","5,220,000",1.15
482030,KoAct 반도체&2차전지핵심소재액티브,20260818,001430,세아베스틸지주,108.00,"4,860,000","4,654,800",1.03
482030,KoAct 반도체&2차전지핵심소재액티브,20260818,007660,이수페타시스,43.00,"4,110,800","4,424,700",0.98
482030,KoAct 반도체&2차전지핵심소재액티브,20260818,004710,한솔테크닉스,518.00,"4,107,740","3,952,340",0.87
482030,KoAct 반도체&2차전지핵심소재액티브,20260818,020150,롯데에너지머티리얼즈,110.00,"3,789,500","3,558,500",0.78
482030,KoAct 반도체&2차전지핵심소재액티브,20260818,456040,OCI,33.00,"2,669,700","2,633,400",0.58
482030,KoAct 반도체&2차전지핵심소재액티브,20260818,004560,현대비앤지스틸,202.00,"2,502,780","2,421,980",0.53
482030,KoAct 반도체&2차전지핵심소재액티브,20260818,112290,와이씨켐,218.00,"2,467,760","2,382,740",0.53
482030,KoAct 반도체&2차전지핵심소재액티브,20260818,317330,덕산테코피아,210.00,"2,358,300","2,234,400",0.49
482030,KoAct 반도체&2차전지핵심소재액티브,20260818,457190,이수스페셜티케미컬,16.00,"1,091,200","1,033,600",0.23
482030,KoAct 반도체&2차전지핵심소재액티브,20260818,295310,에이치브이엠,16.00,"860,800","781,600",0.17
482030,KoAct 반도체&2차전지핵심소재액티브,20260818,KRD010010001,원화현금,-,-,"6,964,866",1.54
482030,KoAct 반도체&2차전지핵심소재액티브,20260819,357780,솔브레인,95.00,"31,017,500","31,397,500",7.04
482030,KoAct 반도체&2차전지핵심소재액티브,20260819,005290,동진쎄미켐,629.00,"27,172,800","26,543,800",5.95
482030,KoAct 반도체&2차전지핵심소재액티브,20260819,078600,대주전자재료,254.00,"22,072,600","22,148,800",4.97
482030,KoAct 반도체&2차전지핵심소재액티브,20260819,086520,에코프로,256.00,"22,297,600","22,067,200",4.95
482030,KoAct 반도체&2차전지핵심소재액티브,20260819,066970,엘앤에프,191.00,"20,131,400","20,055,000",4.50
482030,KoAct 반도체&2차전지핵심소재액티브,20260819,047050,포스코인터내셔널,373.00,"19,172,200","18,911,100",4.24
482030,KoAct 반도체&2차전지핵심소재액티브,20260819,010060,OCI홀딩스,67.00,"18,257,500","18,592,500",4.17
482030,KoAct 반도체&2차전지핵심소재액티브,20260819,003670,포스코퓨처엠,110.00,"17,644,000","17,633,000",3.95
482030,KoAct 반도체&2차전지핵심소재액티브,20260819,093370,후성,"1,338.00","17,353,860","16,738,380",3.75
482030,KoAct 반도체&2차전지핵심소재액티브,20260819,102710,이엔에프테크놀로지,337.00,"16,462,450","16,074,900",3.60
482030,KoAct 반도체&2차전지핵심소재액티브,20260819,353200,대덕전자,136.00,"15,993,600","15,531,200",3.48
482030,KoAct 반도체&2차전지핵심소재액티브,20260819,009150,삼성전기,11.00,"15,840,000","15,257,000",3.42
482030,KoAct 반도체&2차전지핵심소재액티브,20260819,010130,고려아연,13.00,"15,847,000","14,885,000",3.34
482030,KoAct 반도체&2차전지핵심소재액티브,20260819,247540,에코프로비엠,134.00,"14,619,400","14,713,200",3.30
482030,KoAct 반도체&2차전지핵심소재액티브,20260819,170920,엘티씨,403.00,"15,273,700","14,568,450",3.27
482030,KoAct 반도체&2차전지핵심소재액티브,20260819,014680,한솔케미칼,69.00,"14,524,500","13,972,500",3.13
482030,KoAct 반도체&2차전지핵심소재액티브,20260819,005490,POSCO홀딩스,43.00,"13,953,500","13,760,000",3.08
482030,KoAct 반도체&2차전지핵심소재액티브,20260819,166090,하나머티리얼즈,229.00,"12,938,500","12,686,600",2.84
482030,KoAct 반도체&2차전지핵심소재액티브,20260819,051910,LG화학,45.00,"12,172,500","11,970,000",2.68
482030,KoAct 반도체&2차전지핵심소재액티브,20260819,281740,레이크머티리얼즈,860.00,"10,750,000","10,612,400",2.38
482030,KoAct 반도체&2차전지핵심소재액티브,20260819,229640,LS에코에너지,217.00,"10,296,650","10,112,200",2.27
482030,KoAct 반도체&2차전지핵심소재액티브,20260819,074600,원익QnC,322.00,"8,951,600","8,806,700",1.97
482030,KoAct 반도체&2차전지핵심소재액티브,20260819,482630,삼양엔씨켐,576.00,"8,006,400","7,752,960",1.74
482030,KoAct 반도체&2차전지핵심소재액티브,20260819,104830,원익머트리얼즈,203.00,"7,287,700","7,074,550",1.59
482030,KoAct 반도체&2차전지핵심소재액티브,20260819,388210,씨엠티엑스,87.00,"6,681,600","6,420,600",1.44
482030,KoAct 반도체&2차전지핵심소재액티브,20260819,101490,에스앤에스텍,146.00,"6,387,500","6,139,300",1.38
482030,KoAct 반도체&2차전지핵심소재액티브,20260819,036810,에프에스티,259.00,"6,241,900","6,073,550",1.36
482030,KoAct 반도체&2차전지핵심소재액티브,20260819,213420,덕산네오룩스,174.00,"5,863,800","5,715,900",1.28
482030,KoAct 반도체&2차전지핵심소재액티브,20260819,080580,오킨스전자,300.00,"5,220,000","5,199,000",1.17
482030,KoAct 반도체&2차전지핵심소재액티브,20260819,001430,세아베스틸지주,108.00,"4,654,800","4,611,600",1.03
482030,KoAct 반도체&2차전지핵심소재액티브,20260819,007660,이수페타시스,43.00,"4,424,700","4,489,200",1.01
482030,KoAct 반도체&2차전지핵심소재액티브,20260819,004710,한솔테크닉스,518.00,"3,952,340","3,817,660",0.86
482030,KoAct 반도체&2차전지핵심소재액티브,20260819,020150,롯데에너지머티리얼즈,110.00,"3,558,500","3,476,000",0.78
482030,KoAct 반도체&2차전지핵심소재액티브,20260819,456040,OCI,33.00,"2,633,400","2,630,100",0.59
482030,KoAct 반도체&2차전지핵심소재액티브,20260819,004560,현대비앤지스틸,202.00,"2,421,980","2,371,480",0.53
482030,KoAct 반도체&2차전지핵심소재액티브,20260819,112290,와이씨켐,218.00,"2,382,740","2,278,100",0.51
482030,KoAct 반도체&2차전지핵심소재액티브,20260819,317330,덕산테코피아,210.00,"2,234,400","2,181,900",0.49
482030,KoAct 반도체&2차전지핵심소재액티브,20260819,457190,이수스페셜티케미컬,16.00,"1,033,600","1,011,200",0.23
482030,KoAct 반도체&2차전지핵심소재액티브,20260819,295310,에이치브이엠,16.00,"781,600","756,000",0.17
482030,KoAct 반도체&2차전지핵심소재액티브,20260819,KRD010010001,원화현금,-,-,"7,017,912",1.57
482030,KoAct 반도체&2차전지핵심소재액티브,20260820,357780,솔브레인,95.00,"31,397,500","31,587,500",6.99
482030,KoAct 반도체&2차전지핵심소재액티브,20260820,005290,동진쎄미켐,629.00,"26,543,800","27,172,800",6.01
482030,KoAct 반도체&2차전지핵심소재액티브,20260820,086520,에코프로,246.00,"21,205,200","21,672,600",4.79
482030,KoAct 반도체&2차전지핵심소재액티브,20260820,066970,엘앤에프,191.00,"20,055,000","20,628,000",4.56
482030,KoAct 반도체&2차전지핵심소재액티브,20260820,047050,포스코인터내셔널,373.00,"18,911,100","19,507,900",4.31
482030,KoAct 반도체&2차전지핵심소재액티브,20260820,010060,OCI홀딩스,67.00,"18,592,500","19,430,000",4.30
482030,KoAct 반도체&2차전지핵심소재액티브,20260820,003670,포스코퓨처엠,110.00,"17,633,000","17,963,000",3.97
482030,KoAct 반도체&2차전지핵심소재액티브,20260820,078600,대주전자재료,204.00,"17,788,800","17,809,200",3.94
482030,KoAct 반도체&2차전지핵심소재액티브,20260820,093370,후성,"1,338.00","16,738,380","16,631,340",3.68
482030,KoAct 반도체&2차전지핵심소재액티브,20260820,010130,고려아연,13.00,"14,885,000","16,094,000",3.56
482030,KoAct 반도체&2차전지핵심소재액티브,20260820,102710,이엔에프테크놀로지,337.00,"16,074,900","16,007,500",3.54
482030,KoAct 반도체&2차전지핵심소재액티브,20260820,353200,대덕전자,136.00,"15,531,200","15,422,400",3.41
482030,KoAct 반도체&2차전지핵심소재액티브,20260820,009150,삼성전기,11.00,"15,257,000","15,356,000",3.40
482030,KoAct 반도체&2차전지핵심소재액티브,20260820,247540,에코프로비엠,134.00,"14,713,200","15,289,400",3.38
482030,KoAct 반도체&2차전지핵심소재액티브,20260820,170920,엘티씨,403.00,"14,568,450","15,193,100",3.36
482030,KoAct 반도체&2차전지핵심소재액티브,20260820,014680,한솔케미칼,69.00,"13,972,500","14,007,000",3.10
482030,KoAct 반도체&2차전지핵심소재액티브,20260820,005490,POSCO홀딩스,43.00,"13,760,000","13,824,500",3.06
482030,KoAct 반도체&2차전지핵심소재액티브,20260820,104830,원익머트리얼즈,375.00,"13,068,750","12,768,750",2.82
482030,KoAct 반도체&2차전지핵심소재액티브,20260820,051910,LG화학,45.00,"11,970,000","11,880,000",2.63
482030,KoAct 반도체&2차전지핵심소재액티브,20260820,281740,레이크머티리얼즈,860.00,"10,612,400","10,629,600",2.35
482030,KoAct 반도체&2차전지핵심소재액티브,20260820,229640,LS에코에너지,217.00,"10,112,200","9,960,300",2.20
482030,KoAct 반도체&2차전지핵심소재액티브,20260820,007660,이수페타시스,87.00,"9,082,800","9,135,000",2.02
482030,KoAct 반도체&2차전지핵심소재액티브,20260820,074600,원익QnC,322.00,"8,806,700","8,967,700",1.98
482030,KoAct 반도체&2차전지핵심소재액티브,20260820,482630,삼양엔씨켐,576.00,"7,752,960","7,833,600",1.73
482030,KoAct 반도체&2차전지핵심소재액티브,20260820,388210,씨엠티엑스,87.00,"6,420,600","6,481,500",1.43
482030,KoAct 반도체&2차전지핵심소재액티브,20260820,166090,하나머티리얼즈,115.00,"6,371,000","6,417,000",1.42
482030,KoAct 반도체&2차전지핵심소재액티브,20260820,101490,에스앤에스텍,146.00,"6,139,300","6,314,500",1.40
482030,KoAct 반도체&2차전지핵심소재액티브,20260820,036810,에프에스티,259.00,"6,073,550","6,138,300",1.36
482030,KoAct 반도체&2차전지핵심소재액티브,20260820,213420,덕산네오룩스,174.00,"5,715,900","5,768,100",1.28
482030,KoAct 반도체&2차전지핵심소재액티브,20260820,080580,오킨스전자,300.00,"5,199,000","5,400,000",1.19
482030,KoAct 반도체&2차전지핵심소재액티브,20260820,001430,세아베스틸지주,108.00,"4,611,600","4,438,800",0.98
482030,KoAct 반도체&2차전지핵심소재액티브,20260820,004710,한솔테크닉스,518.00,"3,817,660","3,791,760",0.84
482030,KoAct 반도체&2차전지핵심소재액티브,20260820,020150,롯데에너지머티리얼즈,110.00,"3,476,000","3,520,000",0.78
482030,KoAct 반도체&2차전지핵심소재액티브,20260820,456040,OCI,33.00,"2,630,100","2,666,400",0.59
482030,KoAct 반도체&2차전지핵심소재액티브,20260820,004560,현대비앤지스틸,202.00,"2,371,480","2,365,420",0.52
482030,KoAct 반도체&2차전지핵심소재액티브,20260820,112290,와이씨켐,218.00,"2,278,100","2,330,420",0.52
482030,KoAct 반도체&2차전지핵심소재액티브,20260820,317330,덕산테코피아,210.00,"2,181,900","2,240,700",0.50
482030,KoAct 반도체&2차전지핵심소재액티브,20260820,457190,이수스페셜티케미컬,16.00,"1,011,200","1,012,800",0.22
482030,KoAct 반도체&2차전지핵심소재액티브,20260820,295310,에이치브이엠,16.00,"756,000","769,600",0.17
482030,KoAct 반도체&2차전지핵심소재액티브,20260820,KRD010010001,원화현금,-,-,"7,781,005",1.72
482030,KoAct 반도체&2차전지핵심소재액티브,20260821,357780,솔브레인,95.00,"31,587,500","30,970,000",7.19
482030,KoAct 반도체&2차전지핵심소재액티브,20260821,005290,동진쎄미켐,629.00,"27,172,800","25,851,900",6.00
482030,KoAct 반도체&2차전지핵심소재액티브,20260821,086520,에코프로,246.00,"21,672,600","20,098,200",4.66
482030,KoAct 반도체&2차전지핵심소재액티브,20260821,066970,엘앤에프,191.00,"20,628,000","19,959,500",4.63
482030,KoAct 반도체&2차전지핵심소재액티브,20260821,047050,포스코인터내셔널,373.00,"19,507,900","18,873,800",4.38
482030,KoAct 반도체&2차전지핵심소재액티브,20260821,010060,OCI홀딩스,67.00,"19,430,000","17,755,000",4.12
482030,KoAct 반도체&2차전지핵심소재액티브,20260821,003670,포스코퓨처엠,110.00,"17,963,000","17,039,000",3.95
482030,KoAct 반도체&2차전지핵심소재액티브,20260821,078600,대주전자재료,204.00,"17,809,200","16,911,600",3.93
482030,KoAct 반도체&2차전지핵심소재액티브,20260821,010130,고려아연,13.00,"16,094,000","16,081,000",3.73
482030,KoAct 반도체&2차전지핵심소재액티브,20260821,093370,후성,"1,338.00","16,631,340","15,975,720",3.71
482030,KoAct 반도체&2차전지핵심소재액티브,20260821,102710,이엔에프테크놀로지,337.00,"16,007,500","15,097,600",3.50
482030,KoAct 반도체&2차전지핵심소재액티브,20260821,009150,삼성전기,11.00,"15,356,000","14,476,000",3.36
482030,KoAct 반도체&2차전지핵심소재액티브,20260821,170920,엘티씨,403.00,"15,193,100","14,407,250",3.34
482030,KoAct 반도체&2차전지핵심소재액티브,20260821,353200,대덕전자,136.00,"15,422,400","14,184,800",3.29
482030,KoAct 반도체&2차전지핵심소재액티브,20260821,247540,에코프로비엠,134.00,"15,289,400","14,150,400",3.28
482030,KoAct 반도체&2차전지핵심소재액티브,20260821,014680,한솔케미칼,69.00,"14,007,000","13,869,000",3.22
482030,KoAct 반도체&2차전지핵심소재액티브,20260821,005490,POSCO홀딩스,43.00,"13,824,500","13,330,000",3.09
482030,KoAct 반도체&2차전지핵심소재액티브,20260821,104830,원익머트리얼즈,375.00,"12,768,750","12,337,500",2.86
482030,KoAct 반도체&2차전지핵심소재액티브,20260821,051910,LG화학,45.00,"11,880,000","11,362,500",2.64
482030,KoAct 반도체&2차전지핵심소재액티브,20260821,281740,레이크머티리얼즈,860.00,"10,629,600","9,941,600",2.31
482030,KoAct 반도체&2차전지핵심소재액티브,20260821,229640,LS에코에너지,217.00,"9,960,300","9,255,050",2.15
482030,KoAct 반도체&2차전지핵심소재액티브,20260821,007660,이수페타시스,87.00,"9,135,000","8,639,100",2.01
482030,KoAct 반도체&2차전지핵심소재액티브,20260821,074600,원익QnC,322.00,"8,967,700","8,468,600",1.97
482030,KoAct 반도체&2차전지핵심소재액티브,20260821,482630,삼양엔씨켐,576.00,"7,833,600","7,511,040",1.74
482030,KoAct 반도체&2차전지핵심소재액티브,20260821,166090,하나머티리얼즈,115.00,"6,417,000","6,141,000",1.43
482030,KoAct 반도체&2차전지핵심소재액티브,20260821,388210,씨엠티엑스,87.00,"6,481,500","6,046,500",1.40
482030,KoAct 반도체&2차전지핵심소재액티브,20260821,101490,에스앤에스텍,146.00,"6,314,500","5,934,900",1.38
482030,KoAct 반도체&2차전지핵심소재액티브,20260821,036810,에프에스티,259.00,"6,138,300","5,866,350",1.36
482030,KoAct 반도체&2차전지핵심소재액티브,20260821,213420,덕산네오룩스,174.00,"5,768,100","5,541,900",1.29
482030,KoAct 반도체&2차전지핵심소재액티브,20260821,080580,오킨스전자,300.00,"5,400,000","5,010,000",1.16
482030,KoAct 반도체&2차전지핵심소재액티브,20260821,001430,세아베스틸지주,108.00,"4,438,800","4,249,800",0.99
482030,KoAct 반도체&2차전지핵심소재액티브,20260821,004710,한솔테크닉스,518.00,"3,791,760","3,553,480",0.82
482030,KoAct 반도체&2차전지핵심소재액티브,20260821,020150,롯데에너지머티리얼즈,110.00,"3,520,000","3,239,500",0.75
482030,KoAct 반도체&2차전지핵심소재액티브,20260821,456040,OCI,33.00,"2,666,400","2,643,300",0.61
482030,KoAct 반도체&2차전지핵심소재액티브,20260821,004560,현대비앤지스틸,202.00,"2,365,420","2,278,560",0.53
482030,KoAct 반도체&2차전지핵심소재액티브,20260821,112290,와이씨켐,218.00,"2,330,420","2,164,740",0.50
482030,KoAct 반도체&2차전지핵심소재액티브,20260821,317330,덕산테코피아,210.00,"2,240,700","2,112,600",0.49
482030,KoAct 반도체&2차전지핵심소재액티브,20260821,457190,이수스페셜티케미컬,16.00,"1,012,800","961,600",0.22
482030,KoAct 반도체&2차전지핵심소재액티브,20260821,295310,에이치브이엠,16.00,"769,600","716,000",0.17
482030,KoAct 반도체&2차전지핵심소재액티브,20260821,KRD010010001,원화현금,-,-,"7,862,192",1.82
0000Z0,RISE 바이오TOP10액티브,20260818,196170,알테오젠,139.00,"43,646,000","41,422,000",8.85
0000Z0,RISE 바이오TOP10액티브,20260818,141080,리가켐바이오,358.00,"40,776,200","37,625,800",8.04
0000Z0,RISE 바이오TOP10액티브,20260818,226950,올릭스,341.00,"38,192,000","36,316,500",7.76
0000Z0,RISE 바이오TOP10액티브,20260818,068270,셀트리온,184.00,"36,984,000","35,972,000",7.69
0000Z0,RISE 바이오TOP10액티브,20260818,298380,에이비엘바이오,443.00,"37,256,300","35,351,400",7.56
0000Z0,RISE 바이오TOP10액티브,20260818,128940,한미약품,75.00,"29,887,500","29,400,000",6.28
0000Z0,RISE 바이오TOP10액티브,20260818,347850,디앤디파마텍,445.00,"27,323,000","25,721,000",5.50
0000Z0,RISE 바이오TOP10액티브,20260818,237690,에스티팜,256.00,"27,238,400","25,676,800",5.49
0000Z0,RISE 바이오TOP10액티브,20260818,009420,한올바이오파마,409.00,"24,417,300","24,008,300",5.13
0000Z0,RISE 바이오TOP10액티브,20260818,214450,파마리서치,49.00,"19,502,000","19,257,000",4.12
0000Z0,RISE 바이오TOP10액티브,20260818,039200,오스코텍,505.00,"18,887,000","18,483,000",3.95
0000Z0,RISE 바이오TOP10액티브,20260818,174900,앱클론,614.00,"19,862,900","17,959,500",3.84
0000Z0,RISE 바이오TOP10액티브,20260818,145020,휴젤,67.00,"17,152,000","16,616,000",3.55
0000Z0,RISE 바이오TOP10액티브,20260818,476830,알지노믹스,498.00,"17,554,500","15,985,800",3.42
0000Z0,RISE 바이오TOP10액티브,20260818,310210,보로노이,89.00,"15,993,300","15,530,500",3.32
0000Z0,RISE 바이오TOP10액티브,20260818,491000,리브스메드,349.00,"16,019,100","13,558,650",2.90
0000Z0,RISE 바이오TOP10액티브,20260818,087010,펩트론,72.00,"13,968,000","12,960,000",2.77
0000Z0,RISE 바이오TOP10액티브,20260818,042520,한스바이오메드,612.00,"12,882,600","12,576,600",2.69
0000Z0,RISE 바이오TOP10액티브,20260818,397030,에이프릴바이오,464.00,"13,131,200","12,226,400",2.61
0000Z0,RISE 바이오TOP10액티브,20260818,475830,오름테라퓨틱,179.00,"12,189,900","11,760,300",2.51
0000Z0,RISE 바이오TOP10액티브,20260818,365270,큐라클,99.00,"1,209,780","1,085,040",0.23
0000Z0,RISE 바이오TOP10액티브,20260818,KRD010010001,원화현금,-,-,"8,326,076",1.78
0000Z0,RISE 바이오TOP10액티브,20260819,196170,알테오젠,139.00,"41,422,000","42,186,500",9.00
0000Z0,RISE 바이오TOP10액티브,20260819,141080,리가켐바이오,358.00,"37,625,800","37,375,200",7.98
0000Z0,RISE 바이오TOP10액티브,20260819,068270,셀트리온,184.00,"35,972,000","35,714,400",7.62
0000Z0,RISE 바이오TOP10액티브,20260819,226950,올릭스,341.00,"36,316,500","35,600,400",7.60
0000Z0,RISE 바이오TOP10액티브,20260819,298380,에이비엘바이오,443.00,"35,351,400","35,307,100",7.54
0000Z0,RISE 바이오TOP10액티브,20260819,128940,한미약품,75.00,"29,400,000","29,137,500",6.22
0000Z0,RISE 바이오TOP10액티브,20260819,347850,디앤디파마텍,445.00,"25,721,000","25,854,500",5.52
0000Z0,RISE 바이오TOP10액티브,20260819,237690,에스티팜,256.00,"25,676,800","25,420,800",5.43
0000Z0,RISE 바이오TOP10액티브,20260819,009420,한올바이오파마,409.00,"24,008,300","24,212,800",5.17
0000Z0,RISE 바이오TOP10액티브,20260819,039200,오스코텍,505.00,"18,483,000","19,240,500",4.11
0000Z0,RISE 바이오TOP10액티브,20260819,214450,파마리서치,49.00,"19,257,000","19,159,000",4.09
0000Z0,RISE 바이오TOP10액티브,20260819,174900,앱클론,614.00,"17,959,500","18,266,500",3.90
0000Z0,RISE 바이오TOP10액티브,20260819,145020,휴젤,67.00,"16,616,000","16,549,000",3.53
0000Z0,RISE 바이오TOP10액티브,20260819,476830,알지노믹스,498.00,"15,985,800","15,736,800",3.36
0000Z0,RISE 바이오TOP10액티브,20260819,310210,보로노이,89.00,"15,530,500","15,699,600",3.35
0000Z0,RISE 바이오TOP10액티브,20260819,087010,펩트론,72.00,"12,960,000","13,384,800",2.86
0000Z0,RISE 바이오TOP10액티브,20260819,491000,리브스메드,349.00,"13,558,650","13,349,250",2.85
0000Z0,RISE 바이오TOP10액티브,20260819,475830,오름테라퓨틱,179.00,"11,760,300","12,583,700",2.69
0000Z0,RISE 바이오TOP10액티브,20260819,397030,에이프릴바이오,464.00,"12,226,400","12,203,200",2.60
0000Z0,RISE 바이오TOP10액티브,20260819,950260,인제니아테라퓨틱스(Reg.S),655.00,"11,783,450","9,235,500",1.97
0000Z0,RISE 바이오TOP10액티브,20260819,042520,한스바이오메드,402.00,"8,261,100","7,662,120",1.64
0000Z0,RISE 바이오TOP10액티브,20260819,365270,큐라클,99.00,"1,085,040","1,078,110",0.23
0000Z0,RISE 바이오TOP10액티브,20260819,KRD010010001,원화현금,-,-,"3,560,163",0.76
0000Z0,RISE 바이오TOP10액티브,20260820,196170,알테오젠,139.00,"42,186,500","47,190,500",9.68
0000Z0,RISE 바이오TOP10액티브,20260820,141080,리가켐바이오,358.00,"37,375,200","38,771,400",7.95
0000Z0,RISE 바이오TOP10액티브,20260820,226950,올릭스,341.00,"35,600,400","37,305,400",7.65
0000Z0,RISE 바이오TOP10액티브,20260820,298380,에이비엘바이오,443.00,"35,307,100","36,547,500",7.50
0000Z0,RISE 바이오TOP10액티브,20260820,068270,셀트리온,184.00,"35,714,400","35,714,400",7.33
0000Z0,RISE 바이오TOP10액티브,20260820,128940,한미약품,75.00,"29,137,500","29,925,000",6.14
0000Z0,RISE 바이오TOP10액티브,20260820,237690,에스티팜,256.00,"25,420,800","28,390,400",5.82
0000Z0,RISE 바이오TOP10액티브,20260820,347850,디앤디파마텍,445.00,"25,854,500","25,721,000",5.28
0000Z0,RISE 바이오TOP10액티브,20260820,009420,한올바이오파마,409.00,"24,212,800","25,603,400",5.25
0000Z0,RISE 바이오TOP10액티브,20260820,214450,파마리서치,49.00,"19,159,000","20,261,500",4.16
0000Z0,RISE 바이오TOP10액티브,20260820,039200,오스코텍,505.00,"19,240,500","19,619,250",4.02
0000Z0,RISE 바이오TOP10액티브,20260820,174900,앱클론,614.00,"18,266,500","18,481,400",3.79
0000Z0,RISE 바이오TOP10액티브,20260820,476830,알지노믹스,498.00,"15,736,800","18,351,300",3.76
0000Z0,RISE 바이오TOP10액티브,20260820,145020,휴젤,67.00,"16,549,000","16,683,000",3.42
0000Z0,RISE 바이오TOP10액티브,20260820,310210,보로노이,89.00,"15,699,600","15,352,500",3.15
0000Z0,RISE 바이오TOP10액티브,20260820,087010,펩트론,72.00,"13,384,800","13,384,800",2.75
0000Z0,RISE 바이오TOP10액티브,20260820,491000,리브스메드,349.00,"13,349,250","12,947,900",2.66
0000Z0,RISE 바이오TOP10액티브,20260820,475830,오름테라퓨틱,179.00,"12,583,700","12,834,300",2.63
0000Z0,RISE 바이오TOP10액티브,20260820,950260,인제니아테라퓨틱스(Reg.S),655.00,"9,235,500","12,006,150",2.46
0000Z0,RISE 바이오TOP10액티브,20260820,397030,에이프릴바이오,464.00,"12,203,200","9,860,000",2.02
0000Z0,RISE 바이오TOP10액티브,20260820,042520,한스바이오메드,402.00,"7,662,120","7,839,000",1.61
0000Z0,RISE 바이오TOP10액티브,20260820,365270,큐라클,99.00,"1,078,110","1,155,330",0.24
0000Z0,RISE 바이오TOP10액티브,20260820,KRD010010001,원화현금,-,-,"3,524,025",0.72
0000Z0,RISE 바이오TOP10액티브,20260821,196170,알테오젠,139.00,"47,190,500","44,480,000",9.83
0000Z0,RISE 바이오TOP10액티브,20260821,141080,리가켐바이오,358.00,"38,771,400","35,800,000",7.91
0000Z0,RISE 바이오TOP10액티브,20260821,068270,셀트리온,184.00,"35,714,400","35,383,200",7.82
0000Z0,RISE 바이오TOP10액티브,20260821,226950,올릭스,341.00,"37,305,400","33,452,100",7.39
0000Z0,RISE 바이오TOP10액티브,20260821,298380,에이비엘바이오,443.00,"36,547,500","33,313,600",7.36
0000Z0,RISE 바이오TOP10액티브,20260821,128940,한미약품,75.00,"29,925,000","31,162,500",6.88
0000Z0,RISE 바이오TOP10액티브,20260821,237690,에스티팜,278.00,"30,830,200","27,716,600",6.12
0000Z0,RISE 바이오TOP10액티브,20260821,347850,디앤디파마텍,445.00,"25,721,000","23,718,500",5.24
0000Z0,RISE 바이오TOP10액티브,20260821,009420,한올바이오파마,409.00,"25,603,400","23,108,500",5.11
0000Z0,RISE 바이오TOP10액티브,20260821,214450,파마리서치,49.00,"20,261,500","19,624,500",4.34
0000Z0,RISE 바이오TOP10액티브,20260821,039200,오스코텍,505.00,"19,619,250","18,533,500",4.09
0000Z0,RISE 바이오TOP10액티브,20260821,476830,알지노믹스,572.00,"21,078,200","17,245,800",3.81
0000Z0,RISE 바이오TOP10액티브,20260821,174900,앱클론,614.00,"18,481,400","16,915,700",3.74
0000Z0,RISE 바이오TOP10액티브,20260821,950260,인제니아테라퓨틱스(Reg.S),878.00,"16,093,740","13,846,060",3.06
0000Z0,RISE 바이오TOP10액티브,20260821,310210,보로노이,89.00,"15,352,500","13,536,900",2.99
0000Z0,RISE 바이오TOP10액티브,20260821,087010,펩트론,72.00,"13,384,800","12,859,200",2.84
0000Z0,RISE 바이오TOP10액티브,20260821,145020,휴젤,47.00,"11,703,000","11,515,000",2.54
0000Z0,RISE 바이오TOP10액티브,20260821,475830,오름테라퓨틱,179.00,"12,834,300","11,098,000",2.45
0000Z0,RISE 바이오TOP10액티브,20260821,468530,프로티나,227.00,"8,081,200","8,330,900",1.84
0000Z0,RISE 바이오TOP10액티브,20260821,491000,리브스메드,233.00,"8,644,300","7,793,850",1.72
0000Z0,RISE 바이오TOP10액티브,20260821,042520,한스바이오메드,311.00,"6,064,500","5,290,110",1.17
0000Z0,RISE 바이오TOP10액티브,20260821,397030,에이프릴바이오,234.00,"4,972,500","4,642,560",1.03
0000Z0,RISE 바이오TOP10액티브,20260821,365270,큐라클,99.00,"1,155,330","1,073,160",0.24
0000Z0,RISE 바이오TOP10액티브,20260821,KRD010010001,원화현금,-,-,"2,190,606",0.48
0168K0,TIGER 기술이전바이오액티브,20260818,196170,알테오젠,23.00,"7,222,000","6,854,000",10.52
0168K0,TIGER 기술이전바이오액티브,20260818,226950,올릭스,56.00,"6,272,000","5,964,000",9.15
0168K0,TIGER 기술이전바이오액티브,20260818,141080,리가켐바이오,50.00,"5,695,000","5,255,000",8.06
0168K0,TIGER 기술이전바이오액티브,20260818,068270,셀트리온,17.00,"3,417,000","3,323,500",5.10
0168K0,TIGER 기술이전바이오액티브,20260818,009420,한올바이오파마,54.00,"3,223,800","3,169,800",4.86
0168K0,TIGER 기술이전바이오액티브,20260818,207940,삼성바이오로직스,2.00,"3,096,000","3,062,000",4.70
0168K0,TIGER 기술이전바이오액티브,20260818,298380,에이비엘바이오,36.00,"3,027,600","2,872,800",4.41
0168K0,TIGER 기술이전바이오액티브,20260818,476830,알지노믹스,88.00,"3,102,000","2,824,800",4.33
0168K0,TIGER 기술이전바이오액티브,20260818,475830,오름테라퓨틱,42.00,"2,860,200","2,759,400",4.23
0168K0,TIGER 기술이전바이오액티브,20260818,128940,한미약품,6.00,"2,391,000","2,352,000",3.61
0168K0,TIGER 기술이전바이오액티브,20260818,397030,에이프릴바이오,88.00,"2,490,400","2,318,800",3.56
0168K0,TIGER 기술이전바이오액티브,20260818,174900,앱클론,74.00,"2,393,900","2,164,500",3.32
0168K0,TIGER 기술이전바이오액티브,20260818,039200,오스코텍,58.00,"2,169,200","2,122,800",3.26
0168K0,TIGER 기술이전바이오액티브,20260818,237690,에스티팜,21.00,"2,234,400","2,106,300",3.23
0168K0,TIGER 기술이전바이오액티브,20260818,310210,보로노이,12.00,"2,156,400","2,094,000",3.21
0168K0,TIGER 기술이전바이오액티브,20260818,456160,지투지바이오,52.00,"2,293,200","2,087,800",3.20
0168K0,TIGER 기술이전바이오액티브,20260818,347850,디앤디파마텍,35.00,"2,149,000","2,023,000",3.10
0168K0,TIGER 기술이전바이오액티브,20260818,003000,부광약품,348.00,"1,536,420","1,461,600",2.24
0168K0,TIGER 기술이전바이오액티브,20260818,214450,파마리서치,3.00,"1,194,000","1,179,000",1.81
0168K0,TIGER 기술이전바이오액티브,20260818,326030,SK바이오팜,12.00,"1,047,600","1,022,400",1.57
0168K0,TIGER 기술이전바이오액티브,20260818,287840,인투셀,33.00,"734,250","691,350",1.06
0168K0,TIGER 기술이전바이오액티브,20260818,389650,넥스트바이오메디컬,20.00,"746,000","677,000",1.04
0168K0,TIGER 기술이전바이오액티브,20260818,476060,온코닉테라퓨틱스,45.00,"666,450","641,250",0.98
0168K0,TIGER 기술이전바이오액티브,20260818,394800,쓰리빌리언,99.00,"616,770","582,120",0.89
0168K0,TIGER 기술이전바이오액티브,20260818,078160,메디포스트,30.00,"312,000","300,000",0.46
0168K0,TIGER 기술이전바이오액티브,20260818,024850,HLB이노베이션,20.00,"274,000","283,000",0.43
0168K0,TIGER 기술이전바이오액티브,20260818,338840,와이바이오로직스,25.00,"255,750","233,000",0.36
0168K0,TIGER 기술이전바이오액티브,20260818,0120G0,삼양바이오팜,4.00,"191,800","181,800",0.28
0168K0,TIGER 기술이전바이오액티브,20260818,468530,프로티나,5.00,"188,000","160,500",0.25
0168K0,TIGER 기술이전바이오액티브,20260818,389030,지니너스,44.00,"97,460","92,400",0.14
0168K0,TIGER 기술이전바이오액티브,20260818,321550,티움바이오,2.00,"9,760","8,900",0.01
0168K0,TIGER 기술이전바이오액티브,20260818,358570,지아이이노베이션,1.00,"8,820","8,150",0.01
0168K0,TIGER 기술이전바이오액티브,20260818,KRD010010001,원화현금,-,-,"4,293,057",6.59
0168K0,TIGER 기술이전바이오액티브,20260819,196170,알테오젠,22.00,"6,556,000","6,677,000",10.21
0168K0,TIGER 기술이전바이오액티브,20260819,226950,올릭스,56.00,"5,964,000","5,846,400",8.94
0168K0,TIGER 기술이전바이오액티브,20260819,141080,리가켐바이오,50.00,"5,255,000","5,220,000",7.98
0168K0,TIGER 기술이전바이오액티브,20260819,068270,셀트리온,17.00,"3,323,500","3,299,700",5.04
0168K0,TIGER 기술이전바이오액티브,20260819,009420,한올바이오파마,54.00,"3,169,800","3,196,800",4.89
0168K0,TIGER 기술이전바이오액티브,20260819,207940,삼성바이오로직스,2.00,"3,062,000","3,088,000",4.72
0168K0,TIGER 기술이전바이오액티브,20260819,475830,오름테라퓨틱,42.00,"2,759,400","2,952,600",4.51
0168K0,TIGER 기술이전바이오액티브,20260819,298380,에이비엘바이오,37.00,"2,952,600","2,948,900",4.51
0168K0,TIGER 기술이전바이오액티브,20260819,476830,알지노믹스,88.00,"2,824,800","2,780,800",4.25
0168K0,TIGER 기술이전바이오액티브,20260819,128940,한미약품,6.00,"2,352,000","2,331,000",3.56
0168K0,TIGER 기술이전바이오액티브,20260819,397030,에이프릴바이오,88.00,"2,318,800","2,314,400",3.54
0168K0,TIGER 기술이전바이오액티브,20260819,174900,앱클론,76.00,"2,223,000","2,261,000",3.46
0168K0,TIGER 기술이전바이오액티브,20260819,039200,오스코텍,58.00,"2,122,800","2,209,800",3.38
0168K0,TIGER 기술이전바이오액티브,20260819,456160,지투지바이오,52.00,"2,087,800","2,134,600",3.26
0168K0,TIGER 기술이전바이오액티브,20260819,310210,보로노이,12.00,"2,094,000","2,116,800",3.24
0168K0,TIGER 기술이전바이오액티브,20260819,237690,에스티팜,21.00,"2,106,300","2,085,300",3.19
0168K0,TIGER 기술이전바이오액티브,20260819,347850,디앤디파마텍,35.00,"2,023,000","2,033,500",3.11
0168K0,TIGER 기술이전바이오액티브,20260819,003000,부광약품,348.00,"1,461,600","1,461,600",2.23
0168K0,TIGER 기술이전바이오액티브,20260819,214450,파마리서치,3.00,"1,179,000","1,173,000",1.79
0168K0,TIGER 기술이전바이오액티브,20260819,326030,SK바이오팜,12.00,"1,022,400","1,023,600",1.56
0168K0,TIGER 기술이전바이오액티브,20260819,287840,인투셀,33.00,"691,350","674,850",1.03
0168K0,TIGER 기술이전바이오액티브,20260819,389650,넥스트바이오메디컬,20.00,"677,000","662,000",1.01
0168K0,TIGER 기술이전바이오액티브,20260819,476060,온코닉테라퓨틱스,45.00,"641,250","630,000",0.96
0168K0,TIGER 기술이전바이오액티브,20260819,394800,쓰리빌리언,99.00,"582,120","573,210",0.88
0168K0,TIGER 기술이전바이오액티브,20260819,024850,HLB이노베이션,20.00,"283,000","289,400",0.44
0168K0,TIGER 기술이전바이오액티브,20260819,078160,메디포스트,30.00,"300,000","288,000",0.44
0168K0,TIGER 기술이전바이오액티브,20260819,338840,와이바이오로직스,25.00,"233,000","234,750",0.36
0168K0,TIGER 기술이전바이오액티브,20260819,0120G0,삼양바이오팜,4.00,"181,800","173,200",0.26
0168K0,TIGER 기술이전바이오액티브,20260819,468530,프로티나,5.00,"160,500","171,250",0.26
0168K0,TIGER 기술이전바이오액티브,20260819,389030,지니너스,44.00,"92,400","90,200",0.14
0168K0,TIGER 기술이전바이오액티브,20260819,321550,티움바이오,2.00,"8,900","8,660",0.01
0168K0,TIGER 기술이전바이오액티브,20260819,358570,지아이이노베이션,1.00,"8,150","8,150",0.01
0168K0,TIGER 기술이전바이오액티브,20260819,KRD010010001,원화현금,-,-,"4,451,719",6.81
0168K0,TIGER 기술이전바이오액티브,20260820,196170,알테오젠,21.00,"6,373,500","7,129,500",10.53
0168K0,TIGER 기술이전바이오액티브,20260820,226950,올릭스,56.00,"5,846,400","6,126,400",9.05
0168K0,TIGER 기술이전바이오액티브,20260820,141080,리가켐바이오,50.00,"5,220,000","5,415,000",8.00
0168K0,TIGER 기술이전바이오액티브,20260820,009420,한올바이오파마,59.00,"3,492,800","3,693,400",5.46
0168K0,TIGER 기술이전바이오액티브,20260820,298380,에이비엘바이오,41.00,"3,267,700","3,382,500",5.00
0168K0,TIGER 기술이전바이오액티브,20260820,068270,셀트리온,17.00,"3,299,700","3,299,700",4.87
0168K0,TIGER 기술이전바이오액티브,20260820,476830,알지노믹스,88.00,"2,780,800","3,242,800",4.79
0168K0,TIGER 기술이전바이오액티브,20260820,475830,오름테라퓨틱,44.00,"3,093,200","3,154,800",4.66
0168K0,TIGER 기술이전바이오액티브,20260820,207940,삼성바이오로직스,2.00,"3,088,000","3,148,000",4.65
0168K0,TIGER 기술이전바이오액티브,20260820,174900,앱클론,80.00,"2,380,000","2,408,000",3.56
0168K0,TIGER 기술이전바이오액티브,20260820,128940,한미약품,6.00,"2,331,000","2,394,000",3.54
0168K0,TIGER 기술이전바이오액티브,20260820,237690,에스티팜,21.00,"2,085,300","2,328,900",3.44
0168K0,TIGER 기술이전바이오액티브,20260820,039200,오스코텍,59.00,"2,247,900","2,292,150",3.39
0168K0,TIGER 기술이전바이오액티브,20260820,456160,지투지바이오,54.00,"2,216,700","2,211,300",3.27
0168K0,TIGER 기술이전바이오액티브,20260820,310210,보로노이,12.00,"2,116,800","2,070,000",3.06
0168K0,TIGER 기술이전바이오액티브,20260820,347850,디앤디파마텍,35.00,"2,033,500","2,023,000",2.99
0168K0,TIGER 기술이전바이오액티브,20260820,397030,에이프릴바이오,79.00,"2,077,700","1,678,750",2.48
0168K0,TIGER 기술이전바이오액티브,20260820,003000,부광약품,348.00,"1,461,600","1,492,920",2.21
0168K0,TIGER 기술이전바이오액티브,20260820,214450,파마리서치,3.00,"1,173,000","1,240,500",1.83
0168K0,TIGER 기술이전바이오액티브,20260820,326030,SK바이오팜,12.00,"1,023,600","1,038,000",1.53
0168K0,TIGER 기술이전바이오액티브,20260820,287840,인투셀,33.00,"674,850","730,950",1.08
0168K0,TIGER 기술이전바이오액티브,20260820,389650,넥스트바이오메디컬,20.00,"662,000","690,000",1.02
0168K0,TIGER 기술이전바이오액티브,20260820,476060,온코닉테라퓨틱스,45.00,"630,000","662,850",0.98
0168K0,TIGER 기술이전바이오액티브,20260820,394800,쓰리빌리언,99.00,"573,210","572,220",0.85
0168K0,TIGER 기술이전바이오액티브,20260820,024850,HLB이노베이션,20.00,"289,400","294,400",0.43
0168K0,TIGER 기술이전바이오액티브,20260820,078160,메디포스트,30.00,"288,000","286,200",0.42
0168K0,TIGER 기술이전바이오액티브,20260820,468530,프로티나,7.00,"239,750","249,200",0.37
0168K0,TIGER 기술이전바이오액티브,20260820,338840,와이바이오로직스,25.00,"234,750","247,000",0.36
0168K0,TIGER 기술이전바이오액티브,20260820,0120G0,삼양바이오팜,4.00,"173,200","224,800",0.33
0168K0,TIGER 기술이전바이오액티브,20260820,389030,지니너스,44.00,"90,200","97,680",0.14
0168K0,TIGER 기술이전바이오액티브,20260820,321550,티움바이오,2.00,"8,660","8,760",0.01
0168K0,TIGER 기술이전바이오액티브,20260820,358570,지아이이노베이션,1.00,"8,150","8,670",0.01
0168K0,TIGER 기술이전바이오액티브,20260820,KRD010010001,원화현금,-,-,"3,855,620",5.70
0168K0,TIGER 기술이전바이오액티브,20260821,196170,알테오젠,19.00,"6,450,500","6,080,000",9.66
0168K0,TIGER 기술이전바이오액티브,20260821,226950,올릭스,56.00,"6,126,400","5,493,600",8.73
0168K0,TIGER 기술이전바이오액티브,20260821,141080,리가켐바이오,50.00,"5,415,000","5,000,000",7.95
0168K0,TIGER 기술이전바이오액티브,20260821,009420,한올바이오파마,60.00,"3,756,000","3,390,000",5.39
0168K0,TIGER 기술이전바이오액티브,20260821,298380,에이비엘바이오,45.00,"3,712,500","3,384,000",5.38
0168K0,TIGER 기술이전바이오액티브,20260821,068270,셀트리온,17.00,"3,299,700","3,269,100",5.20
0168K0,TIGER 기술이전바이오액티브,20260821,207940,삼성바이오로직스,2.00,"3,148,000","3,102,000",4.93
0168K0,TIGER 기술이전바이오액티브,20260821,475830,오름테라퓨틱,45.00,"3,226,500","2,790,000",4.43
0168K0,TIGER 기술이전바이오액티브,20260821,476830,알지노믹스,88.00,"3,242,800","2,653,200",4.22
0168K0,TIGER 기술이전바이오액티브,20260821,128940,한미약품,6.00,"2,394,000","2,493,000",3.96
0168K0,TIGER 기술이전바이오액티브,20260821,174900,앱클론,80.00,"2,408,000","2,204,000",3.50
0168K0,TIGER 기술이전바이오액티브,20260821,237690,에스티팜,22.00,"2,439,800","2,193,400",3.49
0168K0,TIGER 기술이전바이오액티브,20260821,039200,오스코텍,59.00,"2,292,150","2,165,300",3.44
0168K0,TIGER 기술이전바이오액티브,20260821,456160,지투지바이오,54.00,"2,211,300","2,019,600",3.21
0168K0,TIGER 기술이전바이오액티브,20260821,347850,디앤디파마텍,35.00,"2,023,000","1,865,500",2.96
0168K0,TIGER 기술이전바이오액티브,20260821,310210,보로노이,12.00,"2,070,000","1,825,200",2.90
0168K0,TIGER 기술이전바이오액티브,20260821,003000,부광약품,348.00,"1,492,920","1,437,240",2.28
0168K0,TIGER 기술이전바이오액티브,20260821,397030,에이프릴바이오,69.00,"1,466,250","1,368,960",2.18
0168K0,TIGER 기술이전바이오액티브,20260821,214450,파마리서치,3.00,"1,240,500","1,201,500",1.91
0168K0,TIGER 기술이전바이오액티브,20260821,326030,SK바이오팜,12.00,"1,038,000","1,004,400",1.60
0168K0,TIGER 기술이전바이오액티브,20260821,476060,온코닉테라퓨틱스,45.00,"662,850","653,400",1.04
0168K0,TIGER 기술이전바이오액티브,20260821,389650,넥스트바이오메디컬,20.00,"690,000","646,000",1.03
0168K0,TIGER 기술이전바이오액티브,20260821,287840,인투셀,33.00,"730,950","641,850",1.02
0168K0,TIGER 기술이전바이오액티브,20260821,394800,쓰리빌리언,99.00,"572,220","536,580",0.85
0168K0,TIGER 기술이전바이오액티브,20260821,950260,인제니아테라퓨틱스(Reg.S),20.00,"366,600","315,400",0.50
0168K0,TIGER 기술이전바이오액티브,20260821,024850,HLB이노베이션,20.00,"294,400","277,800",0.44
0168K0,TIGER 기술이전바이오액티브,20260821,078160,메디포스트,30.00,"286,200","258,900",0.41
0168K0,TIGER 기술이전바이오액티브,20260821,468530,프로티나,7.00,"249,200","256,900",0.41
0168K0,TIGER 기술이전바이오액티브,20260821,0120G0,삼양바이오팜,4.00,"224,800","235,200",0.37
0168K0,TIGER 기술이전바이오액티브,20260821,338840,와이바이오로직스,25.00,"247,000","227,000",0.36
0168K0,TIGER 기술이전바이오액티브,20260821,389030,지니너스,44.00,"97,680","88,000",0.14
0168K0,TIGER 기술이전바이오액티브,20260821,321550,티움바이오,2.00,"8,760","8,300",0.01
0168K0,TIGER 기술이전바이오액티브,20260821,358570,지아이이노베이션,1.00,"8,670","7,630",0.01
0168K0,TIGER 기술이전바이오액티브,20260821,KRD010010001,원화현금,-,-,"3,831,475",6.09
463050,TIME K바이오액티브,20260818,068270,셀트리온,453.00,"91,053,000","88,561,500",13.48
463050,TIME K바이오액티브,20260818,196170,알테오젠,236.00,"74,104,000","70,328,000",10.71
463050,TIME K바이오액티브,20260818,298380,에이비엘바이오,604.00,"50,796,400","48,199,200",7.34
463050,TIME K바이오액티브,20260818,141080,리가켐바이오,389.00,"44,307,100","40,883,900",6.22
463050,TIME K바이오액티브,20260818,226950,올릭스,373.00,"41,776,000","39,724,500",6.05
463050,TIME K바이오액티브,20260818,207940,삼성바이오로직스,24.00,"37,152,000","36,744,000",5.59
463050,TIME K바이오액티브,20260818,128940,한미약품,85.00,"33,872,500","33,320,000",5.07
463050,TIME K바이오액티브,20260818,068760,셀트리온제약,633.00,"27,820,350","26,522,700",4.04
463050,TIME K바이오액티브,20260818,237690,에스티팜,250.00,"26,600,000","25,075,000",3.82
463050,TIME K바이오액티브,20260818,347850,디앤디파마텍,412.00,"25,296,800","23,813,600",3.62
463050,TIME K바이오액티브,20260818,000100,유한양행,285.00,"23,854,500","22,686,000",3.45
463050,TIME K바이오액티브,20260818,310210,보로노이,100.00,"17,970,000","17,450,000",2.66
463050,TIME K바이오액티브,20260818,456160,지투지바이오,396.00,"17,463,600","15,899,400",2.42
463050,TIME K바이오액티브,20260818,0126Z0,삼성에피스홀딩스,39.00,"16,906,500","14,995,500",2.28
463050,TIME K바이오액티브,20260818,028300,HLB,300.00,"12,945,000","12,945,000",1.97
463050,TIME K바이오액티브,20260818,397030,에이프릴바이오,475.00,"13,442,500","12,516,250",1.91
463050,TIME K바이오액티브,20260818,145020,휴젤,50.00,"12,800,000","12,400,000",1.89
463050,TIME K바이오액티브,20260818,214450,파마리서치,30.00,"11,940,000","11,790,000",1.79
463050,TIME K바이오액티브,20260818,009420,한올바이오파마,200.00,"11,940,000","11,740,000",1.79
463050,TIME K바이오액티브,20260818,039200,오스코텍,301.00,"11,257,400","11,016,600",1.68
463050,TIME K바이오액티브,20260818,476830,알지노믹스,341.00,"12,020,250","10,946,100",1.67
463050,TIME K바이오액티브,20260818,475830,오름테라퓨틱,151.00,"10,283,100","9,920,700",1.51
463050,TIME K바이오액티브,20260818,458870,씨어스,401.00,"9,603,950","9,002,450",1.37
463050,TIME K바이오액티브,20260818,389470,인벤티지랩,276.00,"8,859,600","8,418,000",1.28
463050,TIME K바이오액티브,20260818,491000,리브스메드,201.00,"9,225,900","7,808,850",1.19
463050,TIME K바이오액티브,20260818,098460,고영,194.00,"6,275,900","5,878,200",0.89
463050,TIME K바이오액티브,20260818,214370,케어젠,102.00,"6,313,800","5,650,800",0.86
463050,TIME K바이오액티브,20260818,0009K0,에임드바이오,203.00,"5,531,750","5,237,400",0.80
463050,TIME K바이오액티브,20260818,174900,앱클론,150.00,"4,852,500","4,387,500",0.67
463050,TIME K바이오액티브,20260818,475960,토모큐브,101.00,"3,656,200","3,302,700",0.50
463050,TIME K바이오액티브,20260818,358570,지아이이노베이션,199.00,"1,755,180","1,621,850",0.25
463050,TIME K바이오액티브,20260818,007390,네이처셀,46.00,"1,076,400","1,039,600",0.16
463050,TIME K바이오액티브,20260818,KRD010010001,원화현금,-,-,"7,104,149",1.08
463050,TIME K바이오액티브,20260819,068270,셀트리온,453.00,"88,561,500","87,927,300",13.40
463050,TIME K바이오액티브,20260819,196170,알테오젠,236.00,"70,328,000","71,626,000",10.92
463050,TIME K바이오액티브,20260819,298380,에이비엘바이오,604.00,"48,199,200","48,138,800",7.34
463050,TIME K바이오액티브,20260819,141080,리가켐바이오,389.00,"40,883,900","40,611,600",6.19
463050,TIME K바이오액티브,20260819,226950,올릭스,373.00,"39,724,500","38,941,200",5.94
463050,TIME K바이오액티브,20260819,207940,삼성바이오로직스,24.00,"36,744,000","37,056,000",5.65
463050,TIME K바이오액티브,20260819,128940,한미약품,85.00,"33,320,000","33,022,500",5.03
463050,TIME K바이오액티브,20260819,068760,셀트리온제약,633.00,"26,522,700","26,047,950",3.97
463050,TIME K바이오액티브,20260819,237690,에스티팜,250.00,"25,075,000","24,825,000",3.78
463050,TIME K바이오액티브,20260819,347850,디앤디파마텍,412.00,"23,813,600","23,937,200",3.65
463050,TIME K바이오액티브,20260819,000100,유한양행,285.00,"22,686,000","22,686,000",3.46
463050,TIME K바이오액티브,20260819,310210,보로노이,100.00,"17,450,000","17,640,000",2.69
463050,TIME K바이오액티브,20260819,456160,지투지바이오,396.00,"15,899,400","16,255,800",2.48
463050,TIME K바이오액티브,20260819,0126Z0,삼성에피스홀딩스,39.00,"14,995,500","14,176,500",2.16
463050,TIME K바이오액티브,20260819,028300,HLB,300.00,"12,945,000","12,630,000",1.93
463050,TIME K바이오액티브,20260819,397030,에이프릴바이오,475.00,"12,516,250","12,492,500",1.90
463050,TIME K바이오액티브,20260819,145020,휴젤,50.00,"12,400,000","12,350,000",1.88
463050,TIME K바이오액티브,20260819,009420,한올바이오파마,200.00,"11,740,000","11,840,000",1.80
463050,TIME K바이오액티브,20260819,214450,파마리서치,30.00,"11,790,000","11,730,000",1.79
463050,TIME K바이오액티브,20260819,039200,오스코텍,301.00,"11,016,600","11,468,100",1.75
463050,TIME K바이오액티브,20260819,476830,알지노믹스,341.00,"10,946,100","10,775,600",1.64
463050,TIME K바이오액티브,20260819,475830,오름테라퓨틱,151.00,"9,920,700","10,615,300",1.62
463050,TIME K바이오액티브,20260819,458870,씨어스,401.00,"9,002,450","9,062,600",1.38
463050,TIME K바이오액티브,20260819,389470,인벤티지랩,276.00,"8,418,000","8,307,600",1.27
463050,TIME K바이오액티브,20260819,491000,리브스메드,201.00,"7,808,850","7,688,250",1.17
463050,TIME K바이오액티브,20260819,098460,고영,194.00,"5,878,200","5,674,500",0.86
463050,TIME K바이오액티브,20260819,214370,케어젠,102.00,"5,650,800","5,508,000",0.84
463050,TIME K바이오액티브,20260819,0009K0,에임드바이오,203.00,"5,237,400","5,298,300",0.81
463050,TIME K바이오액티브,20260819,174900,앱클론,150.00,"4,387,500","4,462,500",0.68
463050,TIME K바이오액티브,20260819,475960,토모큐브,101.00,"3,302,700","3,186,550",0.49
463050,TIME K바이오액티브,20260819,358570,지아이이노베이션,199.00,"1,621,850","1,621,850",0.25
463050,TIME K바이오액티브,20260819,007390,네이처셀,46.00,"1,039,600","1,037,300",0.16
463050,TIME K바이오액티브,20260819,KRD010010001,원화현금,-,-,"7,372,896",1.12
463050,TIME K바이오액티브,20260820,068270,셀트리온,520.00,"100,932,000","100,932,000",14.96
463050,TIME K바이오액티브,20260820,196170,알테오젠,236.00,"71,626,000","80,122,000",11.88
463050,TIME K바이오액티브,20260820,298380,에이비엘바이오,604.00,"48,138,800","49,830,000",7.39
463050,TIME K바이오액티브,20260820,226950,올릭스,373.00,"38,941,200","40,806,200",6.05
463050,TIME K바이오액티브,20260820,207940,삼성바이오로직스,24.00,"37,056,000","37,776,000",5.60
463050,TIME K바이오액티브,20260820,128940,한미약품,85.00,"33,022,500","33,915,000",5.03
463050,TIME K바이오액티브,20260820,141080,리가켐바이오,264.00,"27,561,600","28,591,200",4.24
463050,TIME K바이오액티브,20260820,068760,셀트리온제약,632.00,"26,006,800","27,144,400",4.02
463050,TIME K바이오액티브,20260820,310210,보로노이,156.00,"27,518,400","26,910,000",3.99
463050,TIME K바이오액티브,20260820,009420,한올바이오파마,421.00,"24,923,200","26,354,600",3.91
463050,TIME K바이오액티브,20260820,475830,오름테라퓨틱,338.00,"23,761,400","24,234,600",3.59
463050,TIME K바이오액티브,20260820,347850,디앤디파마텍,412.00,"23,937,200","23,813,600",3.53
463050,TIME K바이오액티브,20260820,000100,유한양행,285.00,"22,686,000","23,769,000",3.52
463050,TIME K바이오액티브,20260820,456160,지투지바이오,396.00,"16,255,800","16,216,200",2.40
463050,TIME K바이오액티브,20260820,0126Z0,삼성에피스홀딩스,39.00,"14,176,500","14,781,000",2.19
463050,TIME K바이오액티브,20260820,476830,알지노믹스,341.00,"10,775,600","12,565,850",1.86
463050,TIME K바이오액티브,20260820,145020,휴젤,50.00,"12,350,000","12,450,000",1.85
463050,TIME K바이오액티브,20260820,214450,파마리서치,30.00,"11,730,000","12,405,000",1.84
463050,TIME K바이오액티브,20260820,028300,HLB,300.00,"12,630,000","11,970,000",1.77
463050,TIME K바이오액티브,20260820,039200,오스코텍,301.00,"11,468,100","11,693,850",1.73
463050,TIME K바이오액티브,20260820,397030,에이프릴바이오,475.00,"12,492,500","10,093,750",1.50
463050,TIME K바이오액티브,20260820,458870,씨어스,401.00,"9,062,600","9,243,050",1.37
463050,TIME K바이오액티브,20260820,389470,인벤티지랩,276.00,"8,307,600","8,349,000",1.24
463050,TIME K바이오액티브,20260820,491000,리브스메드,201.00,"7,688,250","7,457,100",1.11
463050,TIME K바이오액티브,20260820,237690,에스티팜,66.00,"6,553,800","7,319,400",1.09
463050,TIME K바이오액티브,20260820,0009K0,에임드바이오,102.00,"2,662,200","2,697,900",0.40
463050,TIME K바이오액티브,20260820,174900,앱클론,83.00,"2,469,250","2,498,300",0.37
463050,TIME K바이오액티브,20260820,475960,토모큐브,60.00,"1,893,000","1,848,000",0.27
463050,TIME K바이오액티브,20260820,358570,지아이이노베이션,119.00,"969,850","1,031,730",0.15
463050,TIME K바이오액티브,20260820,007390,네이처셀,17.00,"383,350","397,800",0.06
463050,TIME K바이오액티브,20260820,KRD010010001,원화현금,-,-,"7,277,441",1.08
463050,TIME K바이오액티브,20260821,068270,셀트리온,520.00,"100,932,000","99,996,000",15.67
463050,TIME K바이오액티브,20260821,196170,알테오젠,236.00,"80,122,000","75,520,000",11.83
463050,TIME K바이오액티브,20260821,298380,에이비엘바이오,604.00,"49,830,000","45,420,800",7.12
463050,TIME K바이오액티브,20260821,207940,삼성바이오로직스,24.00,"37,776,000","37,224,000",5.83
463050,TIME K바이오액티브,20260821,226950,올릭스,373.00,"40,806,200","36,591,300",5.73
463050,TIME K바이오액티브,20260821,128940,한미약품,85.00,"33,915,000","35,317,500",5.53
463050,TIME K바이오액티브,20260821,141080,리가켐바이오,264.00,"28,591,200","26,400,000",4.14
463050,TIME K바이오액티브,20260821,068760,셀트리온제약,632.00,"27,144,400","26,259,600",4.11
463050,TIME K바이오액티브,20260821,009420,한올바이오파마,421.00,"26,354,600","23,786,500",3.73
463050,TIME K바이오액티브,20260821,310210,보로노이,156.00,"26,910,000","23,727,600",3.72
463050,TIME K바이오액티브,20260821,000100,유한양행,285.00,"23,769,000","23,455,500",3.68
463050,TIME K바이오액티브,20260821,347850,디앤디파마텍,412.00,"23,813,600","21,959,600",3.44
463050,TIME K바이오액티브,20260821,475830,오름테라퓨틱,338.00,"24,234,600","20,956,000",3.28
463050,TIME K바이오액티브,20260821,456160,지투지바이오,396.00,"16,216,200","14,810,400",2.32
463050,TIME K바이오액티브,20260821,0126Z0,삼성에피스홀딩스,39.00,"14,781,000","14,040,000",2.20
463050,TIME K바이오액티브,20260821,145020,휴젤,50.00,"12,450,000","12,250,000",1.92
463050,TIME K바이오액티브,20260821,214450,파마리서치,30.00,"12,405,000","12,015,000",1.88
463050,TIME K바이오액티브,20260821,028300,HLB,300.00,"11,970,000","11,595,000",1.82
463050,TIME K바이오액티브,20260821,039200,오스코텍,301.00,"11,693,850","11,046,700",1.73
463050,TIME K바이오액티브,20260821,476830,알지노믹스,341.00,"12,565,850","10,281,150",1.61
463050,TIME K바이오액티브,20260821,397030,에이프릴바이오,475.00,"10,093,750","9,424,000",1.48
463050,TIME K바이오액티브,20260821,458870,씨어스,401.00,"9,243,050","8,380,900",1.31
463050,TIME K바이오액티브,20260821,389470,인벤티지랩,276.00,"8,349,000","7,852,200",1.23
463050,TIME K바이오액티브,20260821,491000,리브스메드,201.00,"7,457,100","6,723,450",1.05
463050,TIME K바이오액티브,20260821,237690,에스티팜,66.00,"7,319,400","6,580,200",1.03
463050,TIME K바이오액티브,20260821,0009K0,에임드바이오,102.00,"2,697,900","2,499,000",0.39
463050,TIME K바이오액티브,20260821,174900,앱클론,83.00,"2,498,300","2,286,650",0.36
463050,TIME K바이오액티브,20260821,475960,토모큐브,60.00,"1,848,000","1,731,000",0.27
463050,TIME K바이오액티브,20260821,358570,지아이이노베이션,119.00,"1,031,730","907,970",0.14
463050,TIME K바이오액티브,20260821,007390,네이처셀,17.00,"397,800","403,750",0.06
463050,TIME K바이오액티브,20260821,KRD010010001,원화현금,-,-,"8,765,635",1.37
0162Y0,TIME 코스닥액티브,20260818,196170,알테오젠,83.00,"26,062,000","24,734,000",6.54
0162Y0,TIME 코스닥액티브,20260818,036930,주성엔지니어링,105.00,"18,669,000","18,826,500",4.98
0162Y0,TIME 코스닥액티브,20260818,119850,지엔씨에너지,341.00,"18,720,900","18,379,900",4.86
0162Y0,TIME 코스닥액티브,20260818,095610,테스,119.00,"17,552,500","17,017,000",4.50
0162Y0,TIME 코스닥액티브,20260818,222800,심텍,149.00,"16,196,300","16,524,100",4.37
0162Y0,TIME 코스닥액티브,20260818,277810,레인보우로보틱스,28.00,"14,028,000","13,160,000",3.48
0162Y0,TIME 코스닥액티브,20260818,058610,에스피지,119.00,"14,113,400","12,852,000",3.40
0162Y0,TIME 코스닥액티브,20260818,108490,로보티즈,39.00,"10,920,000","10,881,000",2.88
0162Y0,TIME 코스닥액티브,20260818,080220,제주반도체,137.00,"11,165,500","10,384,600",2.75
0162Y0,TIME 코스닥액티브,20260818,086520,에코프로,106.00,"9,921,600","9,232,600",2.44
0162Y0,TIME 코스닥액티브,20260818,403870,HPSP,202.00,"8,160,800","8,615,300",2.28
0162Y0,TIME 코스닥액티브,20260818,240810,원익IPS,69.00,"8,045,400","7,755,600",2.05
0162Y0,TIME 코스닥액티브,20260818,089970,브이엠,115.00,"7,843,000","7,670,500",2.03
0162Y0,TIME 코스닥액티브,20260818,420770,기가비스,59.00,"7,085,900","7,557,900",2.00
0162Y0,TIME 코스닥액티브,20260818,067310,하나마이크론,191.00,"6,990,600","7,487,200",1.98
0162Y0,TIME 코스닥액티브,20260818,095340,ISC,40.00,"6,452,000","6,684,000",1.77
0162Y0,TIME 코스닥액티브,20260818,084370,유진테크,49.00,"6,423,900","6,507,200",1.72
0162Y0,TIME 코스닥액티브,20260818,347700,스피어,249.00,"6,586,050","6,411,750",1.70
0162Y0,TIME 코스닥액티브,20260818,141080,리가켐바이오,59.00,"6,720,100","6,200,900",1.64
0162Y0,TIME 코스닥액티브,20260818,161580,필옵틱스,220.00,"6,567,000","6,171,000",1.63
0162Y0,TIME 코스닥액티브,20260818,440110,파두,89.00,"5,829,500","6,078,700",1.61
0162Y0,TIME 코스닥액티브,20260818,059090,미코,350.00,"6,772,500","5,992,000",1.59
0162Y0,TIME 코스닥액티브,20260818,131970,두산테스나,75.00,"6,300,000","5,902,500",1.56
0162Y0,TIME 코스닥액티브,20260818,064290,인텍플러스,153.00,"4,727,700","5,546,250",1.47
0162Y0,TIME 코스닥액티브,20260818,171090,선익시스템,80.00,"5,400,000","5,328,000",1.41
0162Y0,TIME 코스닥액티브,20260818,140860,파크시스템스,19.00,"5,310,500","5,310,500",1.40
0162Y0,TIME 코스닥액티브,20260818,031980,피에스케이홀딩스,47.00,"5,226,400","5,249,900",1.39
0162Y0,TIME 코스닥액티브,20260818,290650,엘앤씨바이오,99.00,"5,415,300","5,227,200",1.38
0162Y0,TIME 코스닥액티브,20260818,214450,파마리서치,13.00,"5,174,000","5,109,000",1.35
0162Y0,TIME 코스닥액티브,20260818,319660,피에스케이,37.00,"4,961,700","4,884,000",1.29
0162Y0,TIME 코스닥액티브,20260818,247540,에코프로비엠,44.00,"5,134,800","4,800,400",1.27
0162Y0,TIME 코스닥액티브,20260818,082920,비츠로셀,146.00,"4,628,200","4,460,300",1.18
0162Y0,TIME 코스닥액티브,20260818,078600,대주전자재료,50.00,"4,780,000","4,345,000",1.15
0162Y0,TIME 코스닥액티브,20260818,138080,오이솔루션,192.00,"4,531,200","4,281,600",1.13
0162Y0,TIME 코스닥액티브,20260818,356860,티엘비,122.00,"3,830,800","4,190,700",1.11
0162Y0,TIME 코스닥액티브,20260818,226950,올릭스,39.00,"4,368,000","4,153,500",1.10
0162Y0,TIME 코스닥액티브,20260818,131290,티에스이,15.00,"3,900,000","4,035,000",1.07
0162Y0,TIME 코스닥액티브,20260818,010170,대한광통신,308.00,"4,117,960","3,970,120",1.05
0162Y0,TIME 코스닥액티브,20260818,491000,리브스메드,100.00,"4,590,000","3,885,000",1.03
0162Y0,TIME 코스닥액티브,20260818,028300,HLB,88.00,"3,797,200","3,797,200",1.00
0162Y0,TIME 코스닥액티브,20260818,347850,디앤디파마텍,62.00,"3,806,800","3,583,600",0.95
0162Y0,TIME 코스닥액티브,20260818,100790,미래에셋벤처투자,221.00,"3,867,500","3,564,730",0.94
0162Y0,TIME 코스닥액티브,20260818,323280,태성,65.00,"3,510,000","3,360,500",0.89
0162Y0,TIME 코스닥액티브,20260818,417200,LS머트리얼즈,252.00,"3,129,840","2,955,960",0.78
0162Y0,TIME 코스닥액티브,20260818,476830,알지노믹스,80.00,"2,820,000","2,568,000",0.68
0162Y0,TIME 코스닥액티브,20260818,218410,RFHIC,50.00,"2,660,000","2,550,000",0.67
0162Y0,TIME 코스닥액티브,20260818,452280,한선엔지니어링,213.00,"2,609,250","2,445,240",0.65
0162Y0,TIME 코스닥액티브,20260818,089010,켐트로닉스,105.00,"2,457,000","2,383,500",0.63
0162Y0,TIME 코스닥액티브,20260818,257720,실리콘투,53.00,"2,271,050","2,358,500",0.62
0162Y0,TIME 코스닥액티브,20260818,099320,쎄트렉아이,30.00,"2,442,000","2,322,000",0.61
0162Y0,TIME 코스닥액티브,20260818,178320,서진시스템,62.00,"2,290,900","2,297,100",0.61
0162Y0,TIME 코스닥액티브,20260818,033640,네패스,120.00,"2,180,400","2,233,200",0.59
0162Y0,TIME 코스닥액티브,20260818,077360,덕산하이메탈,224.00,"2,219,840","2,208,640",0.58
0162Y0,TIME 코스닥액티브,20260818,189300,인텔리안테크,30.00,"2,370,000","2,097,000",0.55
0162Y0,TIME 코스닥액티브,20260818,448900,한국피아이엠,33.00,"2,395,800","2,013,000",0.53
0162Y0,TIME 코스닥액티브,20260818,298380,에이비엘바이오,25.00,"2,102,500","1,995,000",0.53
0162Y0,TIME 코스닥액티브,20260818,058470,리노공업,29.00,"2,053,200","1,966,200",0.52
0162Y0,TIME 코스닥액티브,20260818,327260,RF머트리얼즈,51.00,"1,728,900","1,792,650",0.47
0162Y0,TIME 코스닥액티브,20260818,080580,오킨스전자,97.00,"1,614,080","1,687,800",0.45
0162Y0,TIME 코스닥액티브,20260818,295310,에이치브이엠,32.00,"1,721,600","1,563,200",0.41
0162Y0,TIME 코스닥액티브,20260818,310210,보로노이,8.00,"1,437,600","1,396,000",0.37
0162Y0,TIME 코스닥액티브,20260818,393890,더블유씨피,144.00,"1,342,080","1,280,160",0.34
0162Y0,TIME 코스닥액티브,20260818,332570,PS일렉트로닉스,116.00,"1,222,640","1,119,400",0.30
0162Y0,TIME 코스닥액티브,20260818,0088M0,메쥬,77.00,"1,000,230","912,450",0.24
0162Y0,TIME 코스닥액티브,20260818,KRD010010001,원화현금,-,-,"5,762,607",1.52
0162Y0,TIME 코스닥액티브,20260819,196170,알테오젠,83.00,"24,734,000","25,190,500",6.75
0162Y0,TIME 코스닥액티브,20260819,119850,지엔씨에너지,341.00,"18,379,900","18,720,900",5.01
0162Y0,TIME 코스닥액티브,20260819,036930,주성엔지니어링,105.00,"18,826,500","18,018,000",4.83
0162Y0,TIME 코스닥액티브,20260819,095610,테스,119.00,"17,017,000","17,136,000",4.59
0162Y0,TIME 코스닥액티브,20260819,222800,심텍,149.00,"16,524,100","16,494,300",4.42
0162Y0,TIME 코스닥액티브,20260819,277810,레인보우로보틱스,28.00,"13,160,000","12,950,000",3.47
0162Y0,TIME 코스닥액티브,20260819,058610,에스피지,119.00,"12,852,000","12,078,500",3.24
0162Y0,TIME 코스닥액티브,20260819,108490,로보티즈,39.00,"10,881,000","10,413,000",2.79
0162Y0,TIME 코스닥액티브,20260819,080220,제주반도체,137.00,"10,384,600","10,083,200",2.70
0162Y0,TIME 코스닥액티브,20260819,403870,HPSP,202.00,"8,615,300","9,231,400",2.47
0162Y0,TIME 코스닥액티브,20260819,086520,에코프로,106.00,"9,232,600","9,137,200",2.45
0162Y0,TIME 코스닥액티브,20260819,420770,기가비스,59.00,"7,557,900","7,593,300",2.03
0162Y0,TIME 코스닥액티브,20260819,240810,원익IPS,69.00,"7,755,600","7,541,700",2.02
0162Y0,TIME 코스닥액티브,20260819,089970,브이엠,115.00,"7,670,500","7,256,500",1.94
0162Y0,TIME 코스닥액티브,20260819,095340,ISC,40.00,"6,684,000","7,092,000",1.90
0162Y0,TIME 코스닥액티브,20260819,067310,하나마이크론,191.00,"7,487,200","6,990,600",1.87
0162Y0,TIME 코스닥액티브,20260819,084370,유진테크,49.00,"6,507,200","6,374,900",1.71
0162Y0,TIME 코스닥액티브,20260819,347700,스피어,249.00,"6,411,750","6,249,900",1.67
0162Y0,TIME 코스닥액티브,20260819,141080,리가켐바이오,59.00,"6,200,900","6,159,600",1.65
0162Y0,TIME 코스닥액티브,20260819,059090,미코,350.00,"5,992,000","6,055,000",1.62
0162Y0,TIME 코스닥액티브,20260819,161580,필옵틱스,220.00,"6,171,000","5,984,000",1.60
0162Y0,TIME 코스닥액티브,20260819,131970,두산테스나,75.00,"5,902,500","5,722,500",1.53
0162Y0,TIME 코스닥액티브,20260819,440110,파두,89.00,"6,078,700","5,687,100",1.52
0162Y0,TIME 코스닥액티브,20260819,031980,피에스케이홀딩스,47.00,"5,249,900","5,273,400",1.41
0162Y0,TIME 코스닥액티브,20260819,064290,인텍플러스,153.00,"5,546,250","5,202,000",1.39
0162Y0,TIME 코스닥액티브,20260819,171090,선익시스템,80.00,"5,328,000","5,200,000",1.39
0162Y0,TIME 코스닥액티브,20260819,140860,파크시스템스,19.00,"5,310,500","5,168,000",1.38
0162Y0,TIME 코스닥액티브,20260819,290650,엘앤씨바이오,99.00,"5,227,200","5,128,200",1.37
0162Y0,TIME 코스닥액티브,20260819,214450,파마리서치,13.00,"5,109,000","5,083,000",1.36
0162Y0,TIME 코스닥액티브,20260819,082920,비츠로셀,146.00,"4,460,300","5,073,500",1.36
0162Y0,TIME 코스닥액티브,20260819,247540,에코프로비엠,44.00,"4,800,400","4,831,200",1.29
0162Y0,TIME 코스닥액티브,20260819,319660,피에스케이,37.00,"4,884,000","4,776,700",1.28
0162Y0,TIME 코스닥액티브,20260819,078600,대주전자재료,50.00,"4,345,000","4,360,000",1.17
0162Y0,TIME 코스닥액티브,20260819,138080,오이솔루션,192.00,"4,281,600","4,291,200",1.15
0162Y0,TIME 코스닥액티브,20260819,356860,티엘비,122.00,"4,190,700","4,129,700",1.11
0162Y0,TIME 코스닥액티브,20260819,226950,올릭스,39.00,"4,153,500","4,071,600",1.09
0162Y0,TIME 코스닥액티브,20260819,010170,대한광통신,308.00,"3,970,120","3,911,600",1.05
0162Y0,TIME 코스닥액티브,20260819,131290,티에스이,15.00,"4,035,000","3,840,000",1.03
0162Y0,TIME 코스닥액티브,20260819,491000,리브스메드,100.00,"3,885,000","3,825,000",1.02
0162Y0,TIME 코스닥액티브,20260819,028300,HLB,88.00,"3,797,200","3,704,800",0.99
0162Y0,TIME 코스닥액티브,20260819,347850,디앤디파마텍,62.00,"3,583,600","3,602,200",0.96
0162Y0,TIME 코스닥액티브,20260819,100790,미래에셋벤처투자,221.00,"3,564,730","3,412,240",0.91
0162Y0,TIME 코스닥액티브,20260819,323280,태성,65.00,"3,360,500","3,373,500",0.90
0162Y0,TIME 코스닥액티브,20260819,417200,LS머트리얼즈,252.00,"2,955,960","2,892,960",0.77
0162Y0,TIME 코스닥액티브,20260819,476830,알지노믹스,80.00,"2,568,000","2,528,000",0.68
0162Y0,TIME 코스닥액티브,20260819,218410,RFHIC,50.00,"2,550,000","2,477,500",0.66
0162Y0,TIME 코스닥액티브,20260819,257720,실리콘투,53.00,"2,358,500","2,400,900",0.64
0162Y0,TIME 코스닥액티브,20260819,178320,서진시스템,62.00,"2,297,100","2,371,500",0.64
0162Y0,TIME 코스닥액티브,20260819,089010,켐트로닉스,105.00,"2,383,500","2,320,500",0.62
0162Y0,TIME 코스닥액티브,20260819,099320,쎄트렉아이,30.00,"2,322,000","2,307,000",0.62
0162Y0,TIME 코스닥액티브,20260819,452280,한선엔지니어링,213.00,"2,445,240","2,281,230",0.61
0162Y0,TIME 코스닥액티브,20260819,077360,덕산하이메탈,224.00,"2,208,640","2,154,880",0.58
0162Y0,TIME 코스닥액티브,20260819,033640,네패스,120.00,"2,233,200","2,119,200",0.57
0162Y0,TIME 코스닥액티브,20260819,189300,인텔리안테크,30.00,"2,097,000","2,049,000",0.55
0162Y0,TIME 코스닥액티브,20260819,298380,에이비엘바이오,25.00,"1,995,000","1,992,500",0.53
0162Y0,TIME 코스닥액티브,20260819,058470,리노공업,29.00,"1,966,200","1,969,100",0.53
0162Y0,TIME 코스닥액티브,20260819,448900,한국피아이엠,33.00,"2,013,000","1,933,800",0.52
0162Y0,TIME 코스닥액티브,20260819,327260,RF머트리얼즈,51.00,"1,792,650","1,683,000",0.45
0162Y0,TIME 코스닥액티브,20260819,080580,오킨스전자,97.00,"1,687,800","1,681,010",0.45
0162Y0,TIME 코스닥액티브,20260819,295310,에이치브이엠,32.00,"1,563,200","1,512,000",0.40
0162Y0,TIME 코스닥액티브,20260819,310210,보로노이,8.00,"1,396,000","1,411,200",0.38
0162Y0,TIME 코스닥액티브,20260819,393890,더블유씨피,144.00,"1,280,160","1,283,040",0.34
0162Y0,TIME 코스닥액티브,20260819,332570,PS일렉트로닉스,116.00,"1,119,400","997,600",0.27
0162Y0,TIME 코스닥액티브,20260819,0088M0,메쥬,77.00,"912,450","900,900",0.24
0162Y0,TIME 코스닥액티브,20260819,KRD010010001,원화현금,-,-,"5,660,687",1.52
0162Y0,TIME 코스닥액티브,20260820,196170,알테오젠,83.00,"25,190,500","28,178,500",7.40
0162Y0,TIME 코스닥액티브,20260820,036930,주성엔지니어링,105.00,"18,018,000","18,616,500",4.89
0162Y0,TIME 코스닥액티브,20260820,222800,심텍,149.00,"16,494,300","17,120,100",4.49
0162Y0,TIME 코스닥액티브,20260820,119850,지엔씨에너지,341.00,"18,720,900","17,084,100",4.48
0162Y0,TIME 코스닥액티브,20260820,095610,테스,119.00,"17,136,000","16,921,800",4.44
0162Y0,TIME 코스닥액티브,20260820,277810,레인보우로보틱스,28.00,"12,950,000","13,202,000",3.47
0162Y0,TIME 코스닥액티브,20260820,058610,에스피지,119.00,"12,078,500","12,304,600",3.23
0162Y0,TIME 코스닥액티브,20260820,080220,제주반도체,137.00,"10,083,200","10,480,500",2.75
0162Y0,TIME 코스닥액티브,20260820,108490,로보티즈,39.00,"10,413,000","10,237,500",2.69
0162Y0,TIME 코스닥액티브,20260820,403870,HPSP,202.00,"9,231,400","9,696,000",2.54
0162Y0,TIME 코스닥액티브,20260820,086520,에코프로,106.00,"9,137,200","9,338,600",2.45
0162Y0,TIME 코스닥액티브,20260820,240810,원익IPS,69.00,"7,541,700","7,859,100",2.06
0162Y0,TIME 코스닥액티브,20260820,089970,브이엠,115.00,"7,256,500","7,210,500",1.89
0162Y0,TIME 코스닥액티브,20260820,420770,기가비스,59.00,"7,593,300","7,174,400",1.88
0162Y0,TIME 코스닥액티브,20260820,067310,하나마이크론,191.00,"6,990,600","7,047,900",1.85
0162Y0,TIME 코스닥액티브,20260820,095340,ISC,40.00,"7,092,000","6,748,000",1.77
0162Y0,TIME 코스닥액티브,20260820,084370,유진테크,49.00,"6,374,900","6,595,400",1.73
0162Y0,TIME 코스닥액티브,20260820,059090,미코,350.00,"6,055,000","6,503,000",1.71
0162Y0,TIME 코스닥액티브,20260820,347700,스피어,249.00,"6,249,900","6,411,750",1.68
0162Y0,TIME 코스닥액티브,20260820,141080,리가켐바이오,59.00,"6,159,600","6,389,700",1.68
0162Y0,TIME 코스닥액티브,20260820,131970,두산테스나,75.00,"5,722,500","6,157,500",1.62
0162Y0,TIME 코스닥액티브,20260820,161580,필옵틱스,220.00,"5,984,000","6,149,000",1.61
0162Y0,TIME 코스닥액티브,20260820,440110,파두,89.00,"5,687,100","5,865,100",1.54
0162Y0,TIME 코스닥액티브,20260820,064290,인텍플러스,153.00,"5,202,000","5,454,450",1.43
0162Y0,TIME 코스닥액티브,20260820,031980,피에스케이홀딩스,47.00,"5,273,400","5,423,800",1.42
0162Y0,TIME 코스닥액티브,20260820,214450,파마리서치,13.00,"5,083,000","5,375,500",1.41
0162Y0,TIME 코스닥액티브,20260820,171090,선익시스템,80.00,"5,200,000","5,368,000",1.41
0162Y0,TIME 코스닥액티브,20260820,290650,엘앤씨바이오,99.00,"5,128,200","5,276,700",1.38
0162Y0,TIME 코스닥액티브,20260820,140860,파크시스템스,19.00,"5,168,000","5,082,500",1.33
0162Y0,TIME 코스닥액티브,20260820,247540,에코프로비엠,44.00,"4,831,200","5,020,400",1.32
0162Y0,TIME 코스닥액티브,20260820,082920,비츠로셀,146.00,"5,073,500","5,000,500",1.31
0162Y0,TIME 코스닥액티브,20260820,319660,피에스케이,37.00,"4,776,700","4,813,700",1.26
0162Y0,TIME 코스닥액티브,20260820,138080,오이솔루션,192.00,"4,291,200","4,569,600",1.20
0162Y0,TIME 코스닥액티브,20260820,078600,대주전자재료,50.00,"4,360,000","4,365,000",1.15
0162Y0,TIME 코스닥액티브,20260820,226950,올릭스,39.00,"4,071,600","4,266,600",1.12
0162Y0,TIME 코스닥액티브,20260820,356860,티엘비,122.00,"4,129,700","4,221,200",1.11
0162Y0,TIME 코스닥액티브,20260820,010170,대한광통신,308.00,"3,911,600","3,896,200",1.02
0162Y0,TIME 코스닥액티브,20260820,491000,리브스메드,100.00,"3,825,000","3,710,000",0.97
0162Y0,TIME 코스닥액티브,20260820,131290,티에스이,15.00,"3,840,000","3,630,000",0.95
0162Y0,TIME 코스닥액티브,20260820,347850,디앤디파마텍,62.00,"3,602,200","3,583,600",0.94
0162Y0,TIME 코스닥액티브,20260820,028300,HLB,88.00,"3,704,800","3,511,200",0.92
0162Y0,TIME 코스닥액티브,20260820,100790,미래에셋벤처투자,221.00,"3,412,240","3,476,330",0.91
0162Y0,TIME 코스닥액티브,20260820,323280,태성,65.00,"3,373,500","3,451,500",0.91
0162Y0,TIME 코스닥액티브,20260820,417200,LS머트리얼즈,252.00,"2,892,960","2,953,440",0.78
0162Y0,TIME 코스닥액티브,20260820,476830,알지노믹스,80.00,"2,528,000","2,948,000",0.77
0162Y0,TIME 코스닥액티브,20260820,218410,RFHIC,50.00,"2,477,500","2,505,000",0.66
0162Y0,TIME 코스닥액티브,20260820,257720,실리콘투,53.00,"2,400,900","2,435,350",0.64
0162Y0,TIME 코스닥액티브,20260820,178320,서진시스템,62.00,"2,371,500","2,405,600",0.63
0162Y0,TIME 코스닥액티브,20260820,089010,켐트로닉스,105.00,"2,320,500","2,373,000",0.62
0162Y0,TIME 코스닥액티브,20260820,452280,한선엔지니어링,213.00,"2,281,230","2,308,920",0.61
0162Y0,TIME 코스닥액티브,20260820,033640,네패스,120.00,"2,119,200","2,293,200",0.60
0162Y0,TIME 코스닥액티브,20260820,099320,쎄트렉아이,30.00,"2,307,000","2,259,000",0.59
0162Y0,TIME 코스닥액티브,20260820,077360,덕산하이메탈,224.00,"2,154,880","2,181,760",0.57
0162Y0,TIME 코스닥액티브,20260820,298380,에이비엘바이오,25.00,"1,992,500","2,062,500",0.54
0162Y0,TIME 코스닥액티브,20260820,189300,인텔리안테크,30.00,"2,049,000","2,052,000",0.54
0162Y0,TIME 코스닥액티브,20260820,058470,리노공업,29.00,"1,969,100","2,015,500",0.53
0162Y0,TIME 코스닥액티브,20260820,448900,한국피아이엠,33.00,"1,933,800","1,910,700",0.50
0162Y0,TIME 코스닥액티브,20260820,327260,RF머트리얼즈,51.00,"1,683,000","1,797,750",0.47
0162Y0,TIME 코스닥액티브,20260820,080580,오킨스전자,97.00,"1,681,010","1,746,000",0.46
0162Y0,TIME 코스닥액티브,20260820,295310,에이치브이엠,32.00,"1,512,000","1,539,200",0.40
0162Y0,TIME 코스닥액티브,20260820,310210,보로노이,8.00,"1,411,200","1,380,000",0.36
0162Y0,TIME 코스닥액티브,20260820,393890,더블유씨피,144.00,"1,283,040","1,290,240",0.34
0162Y0,TIME 코스닥액티브,20260820,332570,PS일렉트로닉스,116.00,"997,600","1,107,800",0.29
0162Y0,TIME 코스닥액티브,20260820,0088M0,메쥬,77.00,"900,900","1,026,410",0.27
0162Y0,TIME 코스닥액티브,20260820,KRD010010001,원화현금,-,-,"5,621,024",1.48
0162Y0,TIME 코스닥액티브,20260821,196170,알테오젠,83.00,"28,178,500","26,560,000",7.45
0162Y0,TIME 코스닥액티브,20260821,036930,주성엔지니어링,105.00,"18,616,500","17,703,000",4.97
0162Y0,TIME 코스닥액티브,20260821,119850,지엔씨에너지,341.00,"17,084,100","16,453,250",4.62
0162Y0,TIME 코스닥액티브,20260821,095610,테스,119.00,"16,921,800","15,815,100",4.44
0162Y0,TIME 코스닥액티브,20260821,222800,심텍,149.00,"17,120,100","14,855,300",4.17
0162Y0,TIME 코스닥액티브,20260821,277810,레인보우로보틱스,28.00,"13,202,000","12,712,000",3.57
0162Y0,TIME 코스닥액티브,20260821,058610,에스피지,119.00,"12,304,600","11,364,500",3.19
0162Y0,TIME 코스닥액티브,20260821,080220,제주반도체,137.00,"10,480,500","10,069,500",2.83
0162Y0,TIME 코스닥액티브,20260821,108490,로보티즈,39.00,"10,237,500","9,906,000",2.78
0162Y0,TIME 코스닥액티브,20260821,403870,HPSP,202.00,"9,696,000","9,069,800",2.54
0162Y0,TIME 코스닥액티브,20260821,086520,에코프로,106.00,"9,338,600","8,660,200",2.43
0162Y0,TIME 코스닥액티브,20260821,240810,원익IPS,69.00,"7,859,100","7,445,100",2.09
0162Y0,TIME 코스닥액티브,20260821,067310,하나마이크론,191.00,"7,047,900","6,685,000",1.88
0162Y0,TIME 코스닥액티브,20260821,089970,브이엠,115.00,"7,210,500","6,681,500",1.87
0162Y0,TIME 코스닥액티브,20260821,084370,유진테크,49.00,"6,595,400","6,296,500",1.77
0162Y0,TIME 코스닥액티브,20260821,420770,기가비스,59.00,"7,174,400","6,212,700",1.74
0162Y0,TIME 코스닥액티브,20260821,095340,ISC,40.00,"6,748,000","6,172,000",1.73
0162Y0,TIME 코스닥액티브,20260821,059090,미코,350.00,"6,503,000","6,037,500",1.69
0162Y0,TIME 코스닥액티브,20260821,141080,리가켐바이오,59.00,"6,389,700","5,900,000",1.66
0162Y0,TIME 코스닥액티브,20260821,347700,스피어,249.00,"6,411,750","5,839,050",1.64
0162Y0,TIME 코스닥액티브,20260821,161580,필옵틱스,220.00,"6,149,000","5,808,000",1.63
0162Y0,TIME 코스닥액티브,20260821,131970,두산테스나,75.00,"6,157,500","5,767,500",1.62
0162Y0,TIME 코스닥액티브,20260821,440110,파두,89.00,"5,865,100","5,509,100",1.55
0162Y0,TIME 코스닥액티브,20260821,214450,파마리서치,13.00,"5,375,500","5,206,500",1.46
0162Y0,TIME 코스닥액티브,20260821,171090,선익시스템,80.00,"5,368,000","5,192,000",1.46
0162Y0,TIME 코스닥액티브,20260821,031980,피에스케이홀딩스,47.00,"5,423,800","5,052,500",1.42
0162Y0,TIME 코스닥액티브,20260821,290650,엘앤씨바이오,99.00,"5,276,700","5,049,000",1.42
0162Y0,TIME 코스닥액티브,20260821,140860,파크시스템스,19.00,"5,082,500","4,930,500",1.38
0162Y0,TIME 코스닥액티브,20260821,064290,인텍플러스,153.00,"5,454,450","4,911,300",1.38
0162Y0,TIME 코스닥액티브,20260821,247540,에코프로비엠,44.00,"5,020,400","4,646,400",1.30
0162Y0,TIME 코스닥액티브,20260821,319660,피에스케이,37.00,"4,813,700","4,521,400",1.27
0162Y0,TIME 코스닥액티브,20260821,138080,오이솔루션,192.00,"4,569,600","4,492,800",1.26
0162Y0,TIME 코스닥액티브,20260821,082920,비츠로셀,146.00,"5,000,500","4,453,000",1.25
0162Y0,TIME 코스닥액티브,20260821,078600,대주전자재료,50.00,"4,365,000","4,145,000",1.16
0162Y0,TIME 코스닥액티브,20260821,226950,올릭스,39.00,"4,266,600","3,825,900",1.07
0162Y0,TIME 코스닥액티브,20260821,356860,티엘비,122.00,"4,221,200","3,794,200",1.06
0162Y0,TIME 코스닥액티브,20260821,010170,대한광통신,308.00,"3,896,200","3,732,960",1.05
0162Y0,TIME 코스닥액티브,20260821,028300,HLB,88.00,"3,511,200","3,401,200",0.95
0162Y0,TIME 코스닥액티브,20260821,491000,리브스메드,100.00,"3,710,000","3,345,000",0.94
0162Y0,TIME 코스닥액티브,20260821,131290,티에스이,15.00,"3,630,000","3,330,000",0.93
0162Y0,TIME 코스닥액티브,20260821,347850,디앤디파마텍,62.00,"3,583,600","3,304,600",0.93
0162Y0,TIME 코스닥액티브,20260821,100790,미래에셋벤처투자,221.00,"3,476,330","3,204,500",0.90
0162Y0,TIME 코스닥액티브,20260821,323280,태성,65.00,"3,451,500","3,149,250",0.88
0162Y0,TIME 코스닥액티브,20260821,417200,LS머트리얼즈,252.00,"2,953,440","2,736,720",0.77
0162Y0,TIME 코스닥액티브,20260821,257720,실리콘투,53.00,"2,435,350","2,525,450",0.71
0162Y0,TIME 코스닥액티브,20260821,476830,알지노믹스,80.00,"2,948,000","2,412,000",0.68
0162Y0,TIME 코스닥액티브,20260821,218410,RFHIC,50.00,"2,505,000","2,357,500",0.66
0162Y0,TIME 코스닥액티브,20260821,089010,켐트로닉스,105.00,"2,373,000","2,262,750",0.63
0162Y0,TIME 코스닥액티브,20260821,178320,서진시스템,62.00,"2,405,600","2,247,500",0.63
0162Y0,TIME 코스닥액티브,20260821,033640,네패스,120.00,"2,293,200","2,186,400",0.61
0162Y0,TIME 코스닥액티브,20260821,452280,한선엔지니어링,213.00,"2,308,920","2,110,830",0.59
0162Y0,TIME 코스닥액티브,20260821,077360,덕산하이메탈,224.00,"2,181,760","2,094,400",0.59
0162Y0,TIME 코스닥액티브,20260821,099320,쎄트렉아이,30.00,"2,259,000","2,082,000",0.58
0162Y0,TIME 코스닥액티브,20260821,058470,리노공업,29.00,"2,015,500","1,905,300",0.53
0162Y0,TIME 코스닥액티브,20260821,189300,인텔리안테크,30.00,"2,052,000","1,887,000",0.53
0162Y0,TIME 코스닥액티브,20260821,298380,에이비엘바이오,25.00,"2,062,500","1,880,000",0.53
0162Y0,TIME 코스닥액티브,20260821,448900,한국피아이엠,33.00,"1,910,700","1,739,100",0.49
0162Y0,TIME 코스닥액티브,20260821,327260,RF머트리얼즈,51.00,"1,797,750","1,677,900",0.47
0162Y0,TIME 코스닥액티브,20260821,080580,오킨스전자,97.00,"1,746,000","1,619,900",0.45
0162Y0,TIME 코스닥액티브,20260821,295310,에이치브이엠,32.00,"1,539,200","1,432,000",0.40
0162Y0,TIME 코스닥액티브,20260821,393890,더블유씨피,144.00,"1,290,240","1,238,400",0.35
0162Y0,TIME 코스닥액티브,20260821,310210,보로노이,8.00,"1,380,000","1,216,800",0.34
0162Y0,TIME 코스닥액티브,20260821,332570,PS일렉트로닉스,116.00,"1,107,800","1,040,520",0.29
0162Y0,TIME 코스닥액티브,20260821,0088M0,메쥬,77.00,"1,026,410","927,850",0.26
0162Y0,TIME 코스닥액티브,20260821,KRD010010001,원화현금,-,-,"5,617,038",1.58
0163Y0,KoAct 코스닥액티브,20260818,095610,테스,201.00,"29,647,500","28,743,000",6.39
0163Y0,KoAct 코스닥액티브,20260818,058470,리노공업,398.00,"28,178,400","26,984,400",6.00
0163Y0,KoAct 코스닥액티브,20260818,196170,알테오젠,87.00,"27,318,000","25,926,000",5.77
0163Y0,KoAct 코스닥액티브,20260818,222800,심텍,184.00,"20,000,800","20,405,600",4.54
0163Y0,KoAct 코스닥액티브,20260818,356860,티엘비,526.00,"16,516,400","18,068,100",4.02
0163Y0,KoAct 코스닥액티브,20260818,043260,성호전자,787.00,"16,054,800","16,881,150",3.75
0163Y0,KoAct 코스닥액티브,20260818,031980,피에스케이홀딩스,143.00,"15,901,600","15,973,100",3.55
0163Y0,KoAct 코스닥액티브,20260818,108490,로보티즈,55.00,"15,400,000","15,345,000",3.41
0163Y0,KoAct 코스닥액티브,20260818,131290,티에스이,54.00,"14,040,000","14,526,000",3.23
0163Y0,KoAct 코스닥액티브,20260818,080220,제주반도체,171.00,"13,936,500","12,961,800",2.88
0163Y0,KoAct 코스닥액티브,20260818,214450,파마리서치,29.00,"11,542,000","11,397,000",2.53
0163Y0,KoAct 코스닥액티브,20260818,319660,피에스케이,76.00,"10,191,600","10,032,000",2.23
0163Y0,KoAct 코스닥액티브,20260818,005290,동진쎄미켐,216.00,"9,385,200","9,331,200",2.08
0163Y0,KoAct 코스닥액티브,20260818,298380,에이비엘바이오,105.00,"8,830,500","8,379,000",1.86
0163Y0,KoAct 코스닥액티브,20260818,006730,서부T&D,791.00,"8,004,920","8,360,870",1.86
0163Y0,KoAct 코스닥액티브,20260818,399720,가온칩스,175.00,"8,540,000","8,137,500",1.81
0163Y0,KoAct 코스닥액티브,20260818,166090,하나머티리얼즈,144.00,"8,395,200","8,136,000",1.81
0163Y0,KoAct 코스닥액티브,20260818,067310,하나마이크론,198.00,"7,246,800","7,761,600",1.73
0163Y0,KoAct 코스닥액티브,20260818,141080,리가켐바이오,69.00,"7,859,100","7,251,900",1.61
0163Y0,KoAct 코스닥액티브,20260818,170920,엘티씨,173.00,"6,617,250","6,556,700",1.46
0163Y0,KoAct 코스닥액티브,20260818,102710,이엔에프테크놀로지,131.00,"6,615,500","6,399,350",1.42
0163Y0,KoAct 코스닥액티브,20260818,119850,지엔씨에너지,116.00,"6,368,400","6,252,400",1.39
0163Y0,KoAct 코스닥액티브,20260818,078350,한양디지텍,272.00,"6,405,600","6,215,200",1.38
0163Y0,KoAct 코스닥액티브,20260818,115180,큐리언트,222.00,"5,683,200","5,472,300",1.22
0163Y0,KoAct 코스닥액티브,20260818,052400,코나아이,143.00,"5,712,850","5,383,950",1.20
0163Y0,KoAct 코스닥액티브,20260818,237690,에스티팜,50.00,"5,320,000","5,015,000",1.12
0163Y0,KoAct 코스닥액티브,20260818,420770,기가비스,39.00,"4,683,900","4,995,900",1.11
0163Y0,KoAct 코스닥액티브,20260818,218410,RFHIC,97.00,"5,160,400","4,947,000",1.10
0163Y0,KoAct 코스닥액티브,20260818,033640,네패스,252.00,"4,578,840","4,689,720",1.04
0163Y0,KoAct 코스닥액티브,20260818,039200,오스코텍,128.00,"4,787,200","4,684,800",1.04
0163Y0,KoAct 코스닥액티브,20260818,077360,덕산하이메탈,452.00,"4,479,320","4,456,720",0.99
0163Y0,KoAct 코스닥액티브,20260818,052710,아모텍,349.00,"4,683,580","4,303,170",0.96
0163Y0,KoAct 코스닥액티브,20260818,425420,티에프이,106.00,"3,959,100","4,081,000",0.91
0163Y0,KoAct 코스닥액티브,20260818,044490,태웅,132.00,"4,646,400","4,045,800",0.90
0163Y0,KoAct 코스닥액티브,20260818,252990,샘씨엔에스,263.00,"4,194,850","3,913,440",0.87
0163Y0,KoAct 코스닥액티브,20260818,058610,에스피지,35.00,"4,151,000","3,780,000",0.84
0163Y0,KoAct 코스닥액티브,20260818,226950,올릭스,35.00,"3,920,000","3,727,500",0.83
0163Y0,KoAct 코스닥액티브,20260818,178320,서진시스템,98.00,"3,621,100","3,630,900",0.81
0163Y0,KoAct 코스닥액티브,20260818,417840,저스템,253.00,"3,433,210","3,579,950",0.80
0163Y0,KoAct 코스닥액티브,20260818,095340,ISC,21.00,"3,387,300","3,509,100",0.78
0163Y0,KoAct 코스닥액티브,20260818,131970,두산테스나,41.00,"3,444,000","3,226,700",0.72
0163Y0,KoAct 코스닥액티브,20260818,456160,지투지바이오,70.00,"3,087,000","2,810,500",0.63
0163Y0,KoAct 코스닥액티브,20260818,0008Z0,에스엔시스,120.00,"2,964,000","2,802,000",0.62
0163Y0,KoAct 코스닥액티브,20260818,104830,원익머트리얼즈,78.00,"2,850,900","2,800,200",0.62
0163Y0,KoAct 코스닥액티브,20260818,213420,덕산네오룩스,80.00,"2,804,000","2,696,000",0.60
0163Y0,KoAct 코스닥액티브,20260818,078600,대주전자재료,31.00,"2,963,600","2,693,900",0.60
0163Y0,KoAct 코스닥액티브,20260818,003380,하림지주,244.00,"2,740,120","2,596,160",0.58
0163Y0,KoAct 코스닥액티브,20260818,036830,솔브레인홀딩스,65.00,"2,596,750","2,544,750",0.57
0163Y0,KoAct 코스닥액티브,20260818,107640,한중엔시에스,74.00,"2,841,600","2,530,800",0.56
0163Y0,KoAct 코스닥액티브,20260818,098460,고영,83.00,"2,685,050","2,514,900",0.56
0163Y0,KoAct 코스닥액티브,20260818,098070,한텍,96.00,"2,745,600","2,486,400",0.55
0163Y0,KoAct 코스닥액티브,20260818,440110,파두,36.00,"2,358,000","2,458,800",0.55
0163Y0,KoAct 코스닥액티브,20260818,277810,레인보우로보틱스,5.00,"2,505,000","2,350,000",0.52
0163Y0,KoAct 코스닥액티브,20260818,036930,주성엔지니어링,13.00,"2,311,400","2,330,900",0.52
0163Y0,KoAct 코스닥액티브,20260818,347850,디앤디파마텍,40.00,"2,456,000","2,312,000",0.51
0163Y0,KoAct 코스닥액티브,20260818,082920,비츠로셀,75.00,"2,377,500","2,291,250",0.51
0163Y0,KoAct 코스닥액티브,20260818,171090,선익시스템,34.00,"2,295,000","2,264,400",0.50
0163Y0,KoAct 코스닥액티브,20260818,251970,펌텍코리아,39.00,"2,067,000","2,145,000",0.48
0163Y0,KoAct 코스닥액티브,20260818,054210,이랜텍,251.00,"2,030,590","1,789,630",0.40
0163Y0,KoAct 코스닥액티브,20260818,448900,한국피아이엠,29.00,"2,105,400","1,769,000",0.39
0163Y0,KoAct 코스닥액티브,20260818,086520,에코프로,20.00,"1,872,000","1,742,000",0.39
0163Y0,KoAct 코스닥액티브,20260818,036620,감성코퍼레이션,440.00,"1,909,600","1,720,400",0.38
0163Y0,KoAct 코스닥액티브,20260818,031330,에스에이엠티,205.00,"2,029,500","1,660,500",0.37
0163Y0,KoAct 코스닥액티브,20260818,122870,와이지엔터테인먼트,37.00,"1,518,850","1,430,050",0.32
0163Y0,KoAct 코스닥액티브,20260818,476830,알지노믹스,42.00,"1,480,500","1,348,200",0.30
0163Y0,KoAct 코스닥액티브,20260818,475400,씨메스로보틱스,64.00,"1,379,200","1,292,800",0.29
0163Y0,KoAct 코스닥액티브,20260818,295310,에이치브이엠,24.00,"1,291,200","1,172,400",0.26
0163Y0,KoAct 코스닥액티브,20260818,126340,비나텍,15.00,"1,093,500","999,000",0.22
0163Y0,KoAct 코스닥액티브,20260818,189300,인텔리안테크,12.00,"948,000","838,800",0.19
0163Y0,KoAct 코스닥액티브,20260818,089890,코세스,31.00,"737,800","708,350",0.16
0163Y0,KoAct 코스닥액티브,20260818,KRD010010001,원화현금,-,-,"13,070,709",2.91
0163Y0,KoAct 코스닥액티브,20260819,095610,테스,201.00,"28,743,000","28,944,000",6.53
0163Y0,KoAct 코스닥액티브,20260819,058470,리노공업,398.00,"26,984,400","27,024,200",6.10
0163Y0,KoAct 코스닥액티브,20260819,196170,알테오젠,87.00,"25,926,000","26,404,500",5.96
0163Y0,KoAct 코스닥액티브,20260819,222800,심텍,184.00,"20,405,600","20,368,800",4.60
0163Y0,KoAct 코스닥액티브,20260819,356860,티엘비,526.00,"18,068,100","17,805,100",4.02
0163Y0,KoAct 코스닥액티브,20260819,031980,피에스케이홀딩스,143.00,"15,973,100","16,044,600",3.62
0163Y0,KoAct 코스닥액티브,20260819,043260,성호전자,787.00,"16,881,150","15,496,030",3.50
0163Y0,KoAct 코스닥액티브,20260819,108490,로보티즈,55.00,"15,345,000","14,685,000",3.31
0163Y0,KoAct 코스닥액티브,20260819,131290,티에스이,54.00,"14,526,000","13,824,000",3.12
0163Y0,KoAct 코스닥액티브,20260819,080220,제주반도체,171.00,"12,961,800","12,585,600",2.84
0163Y0,KoAct 코스닥액티브,20260819,214450,파마리서치,29.00,"11,397,000","11,339,000",2.56
0163Y0,KoAct 코스닥액티브,20260819,319660,피에스케이,76.00,"10,032,000","9,811,600",2.21
0163Y0,KoAct 코스닥액티브,20260819,005290,동진쎄미켐,216.00,"9,331,200","9,115,200",2.06
0163Y0,KoAct 코스닥액티브,20260819,298380,에이비엘바이오,105.00,"8,379,000","8,368,500",1.89
0163Y0,KoAct 코스닥액티브,20260819,006730,서부T&D,791.00,"8,360,870","8,099,840",1.83
0163Y0,KoAct 코스닥액티브,20260819,166090,하나머티리얼즈,144.00,"8,136,000","7,977,600",1.80
0163Y0,KoAct 코스닥액티브,20260819,399720,가온칩스,175.00,"8,137,500","7,796,250",1.76
0163Y0,KoAct 코스닥액티브,20260819,119850,지엔씨에너지,133.00,"7,168,700","7,301,700",1.65
0163Y0,KoAct 코스닥액티브,20260819,141080,리가켐바이오,69.00,"7,251,900","7,203,600",1.63
0163Y0,KoAct 코스닥액티브,20260819,170920,엘티씨,173.00,"6,556,700","6,253,950",1.41
0163Y0,KoAct 코스닥액티브,20260819,102710,이엔에프테크놀로지,131.00,"6,399,350","6,248,700",1.41
0163Y0,KoAct 코스닥액티브,20260819,078350,한양디지텍,272.00,"6,215,200","6,120,000",1.38
0163Y0,KoAct 코스닥액티브,20260819,067310,하나마이크론,165.00,"6,468,000","6,039,000",1.36
0163Y0,KoAct 코스닥액티브,20260819,115180,큐리언트,222.00,"5,472,300","5,605,500",1.27
0163Y0,KoAct 코스닥액티브,20260819,052400,코나아이,143.00,"5,383,950","5,569,850",1.26
0163Y0,KoAct 코스닥액티브,20260819,058610,에스피지,50.00,"5,400,000","5,075,000",1.15
0163Y0,KoAct 코스닥액티브,20260819,420770,기가비스,39.00,"4,995,900","5,019,300",1.13
0163Y0,KoAct 코스닥액티브,20260819,237690,에스티팜,50.00,"5,015,000","4,965,000",1.12
0163Y0,KoAct 코스닥액티브,20260819,039200,오스코텍,128.00,"4,684,800","4,876,800",1.10
0163Y0,KoAct 코스닥액티브,20260819,218410,RFHIC,97.00,"4,947,000","4,806,350",1.08
0163Y0,KoAct 코스닥액티브,20260819,052710,아모텍,385.00,"4,747,050","4,539,150",1.02
0163Y0,KoAct 코스닥액티브,20260819,425420,티에프이,118.00,"4,543,000","4,478,100",1.01
0163Y0,KoAct 코스닥액티브,20260819,033640,네패스,252.00,"4,689,720","4,450,320",1.00
0163Y0,KoAct 코스닥액티브,20260819,044490,태웅,132.00,"4,045,800","4,045,800",0.91
0163Y0,KoAct 코스닥액티브,20260819,131970,두산테스나,52.00,"4,092,400","3,967,600",0.90
0163Y0,KoAct 코스닥액티브,20260819,095340,ISC,21.00,"3,509,100","3,723,300",0.84
0163Y0,KoAct 코스닥액티브,20260819,226950,올릭스,35.00,"3,727,500","3,654,000",0.82
0163Y0,KoAct 코스닥액티브,20260819,417840,저스템,253.00,"3,579,950","3,263,700",0.74
0163Y0,KoAct 코스닥액티브,20260819,077360,덕산하이메탈,308.00,"3,036,880","2,962,960",0.67
0163Y0,KoAct 코스닥액티브,20260819,252990,샘씨엔에스,201.00,"2,990,880","2,884,350",0.65
0163Y0,KoAct 코스닥액티브,20260819,456160,지투지바이오,70.00,"2,810,500","2,873,500",0.65
0163Y0,KoAct 코스닥액티브,20260819,178320,서진시스템,74.00,"2,741,700","2,830,500",0.64
0163Y0,KoAct 코스닥액티브,20260819,104830,원익머트리얼즈,78.00,"2,800,200","2,718,300",0.61
0163Y0,KoAct 코스닥액티브,20260819,0008Z0,에스엔시스,120.00,"2,802,000","2,712,000",0.61
0163Y0,KoAct 코스닥액티브,20260819,078600,대주전자재료,31.00,"2,693,900","2,703,200",0.61
0163Y0,KoAct 코스닥액티브,20260819,213420,덕산네오룩스,80.00,"2,696,000","2,628,000",0.59
0163Y0,KoAct 코스닥액티브,20260819,082920,비츠로셀,75.00,"2,291,250","2,606,250",0.59
0163Y0,KoAct 코스닥액티브,20260819,003380,하림지주,244.00,"2,596,160","2,603,480",0.59
0163Y0,KoAct 코스닥액티브,20260819,036830,솔브레인홀딩스,65.00,"2,544,750","2,509,000",0.57
0163Y0,KoAct 코스닥액티브,20260819,098460,고영,83.00,"2,514,900","2,427,750",0.55
0163Y0,KoAct 코스닥액티브,20260819,098070,한텍,96.00,"2,486,400","2,366,400",0.53
0163Y0,KoAct 코스닥액티브,20260819,347850,디앤디파마텍,40.00,"2,312,000","2,324,000",0.52
0163Y0,KoAct 코스닥액티브,20260819,277810,레인보우로보틱스,5.00,"2,350,000","2,312,500",0.52
0163Y0,KoAct 코스닥액티브,20260819,440110,파두,36.00,"2,458,800","2,300,400",0.52
0163Y0,KoAct 코스닥액티브,20260819,036930,주성엔지니어링,13.00,"2,330,900","2,230,800",0.50
0163Y0,KoAct 코스닥액티브,20260819,171090,선익시스템,34.00,"2,264,400","2,210,000",0.50
0163Y0,KoAct 코스닥액티브,20260819,251970,펌텍코리아,39.00,"2,145,000","2,160,600",0.49
0163Y0,KoAct 코스닥액티브,20260819,036620,감성코퍼레이션,553.00,"2,162,230","2,142,875",0.48
0163Y0,KoAct 코스닥액티브,20260819,107640,한중엔시에스,62.00,"2,120,400","2,120,400",0.48
0163Y0,KoAct 코스닥액티브,20260819,054210,이랜텍,251.00,"1,789,630","1,762,020",0.40
0163Y0,KoAct 코스닥액티브,20260819,086520,에코프로,20.00,"1,742,000","1,724,000",0.39
0163Y0,KoAct 코스닥액티브,20260819,448900,한국피아이엠,29.00,"1,769,000","1,699,400",0.38
0163Y0,KoAct 코스닥액티브,20260819,031330,에스에이엠티,205.00,"1,660,500","1,574,400",0.36
0163Y0,KoAct 코스닥액티브,20260819,122870,와이지엔터테인먼트,37.00,"1,430,050","1,459,650",0.33
0163Y0,KoAct 코스닥액티브,20260819,476830,알지노믹스,42.00,"1,348,200","1,327,200",0.30
0163Y0,KoAct 코스닥액티브,20260819,475400,씨메스로보틱스,64.00,"1,292,800","1,278,080",0.29
0163Y0,KoAct 코스닥액티브,20260819,295310,에이치브이엠,24.00,"1,172,400","1,134,000",0.26
0163Y0,KoAct 코스닥액티브,20260819,126340,비나텍,15.00,"999,000","966,000",0.22
0163Y0,KoAct 코스닥액티브,20260819,189300,인텔리안테크,12.00,"838,800","819,600",0.18
0163Y0,KoAct 코스닥액티브,20260819,089890,코세스,31.00,"708,350","689,750",0.16
0163Y0,KoAct 코스닥액티브,20260819,KRD010010001,원화현금,-,-,"13,073,197",2.95
0163Y0,KoAct 코스닥액티브,20260820,196170,알테오젠,90.00,"27,315,000","30,555,000",6.75
0163Y0,KoAct 코스닥액티브,20260820,095610,테스,195.00,"28,080,000","27,729,000",6.13
0163Y0,KoAct 코스닥액티브,20260820,058470,리노공업,385.00,"26,141,500","26,757,500",5.91
0163Y0,KoAct 코스닥액티브,20260820,222800,심텍,184.00,"20,368,800","21,141,600",4.67
0163Y0,KoAct 코스닥액티브,20260820,356860,티엘비,526.00,"17,805,100","18,199,600",4.02
0163Y0,KoAct 코스닥액티브,20260820,031980,피에스케이홀딩스,143.00,"16,044,600","16,502,200",3.65
0163Y0,KoAct 코스닥액티브,20260820,043260,성호전자,787.00,"15,496,030","15,267,800",3.37
0163Y0,KoAct 코스닥액티브,20260820,108490,로보티즈,55.00,"14,685,000","14,437,500",3.19
0163Y0,KoAct 코스닥액티브,20260820,080220,제주반도체,171.00,"12,585,600","13,081,500",2.89
0163Y0,KoAct 코스닥액티브,20260820,131290,티에스이,54.00,"13,824,000","13,068,000",2.89
0163Y0,KoAct 코스닥액티브,20260820,214450,파마리서치,29.00,"11,339,000","11,991,500",2.65
0163Y0,KoAct 코스닥액티브,20260820,005290,동진쎄미켐,216.00,"9,115,200","9,331,200",2.06
0163Y0,KoAct 코스닥액티브,20260820,319660,피에스케이,69.00,"8,907,900","8,976,900",1.98
0163Y0,KoAct 코스닥액티브,20260820,298380,에이비엘바이오,105.00,"8,368,500","8,662,500",1.91
0163Y0,KoAct 코스닥액티브,20260820,399720,가온칩스,175.00,"7,796,250","8,251,250",1.82
0163Y0,KoAct 코스닥액티브,20260820,006730,서부T&D,791.00,"8,099,840","8,178,940",1.81
0163Y0,KoAct 코스닥액티브,20260820,166090,하나머티리얼즈,144.00,"7,977,600","8,035,200",1.78
0163Y0,KoAct 코스닥액티브,20260820,141080,리가켐바이오,69.00,"7,203,600","7,472,700",1.65
0163Y0,KoAct 코스닥액티브,20260820,115180,큐리언트,258.00,"6,514,500","6,720,900",1.49
0163Y0,KoAct 코스닥액티브,20260820,119850,지엔씨에너지,133.00,"7,301,700","6,663,300",1.47
0163Y0,KoAct 코스닥액티브,20260820,170920,엘티씨,173.00,"6,253,950","6,522,100",1.44
0163Y0,KoAct 코스닥액티브,20260820,102710,이엔에프테크놀로지,131.00,"6,248,700","6,222,500",1.37
0163Y0,KoAct 코스닥액티브,20260820,078350,한양디지텍,272.00,"6,120,000","6,174,400",1.36
0163Y0,KoAct 코스닥액티브,20260820,052400,코나아이,143.00,"5,569,850","5,791,500",1.28
0163Y0,KoAct 코스닥액티브,20260820,237690,에스티팜,50.00,"4,965,000","5,545,000",1.23
0163Y0,KoAct 코스닥액티브,20260820,058610,에스피지,50.00,"5,075,000","5,170,000",1.14
0163Y0,KoAct 코스닥액티브,20260820,039200,오스코텍,128.00,"4,876,800","4,972,800",1.10
0163Y0,KoAct 코스닥액티브,20260820,218410,RFHIC,97.00,"4,806,350","4,859,700",1.07
0163Y0,KoAct 코스닥액티브,20260820,033640,네패스,252.00,"4,450,320","4,815,720",1.06
0163Y0,KoAct 코스닥액티브,20260820,403870,HPSP,100.00,"4,570,000","4,800,000",1.06
0163Y0,KoAct 코스닥액티브,20260820,425420,티에프이,118.00,"4,478,100","4,790,800",1.06
0163Y0,KoAct 코스닥액티브,20260820,420770,기가비스,39.00,"5,019,300","4,742,400",1.05
0163Y0,KoAct 코스닥액티브,20260820,052710,아모텍,385.00,"4,539,150","4,620,000",1.02
0163Y0,KoAct 코스닥액티브,20260820,067310,하나마이크론,119.00,"4,355,400","4,391,100",0.97
0163Y0,KoAct 코스닥액티브,20260820,131970,두산테스나,52.00,"3,967,600","4,269,200",0.94
0163Y0,KoAct 코스닥액티브,20260820,044490,태웅,132.00,"4,045,800","3,979,800",0.88
0163Y0,KoAct 코스닥액티브,20260820,226950,올릭스,35.00,"3,654,000","3,829,000",0.85
0163Y0,KoAct 코스닥액티브,20260820,095340,ISC,21.00,"3,723,300","3,542,700",0.78
0163Y0,KoAct 코스닥액티브,20260820,003380,하림지주,287.00,"3,062,290","3,073,770",0.68
0163Y0,KoAct 코스닥액티브,20260820,178320,서진시스템,74.00,"2,830,500","2,871,200",0.63
0163Y0,KoAct 코스닥액티브,20260820,456160,지투지바이오,70.00,"2,873,500","2,866,500",0.63
0163Y0,KoAct 코스닥액티브,20260820,252990,샘씨엔에스,201.00,"2,884,350","2,791,890",0.62
0163Y0,KoAct 코스닥액티브,20260820,0008Z0,에스엔시스,120.00,"2,712,000","2,790,000",0.62
0163Y0,KoAct 코스닥액티브,20260820,104830,원익머트리얼즈,78.00,"2,718,300","2,655,900",0.59
0163Y0,KoAct 코스닥액티브,20260820,213420,덕산네오룩스,80.00,"2,628,000","2,652,000",0.59
0163Y0,KoAct 코스닥액티브,20260820,082920,비츠로셀,75.00,"2,606,250","2,568,750",0.57
0163Y0,KoAct 코스닥액티브,20260820,077360,덕산하이메탈,263.00,"2,530,060","2,561,620",0.57
0163Y0,KoAct 코스닥액티브,20260820,098460,고영,83.00,"2,427,750","2,481,700",0.55
0163Y0,KoAct 코스닥액티브,20260820,417840,저스템,187.00,"2,412,300","2,386,120",0.53
0163Y0,KoAct 코스닥액티브,20260820,098070,한텍,96.00,"2,366,400","2,376,000",0.53
0163Y0,KoAct 코스닥액티브,20260820,440110,파두,36.00,"2,300,400","2,372,400",0.52
0163Y0,KoAct 코스닥액티브,20260820,277810,레인보우로보틱스,5.00,"2,312,500","2,357,500",0.52
0163Y0,KoAct 코스닥액티브,20260820,347850,디앤디파마텍,40.00,"2,324,000","2,312,000",0.51
0163Y0,KoAct 코스닥액티브,20260820,036930,주성엔지니어링,13.00,"2,230,800","2,304,900",0.51
0163Y0,KoAct 코스닥액티브,20260820,171090,선익시스템,34.00,"2,210,000","2,281,400",0.50
0163Y0,KoAct 코스닥액티브,20260820,078600,대주전자재료,26.00,"2,267,200","2,269,800",0.50
0163Y0,KoAct 코스닥액티브,20260820,251970,펌텍코리아,39.00,"2,160,600","2,226,900",0.49
0163Y0,KoAct 코스닥액티브,20260820,036830,솔브레인홀딩스,57.00,"2,200,200","2,223,000",0.49
0163Y0,KoAct 코스닥액티브,20260820,036620,감성코퍼레이션,553.00,"2,142,875","2,173,290",0.48
0163Y0,KoAct 코스닥액티브,20260820,054210,이랜텍,251.00,"1,762,020","1,782,100",0.39
0163Y0,KoAct 코스닥액티브,20260820,086520,에코프로,20.00,"1,724,000","1,762,000",0.39
0163Y0,KoAct 코스닥액티브,20260820,107640,한중엔시에스,49.00,"1,675,800","1,754,200",0.39
0163Y0,KoAct 코스닥액티브,20260820,448900,한국피아이엠,29.00,"1,699,400","1,679,100",0.37
0163Y0,KoAct 코스닥액티브,20260820,031330,에스에이엠티,205.00,"1,574,400","1,668,700",0.37
0163Y0,KoAct 코스닥액티브,20260820,476830,알지노믹스,42.00,"1,327,200","1,547,700",0.34
0163Y0,KoAct 코스닥액티브,20260820,122870,와이지엔터테인먼트,37.00,"1,459,650","1,491,100",0.33
0163Y0,KoAct 코스닥액티브,20260820,475400,씨메스로보틱스,64.00,"1,278,080","1,265,920",0.28
0163Y0,KoAct 코스닥액티브,20260820,295310,에이치브이엠,24.00,"1,134,000","1,154,400",0.26
0163Y0,KoAct 코스닥액티브,20260820,126340,비나텍,15.00,"966,000","1,006,500",0.22
0163Y0,KoAct 코스닥액티브,20260820,189300,인텔리안테크,12.00,"819,600","820,800",0.18
0163Y0,KoAct 코스닥액티브,20260820,089890,코세스,31.00,"689,750","759,500",0.17
0163Y0,KoAct 코스닥액티브,20260820,KRD010010001,원화현금,-,-,"13,207,194",2.92
0163Y0,KoAct 코스닥액티브,20260821,196170,알테오젠,94.00,"31,913,000","30,080,000",7.03
0163Y0,KoAct 코스닥액티브,20260821,095610,테스,195.00,"27,729,000","25,915,500",6.06
0163Y0,KoAct 코스닥액티브,20260821,058470,리노공업,385.00,"26,757,500","25,294,500",5.92
0163Y0,KoAct 코스닥액티브,20260821,222800,심텍,180.00,"20,682,000","17,946,000",4.20
0163Y0,KoAct 코스닥액티브,20260821,356860,티엘비,526.00,"18,199,600","16,358,600",3.83
0163Y0,KoAct 코스닥액티브,20260821,031980,피에스케이홀딩스,143.00,"16,502,200","15,372,500",3.59
0163Y0,KoAct 코스닥액티브,20260821,043260,성호전자,764.00,"14,821,600","13,843,680",3.24
0163Y0,KoAct 코스닥액티브,20260821,108490,로보티즈,50.00,"13,125,000","12,700,000",2.97
0163Y0,KoAct 코스닥액티브,20260821,080220,제주반도체,171.00,"13,081,500","12,568,500",2.94
0163Y0,KoAct 코스닥액티브,20260821,131290,티에스이,54.00,"13,068,000","11,988,000",2.80
0163Y0,KoAct 코스닥액티브,20260821,183300,코미코,420.00,"9,156,000","11,634,000",2.72
0163Y0,KoAct 코스닥액티브,20260821,214450,파마리서치,29.00,"11,991,500","11,614,500",2.72
0163Y0,KoAct 코스닥액티브,20260821,005290,동진쎄미켐,216.00,"9,331,200","8,877,600",2.08
0163Y0,KoAct 코스닥액티브,20260821,319660,피에스케이,69.00,"8,976,900","8,431,800",1.97
0163Y0,KoAct 코스닥액티브,20260821,006730,서부T&D,791.00,"8,178,940","8,068,200",1.89
0163Y0,KoAct 코스닥액티브,20260821,298380,에이비엘바이오,105.00,"8,662,500","7,896,000",1.85
0163Y0,KoAct 코스닥액티브,20260821,399720,가온칩스,175.00,"8,251,250","7,875,000",1.84
0163Y0,KoAct 코스닥액티브,20260821,166090,하나머티리얼즈,144.00,"8,035,200","7,689,600",1.80
0163Y0,KoAct 코스닥액티브,20260821,141080,리가켐바이오,69.00,"7,472,700","6,900,000",1.61
0163Y0,KoAct 코스닥액티브,20260821,115180,큐리언트,276.00,"7,189,800","6,844,800",1.60
0163Y0,KoAct 코스닥액티브,20260821,403870,HPSP,149.00,"7,152,000","6,690,100",1.56
0163Y0,KoAct 코스닥액티브,20260821,119850,지엔씨에너지,133.00,"6,663,300","6,417,250",1.50
0163Y0,KoAct 코스닥액티브,20260821,237690,에스티팜,59.00,"6,543,100","5,882,300",1.38
0163Y0,KoAct 코스닥액티브,20260821,102710,이엔에프테크놀로지,131.00,"6,222,500","5,868,800",1.37
0163Y0,KoAct 코스닥액티브,20260821,078350,한양디지텍,272.00,"6,174,400","5,793,600",1.35
0163Y0,KoAct 코스닥액티브,20260821,170920,엘티씨,161.00,"6,069,700","5,755,750",1.35
0163Y0,KoAct 코스닥액티브,20260821,052400,코나아이,143.00,"5,791,500","5,634,200",1.32
0163Y0,KoAct 코스닥액티브,20260821,425420,티에프이,118.00,"4,790,800","4,814,400",1.13
0163Y0,KoAct 코스닥액티브,20260821,058610,에스피지,50.00,"5,170,000","4,775,000",1.12
0163Y0,KoAct 코스닥액티브,20260821,039200,오스코텍,128.00,"4,972,800","4,697,600",1.10
0163Y0,KoAct 코스닥액티브,20260821,033640,네패스,252.00,"4,815,720","4,591,440",1.07
0163Y0,KoAct 코스닥액티브,20260821,218410,RFHIC,97.00,"4,859,700","4,573,550",1.07
0163Y0,KoAct 코스닥액티브,20260821,052710,아모텍,385.00,"4,620,000","4,319,700",1.01
0163Y0,KoAct 코스닥액티브,20260821,067310,하나마이크론,119.00,"4,391,100","4,165,000",0.97
0163Y0,KoAct 코스닥액티브,20260821,420770,기가비스,39.00,"4,742,400","4,106,700",0.96
0163Y0,KoAct 코스닥액티브,20260821,131970,두산테스나,52.00,"4,269,200","3,998,800",0.94
0163Y0,KoAct 코스닥액티브,20260821,044490,태웅,132.00,"3,979,800","3,715,800",0.87
0163Y0,KoAct 코스닥액티브,20260821,226950,올릭스,35.00,"3,829,000","3,433,500",0.80
0163Y0,KoAct 코스닥액티브,20260821,095340,ISC,21.00,"3,542,700","3,240,300",0.76
0163Y0,KoAct 코스닥액티브,20260821,003380,하림지주,287.00,"3,073,770","3,036,460",0.71
0163Y0,KoAct 코스닥액티브,20260821,178320,서진시스템,74.00,"2,871,200","2,682,500",0.63
0163Y0,KoAct 코스닥액티브,20260821,0008Z0,에스엔시스,120.00,"2,790,000","2,646,000",0.62
0163Y0,KoAct 코스닥액티브,20260821,456160,지투지바이오,70.00,"2,866,500","2,618,000",0.61
0163Y0,KoAct 코스닥액티브,20260821,104830,원익머트리얼즈,78.00,"2,655,900","2,566,200",0.60
0163Y0,KoAct 코스닥액티브,20260821,213420,덕산네오룩스,80.00,"2,652,000","2,548,000",0.60
0163Y0,KoAct 코스닥액티브,20260821,098460,고영,83.00,"2,481,700","2,348,900",0.55
0163Y0,KoAct 코스닥액티브,20260821,251970,펌텍코리아,39.00,"2,226,900","2,332,200",0.55
0163Y0,KoAct 코스닥액티브,20260821,082920,비츠로셀,75.00,"2,568,750","2,287,500",0.53
0163Y0,KoAct 코스닥액티브,20260821,098070,한텍,96.00,"2,376,000","2,270,400",0.53
0163Y0,KoAct 코스닥액티브,20260821,277810,레인보우로보틱스,5.00,"2,357,500","2,270,000",0.53
0163Y0,KoAct 코스닥액티브,20260821,440110,파두,36.00,"2,372,400","2,228,400",0.52
0163Y0,KoAct 코스닥액티브,20260821,171090,선익시스템,34.00,"2,281,400","2,206,600",0.52
0163Y0,KoAct 코스닥액티브,20260821,036930,주성엔지니어링,13.00,"2,304,900","2,191,800",0.51
0163Y0,KoAct 코스닥액티브,20260821,252990,샘씨엔에스,170.00,"2,361,300","2,189,600",0.51
0163Y0,KoAct 코스닥액티브,20260821,036830,솔브레인홀딩스,57.00,"2,223,000","2,163,150",0.51
0163Y0,KoAct 코스닥액티브,20260821,078600,대주전자재료,26.00,"2,269,800","2,155,400",0.50
0163Y0,KoAct 코스닥액티브,20260821,347850,디앤디파마텍,40.00,"2,312,000","2,132,000",0.50
0163Y0,KoAct 코스닥액티브,20260821,036620,감성코퍼레이션,553.00,"2,173,290","2,109,695",0.49
0163Y0,KoAct 코스닥액티브,20260821,417840,저스템,152.00,"1,939,520","1,801,200",0.42
0163Y0,KoAct 코스닥액티브,20260821,054210,이랜텍,251.00,"1,782,100","1,711,820",0.40
0163Y0,KoAct 코스닥액티브,20260821,476830,알지노믹스,56.00,"2,063,600","1,688,400",0.39
0163Y0,KoAct 코스닥액티브,20260821,086520,에코프로,20.00,"1,762,000","1,634,000",0.38
0163Y0,KoAct 코스닥액티브,20260821,031330,에스에이엠티,205.00,"1,668,700","1,609,250",0.38
0163Y0,KoAct 코스닥액티브,20260821,077360,덕산하이메탈,169.00,"1,646,060","1,580,150",0.37
0163Y0,KoAct 코스닥액티브,20260821,448900,한국피아이엠,29.00,"1,679,100","1,528,300",0.36
0163Y0,KoAct 코스닥액티브,20260821,122870,와이지엔터테인먼트,37.00,"1,491,100","1,446,700",0.34
0163Y0,KoAct 코스닥액티브,20260821,107640,한중엔시에스,36.00,"1,288,800","1,171,800",0.27
0163Y0,KoAct 코스닥액티브,20260821,295310,에이치브이엠,24.00,"1,154,400","1,074,000",0.25
0163Y0,KoAct 코스닥액티브,20260821,475400,씨메스로보틱스,53.00,"1,048,340","972,020",0.23
0163Y0,KoAct 코스닥액티브,20260821,126340,비나텍,15.00,"1,006,500","931,500",0.22
0163Y0,KoAct 코스닥액티브,20260821,189300,인텔리안테크,12.00,"820,800","754,800",0.18
0163Y0,KoAct 코스닥액티브,20260821,089890,코세스,19.00,"465,500","418,950",0.10
0163Y0,KoAct 코스닥액티브,20260821,KRD010010001,원화현금,-,-,"3,943,939",0.92
0204S0,TIGER 코스닥액티브,20260818,131290,티에스이,15.00,"3,900,000","4,035,000",5.83
0204S0,TIGER 코스닥액티브,20260818,095340,ISC,17.00,"2,742,100","2,840,700",4.10
0204S0,TIGER 코스닥액티브,20260818,031980,피에스케이홀딩스,25.00,"2,780,000","2,792,500",4.04
0204S0,TIGER 코스닥액티브,20260818,080220,제주반도체,34.00,"2,771,000","2,577,200",3.72
0204S0,TIGER 코스닥액티브,20260818,089970,브이엠,36.00,"2,455,200","2,401,200",3.47
0204S0,TIGER 코스닥액티브,20260818,252990,샘씨엔에스,157.00,"2,504,150","2,336,160",3.38
0204S0,TIGER 코스닥액티브,20260818,170920,엘티씨,61.00,"2,333,250","2,311,900",3.34
0204S0,TIGER 코스닥액티브,20260818,214450,파마리서치,5.00,"1,990,000","1,965,000",2.84
0204S0,TIGER 코스닥액티브,20260818,204620,글로벌텍스프리,341.00,"1,790,250","1,715,230",2.48
0204S0,TIGER 코스닥액티브,20260818,119850,지엔씨에너지,31.00,"1,701,900","1,670,900",2.41
0204S0,TIGER 코스닥액티브,20260818,033160,엠케이전자,106.00,"1,674,800","1,661,020",2.40
0204S0,TIGER 코스닥액티브,20260818,388210,씨엠티엑스,21.00,"1,696,800","1,612,800",2.33
0204S0,TIGER 코스닥액티브,20260818,095610,테스,11.00,"1,622,500","1,573,000",2.27
0204S0,TIGER 코스닥액티브,20260818,222800,심텍,14.00,"1,521,800","1,552,600",2.24
0204S0,TIGER 코스닥액티브,20260818,476830,알지노믹스,47.00,"1,656,750","1,508,700",2.18
0204S0,TIGER 코스닥액티브,20260818,043260,성호전자,70.00,"1,428,000","1,501,500",2.17
0204S0,TIGER 코스닥액티브,20260818,251970,펌텍코리아,26.00,"1,378,000","1,430,000",2.07
0204S0,TIGER 코스닥액티브,20260818,085910,네오티스,71.00,"1,309,950","1,335,510",1.93
0204S0,TIGER 코스닥액티브,20260818,189300,인텔리안테크,19.00,"1,501,000","1,328,100",1.92
0204S0,TIGER 코스닥액티브,20260818,123330,제닉,45.00,"1,228,500","1,282,500",1.85
0204S0,TIGER 코스닥액티브,20260818,160980,싸이맥스,41.00,"1,377,600","1,240,250",1.79
0204S0,TIGER 코스닥액티브,20260818,006730,서부T&D,104.00,"1,052,480","1,099,280",1.59
0204S0,TIGER 코스닥액티브,20260818,356860,티엘비,30.00,"942,000","1,030,500",1.49
0204S0,TIGER 코스닥액티브,20260818,159010,아스플로,45.00,"1,048,500","1,028,250",1.49
0204S0,TIGER 코스닥액티브,20260818,218410,RFHIC,20.00,"1,064,000","1,020,000",1.47
0204S0,TIGER 코스닥액티브,20260818,241710,코스메카코리아,8.00,"1,017,600","983,200",1.42
0204S0,TIGER 코스닥액티브,20260818,213420,덕산네오룩스,29.00,"1,016,450","977,300",1.41
0204S0,TIGER 코스닥액티브,20260818,083650,비에이치아이,16.00,"980,800","942,400",1.36
0204S0,TIGER 코스닥액티브,20260818,389260,대명에너지,67.00,"976,860","929,290",1.34
0204S0,TIGER 코스닥액티브,20260818,295310,에이치브이엠,17.00,"914,600","830,450",1.20
0204S0,TIGER 코스닥액티브,20260818,382800,지앤비에스 에코,140.00,"879,200","823,200",1.19
0204S0,TIGER 코스닥액티브,20260818,064290,인텍플러스,21.00,"648,900","761,250",1.10
0204S0,TIGER 코스닥액티브,20260818,080580,오킨스전자,43.00,"715,520","748,200",1.08
0204S0,TIGER 코스닥액티브,20260818,141080,리가켐바이오,7.00,"797,300","735,700",1.06
0204S0,TIGER 코스닥액티브,20260818,144960,뉴파워프라즈마,64.00,"714,880","706,560",1.02
0204S0,TIGER 코스닥액티브,20260818,064760,티씨케이,3.00,"732,000","696,000",1.01
0204S0,TIGER 코스닥액티브,20260818,484590,삼양컴텍,106.00,"710,200","691,120",1.00
0204S0,TIGER 코스닥액티브,20260818,397030,에이프릴바이오,25.00,"707,500","658,750",0.95
0204S0,TIGER 코스닥액티브,20260818,420770,기가비스,5.00,"600,500","640,500",0.93
0204S0,TIGER 코스닥액티브,20260818,226950,올릭스,6.00,"672,000","639,000",0.92
0204S0,TIGER 코스닥액티브,20260818,298380,에이비엘바이오,8.00,"672,800","638,400",0.92
0204S0,TIGER 코스닥액티브,20260818,196170,알테오젠,2.00,"628,000","596,000",0.86
0204S0,TIGER 코스닥액티브,20260818,014620,성광벤드,24.00,"625,200","590,400",0.85
0204S0,TIGER 코스닥액티브,20260818,108490,로보티즈,2.00,"560,000","558,000",0.81
0204S0,TIGER 코스닥액티브,20260818,131970,두산테스나,7.00,"588,000","550,900",0.80
0204S0,TIGER 코스닥액티브,20260818,319660,피에스케이,4.00,"536,400","528,000",0.76
0204S0,TIGER 코스닥액티브,20260818,194700,노바렉스,43.00,"626,080","516,430",0.75
0204S0,TIGER 코스닥액티브,20260818,098460,고영,17.00,"549,950","515,100",0.74
0204S0,TIGER 코스닥액티브,20260818,187790,나노,153.00,"498,780","487,305",0.70
0204S0,TIGER 코스닥액티브,20260818,077360,덕산하이메탈,49.00,"485,590","483,140",0.70
0204S0,TIGER 코스닥액티브,20260818,417840,저스템,31.00,"420,670","438,650",0.63
0204S0,TIGER 코스닥액티브,20260818,468530,프로티나,13.00,"488,800","417,300",0.60
0204S0,TIGER 코스닥액티브,20260818,039830,오로라,22.00,"507,100","374,440",0.54
0204S0,TIGER 코스닥액티브,20260818,236200,슈프리마,6.00,"363,000","342,600",0.50
0204S0,TIGER 코스닥액티브,20260818,092460,한라IMS,18.00,"333,000","322,560",0.47
0204S0,TIGER 코스닥액티브,20260818,082920,비츠로셀,10.00,"317,000","305,500",0.44
0204S0,TIGER 코스닥액티브,20260818,355150,코스텍시스,15.00,"312,000","298,950",0.43
0204S0,TIGER 코스닥액티브,20260818,440110,파두,4.00,"262,000","273,200",0.39
0204S0,TIGER 코스닥액티브,20260818,078600,대주전자재료,3.00,"286,800","260,700",0.38
0204S0,TIGER 코스닥액티브,20260818,032190,다우데이타,12.00,"246,000","238,680",0.34
0204S0,TIGER 코스닥액티브,20260818,347850,디앤디파마텍,4.00,"245,600","231,200",0.33
0204S0,TIGER 코스닥액티브,20260818,290650,엘앤씨바이오,4.00,"218,800","211,200",0.31
0204S0,TIGER 코스닥액티브,20260818,KRD010010001,원화현금,-,-,"3,410,876",4.93
0204S0,TIGER 코스닥액티브,20260819,131290,티에스이,15.00,"4,035,000","3,840,000",5.65
0204S0,TIGER 코스닥액티브,20260819,095340,ISC,19.00,"3,174,900","3,368,700",4.95
0204S0,TIGER 코스닥액티브,20260819,031980,피에스케이홀딩스,25.00,"2,792,500","2,805,000",4.13
0204S0,TIGER 코스닥액티브,20260819,089970,브이엠,36.00,"2,401,200","2,271,600",3.34
0204S0,TIGER 코스닥액티브,20260819,252990,샘씨엔에스,157.00,"2,336,160","2,252,950",3.31
0204S0,TIGER 코스닥액티브,20260819,170920,엘티씨,61.00,"2,311,900","2,205,150",3.24
0204S0,TIGER 코스닥액티브,20260819,064290,인텍플러스,62.00,"2,247,500","2,108,000",3.10
0204S0,TIGER 코스닥액티브,20260819,222800,심텍,19.00,"2,107,100","2,103,300",3.09
0204S0,TIGER 코스닥액티브,20260819,119850,지엔씨에너지,31.00,"1,670,900","1,701,900",2.50
0204S0,TIGER 코스닥액티브,20260819,080220,제주반도체,23.00,"1,743,400","1,692,800",2.49
0204S0,TIGER 코스닥액티브,20260819,204620,글로벌텍스프리,341.00,"1,715,230","1,670,900",2.46
0204S0,TIGER 코스닥액티브,20260819,033160,엠케이전자,106.00,"1,661,020","1,612,260",2.37
0204S0,TIGER 코스닥액티브,20260819,095610,테스,11.00,"1,573,000","1,584,000",2.33
0204S0,TIGER 코스닥액티브,20260819,214450,파마리서치,4.00,"1,572,000","1,564,000",2.30
0204S0,TIGER 코스닥액티브,20260819,388210,씨엠티엑스,21.00,"1,612,800","1,549,800",2.28
0204S0,TIGER 코스닥액티브,20260819,251970,펌텍코리아,26.00,"1,430,000","1,440,400",2.12
0204S0,TIGER 코스닥액티브,20260819,043260,성호전자,70.00,"1,501,500","1,378,300",2.03
0204S0,TIGER 코스닥액티브,20260819,080580,오킨스전자,77.00,"1,339,800","1,334,410",1.96
0204S0,TIGER 코스닥액티브,20260819,189300,인텔리안테크,19.00,"1,328,100","1,297,700",1.91
0204S0,TIGER 코스닥액티브,20260819,085910,네오티스,71.00,"1,335,510","1,279,420",1.88
0204S0,TIGER 코스닥액티브,20260819,123330,제닉,45.00,"1,282,500","1,264,500",1.86
0204S0,TIGER 코스닥액티브,20260819,160980,싸이맥스,41.00,"1,240,250","1,189,000",1.75
0204S0,TIGER 코스닥액티브,20260819,476830,알지노믹스,36.00,"1,155,600","1,137,600",1.67
0204S0,TIGER 코스닥액티브,20260819,006730,서부T&D,104.00,"1,099,280","1,064,960",1.57
0204S0,TIGER 코스닥액티브,20260819,159010,아스플로,45.00,"1,028,250","1,019,250",1.50
0204S0,TIGER 코스닥액티브,20260819,356860,티엘비,30.00,"1,030,500","1,015,500",1.49
0204S0,TIGER 코스닥액티브,20260819,218410,RFHIC,20.00,"1,020,000","991,000",1.46
0204S0,TIGER 코스닥액티브,20260819,241710,코스메카코리아,8.00,"983,200","988,800",1.45
0204S0,TIGER 코스닥액티브,20260819,083650,비에이치아이,16.00,"942,400","969,600",1.43
0204S0,TIGER 코스닥액티브,20260819,213420,덕산네오룩스,29.00,"977,300","952,650",1.40
0204S0,TIGER 코스닥액티브,20260819,389260,대명에너지,67.00,"929,290","903,160",1.33
0204S0,TIGER 코스닥액티브,20260819,295310,에이치브이엠,17.00,"830,450","803,250",1.18
0204S0,TIGER 코스닥액티브,20260819,382800,지앤비에스 에코,140.00,"823,200","772,800",1.14
0204S0,TIGER 코스닥액티브,20260819,141080,리가켐바이오,7.00,"735,700","730,800",1.07
0204S0,TIGER 코스닥액티브,20260819,064760,티씨케이,3.00,"696,000","694,500",1.02
0204S0,TIGER 코스닥액티브,20260819,036540,SFA반도체,118.00,"706,820","674,960",0.99
0204S0,TIGER 코스닥액티브,20260819,144960,뉴파워프라즈마,64.00,"706,560","673,280",0.99
0204S0,TIGER 코스닥액티브,20260819,484590,삼양컴텍,106.00,"691,120","666,740",0.98
0204S0,TIGER 코스닥액티브,20260819,397030,에이프릴바이오,25.00,"658,750","657,500",0.97
0204S0,TIGER 코스닥액티브,20260819,420770,기가비스,5.00,"640,500","643,500",0.95
0204S0,TIGER 코스닥액티브,20260819,298380,에이비엘바이오,8.00,"638,400","637,600",0.94
0204S0,TIGER 코스닥액티브,20260819,226950,올릭스,6.00,"639,000","626,400",0.92
0204S0,TIGER 코스닥액티브,20260819,196170,알테오젠,2.00,"596,000","607,000",0.89
0204S0,TIGER 코스닥액티브,20260819,131970,두산테스나,7.00,"550,900","534,100",0.79
0204S0,TIGER 코스닥액티브,20260819,108490,로보티즈,2.00,"558,000","534,000",0.79
0204S0,TIGER 코스닥액티브,20260819,319660,피에스케이,4.00,"528,000","516,400",0.76
0204S0,TIGER 코스닥액티브,20260819,187790,나노,153.00,"487,305","501,840",0.74
0204S0,TIGER 코스닥액티브,20260819,098460,고영,17.00,"515,100","497,250",0.73
0204S0,TIGER 코스닥액티브,20260819,077360,덕산하이메탈,49.00,"483,140","471,380",0.69
0204S0,TIGER 코스닥액티브,20260819,417840,저스템,31.00,"438,650","399,900",0.59
0204S0,TIGER 코스닥액티브,20260819,082920,비츠로셀,10.00,"305,500","347,500",0.51
0204S0,TIGER 코스닥액티브,20260819,236200,슈프리마,6.00,"342,600","347,400",0.51
0204S0,TIGER 코스닥액티브,20260819,014620,성광벤드,14.00,"344,400","334,600",0.49
0204S0,TIGER 코스닥액티브,20260819,092460,한라IMS,18.00,"322,560","321,300",0.47
0204S0,TIGER 코스닥액티브,20260819,355150,코스텍시스,15.00,"298,950","291,900",0.43
0204S0,TIGER 코스닥액티브,20260819,078600,대주전자재료,3.00,"260,700","261,600",0.38
0204S0,TIGER 코스닥액티브,20260819,440110,파두,4.00,"273,200","255,600",0.38
0204S0,TIGER 코스닥액티브,20260819,347850,디앤디파마텍,4.00,"231,200","232,400",0.34
0204S0,TIGER 코스닥액티브,20260819,032190,다우데이타,12.00,"238,680","230,040",0.34
0204S0,TIGER 코스닥액티브,20260819,290650,엘앤씨바이오,4.00,"211,200","207,200",0.30
0204S0,TIGER 코스닥액티브,20260819,KRD010010001,원화현금,-,-,"2,963,814",4.36
0204S0,TIGER 코스닥액티브,20260820,131290,티에스이,15.00,"3,840,000","3,630,000",5.31
0204S0,TIGER 코스닥액티브,20260820,095340,ISC,19.00,"3,368,700","3,205,300",4.69
0204S0,TIGER 코스닥액티브,20260820,031980,피에스케이홀딩스,25.00,"2,805,000","2,885,000",4.22
0204S0,TIGER 코스닥액티브,20260820,222800,심텍,24.00,"2,656,800","2,757,600",4.03
0204S0,TIGER 코스닥액티브,20260820,170920,엘티씨,61.00,"2,205,150","2,299,700",3.36
0204S0,TIGER 코스닥액티브,20260820,089970,브이엠,36.00,"2,271,600","2,257,200",3.30
0204S0,TIGER 코스닥액티브,20260820,064290,인텍플러스,62.00,"2,108,000","2,210,300",3.23
0204S0,TIGER 코스닥액티브,20260820,252990,샘씨엔에스,157.00,"2,252,950","2,180,730",3.19
0204S0,TIGER 코스닥액티브,20260820,251970,펌텍코리아,31.00,"1,717,400","1,770,100",2.59
0204S0,TIGER 코스닥액티브,20260820,080220,제주반도체,23.00,"1,692,800","1,759,500",2.57
0204S0,TIGER 코스닥액티브,20260820,204620,글로벌텍스프리,341.00,"1,670,900","1,676,015",2.45
0204S0,TIGER 코스닥액티브,20260820,214450,파마리서치,4.00,"1,564,000","1,654,000",2.42
0204S0,TIGER 코스닥액티브,20260820,033160,엠케이전자,106.00,"1,612,260","1,584,700",2.32
0204S0,TIGER 코스닥액티브,20260820,095610,테스,11.00,"1,584,000","1,564,200",2.29
0204S0,TIGER 코스닥액티브,20260820,119850,지엔씨에너지,31.00,"1,701,900","1,553,100",2.27
0204S0,TIGER 코스닥액티브,20260820,080580,오킨스전자,77.00,"1,334,410","1,386,000",2.03
0204S0,TIGER 코스닥액티브,20260820,123330,제닉,45.00,"1,264,500","1,334,250",1.95
0204S0,TIGER 코스닥액티브,20260820,476830,알지노믹스,36.00,"1,137,600","1,326,600",1.94
0204S0,TIGER 코스닥액티브,20260820,189300,인텔리안테크,19.00,"1,297,700","1,299,600",1.90
0204S0,TIGER 코스닥액티브,20260820,085910,네오티스,71.00,"1,279,420","1,244,630",1.82
0204S0,TIGER 코스닥액티브,20260820,241710,코스메카코리아,8.00,"988,800","1,097,600",1.60
0204S0,TIGER 코스닥액티브,20260820,006730,서부T&D,104.00,"1,064,960","1,075,360",1.57
0204S0,TIGER 코스닥액티브,20260820,356860,티엘비,30.00,"1,015,500","1,038,000",1.52
0204S0,TIGER 코스닥액티브,20260820,159010,아스플로,45.00,"1,019,250","1,008,000",1.47
0204S0,TIGER 코스닥액티브,20260820,213420,덕산네오룩스,29.00,"952,650","961,350",1.41
0204S0,TIGER 코스닥액티브,20260820,083650,비에이치아이,16.00,"969,600","958,400",1.40
0204S0,TIGER 코스닥액티브,20260820,043260,성호전자,48.00,"945,120","931,200",1.36
0204S0,TIGER 코스닥액티브,20260820,389260,대명에너지,67.00,"903,160","908,520",1.33
0204S0,TIGER 코스닥액티브,20260820,388210,씨엠티엑스,12.00,"885,600","894,000",1.31
0204S0,TIGER 코스닥액티브,20260820,160980,싸이맥스,31.00,"899,000","877,300",1.28
0204S0,TIGER 코스닥액티브,20260820,295310,에이치브이엠,17.00,"803,250","817,700",1.20
0204S0,TIGER 코스닥액티브,20260820,382800,지앤비에스 에코,140.00,"772,800","779,800",1.14
0204S0,TIGER 코스닥액티브,20260820,141080,리가켐바이오,7.00,"730,800","758,100",1.11
0204S0,TIGER 코스닥액티브,20260820,218410,RFHIC,15.00,"743,250","751,500",1.10
0204S0,TIGER 코스닥액티브,20260820,257720,실리콘투,16.00,"724,800","735,200",1.07
0204S0,TIGER 코스닥액티브,20260820,082920,비츠로셀,21.00,"729,750","719,250",1.05
0204S0,TIGER 코스닥액티브,20260820,036540,SFA반도체,118.00,"674,960","715,080",1.05
0204S0,TIGER 코스닥액티브,20260820,064760,티씨케이,3.00,"694,500","688,500",1.01
0204S0,TIGER 코스닥액티브,20260820,196170,알테오젠,2.00,"607,000","679,000",0.99
0204S0,TIGER 코스닥액티브,20260820,484590,삼양컴텍,106.00,"666,740","669,920",0.98
0204S0,TIGER 코스닥액티브,20260820,144960,뉴파워프라즈마,64.00,"673,280","660,480",0.97
0204S0,TIGER 코스닥액티브,20260820,298380,에이비엘바이오,8.00,"637,600","660,000",0.97
0204S0,TIGER 코스닥액티브,20260820,226950,올릭스,6.00,"626,400","656,400",0.96
0204S0,TIGER 코스닥액티브,20260820,420770,기가비스,5.00,"643,500","608,000",0.89
0204S0,TIGER 코스닥액티브,20260820,131970,두산테스나,7.00,"534,100","574,700",0.84
0204S0,TIGER 코스닥액티브,20260820,397030,에이프릴바이오,25.00,"657,500","531,250",0.78
0204S0,TIGER 코스닥액티브,20260820,108490,로보티즈,2.00,"534,000","525,000",0.77
0204S0,TIGER 코스닥액티브,20260820,319660,피에스케이,4.00,"516,400","520,400",0.76
0204S0,TIGER 코스닥액티브,20260820,098460,고영,17.00,"497,250","508,300",0.74
0204S0,TIGER 코스닥액티브,20260820,077360,덕산하이메탈,49.00,"471,380","477,260",0.70
0204S0,TIGER 코스닥액티브,20260820,187790,나노,153.00,"501,840","476,595",0.70
0204S0,TIGER 코스닥액티브,20260820,417840,저스템,31.00,"399,900","395,560",0.58
0204S0,TIGER 코스닥액티브,20260820,236200,슈프리마,6.00,"347,400","342,600",0.50
0204S0,TIGER 코스닥액티브,20260820,014620,성광벤드,14.00,"334,600","338,100",0.49
0204S0,TIGER 코스닥액티브,20260820,092460,한라IMS,18.00,"321,300","318,600",0.47
0204S0,TIGER 코스닥액티브,20260820,355150,코스텍시스,15.00,"291,900","312,750",0.46
0204S0,TIGER 코스닥액티브,20260820,440110,파두,4.00,"255,600","263,600",0.39
0204S0,TIGER 코스닥액티브,20260820,078600,대주전자재료,3.00,"261,600","261,900",0.38
0204S0,TIGER 코스닥액티브,20260820,032190,다우데이타,12.00,"230,040","239,880",0.35
0204S0,TIGER 코스닥액티브,20260820,347850,디앤디파마텍,4.00,"232,400","231,200",0.34
0204S0,TIGER 코스닥액티브,20260820,290650,엘앤씨바이오,4.00,"207,200","213,200",0.31
0204S0,TIGER 코스닥액티브,20260820,KRD010010001,원화현금,-,-,"2,633,686",3.85
0204S0,TIGER 코스닥액티브,20260821,131290,티에스이,15.00,"3,630,000","3,330,000",5.21
0204S0,TIGER 코스닥액티브,20260821,095340,ISC,19.00,"3,205,300","2,931,700",4.59
0204S0,TIGER 코스닥액티브,20260821,222800,심텍,27.00,"3,102,300","2,691,900",4.22
0204S0,TIGER 코스닥액티브,20260821,031980,피에스케이홀딩스,25.00,"2,885,000","2,687,500",4.21
0204S0,TIGER 코스닥액티브,20260821,064290,인텍플러스,75.00,"2,673,750","2,407,500",3.77
0204S0,TIGER 코스닥액티브,20260821,036540,SFA반도체,393.00,"2,381,580","2,185,080",3.42
0204S0,TIGER 코스닥액티브,20260821,170920,엘티씨,61.00,"2,299,700","2,180,750",3.41
0204S0,TIGER 코스닥액티브,20260821,252990,샘씨엔에스,157.00,"2,180,730","2,022,160",3.17
0204S0,TIGER 코스닥액티브,20260821,089970,브이엠,33.00,"2,069,100","1,917,300",3.00
0204S0,TIGER 코스닥액티브,20260821,251970,펌텍코리아,30.00,"1,713,000","1,794,000",2.81
0204S0,TIGER 코스닥액티브,20260821,080220,제주반도체,23.00,"1,759,500","1,690,500",2.65
0204S0,TIGER 코스닥액티브,20260821,204620,글로벌텍스프리,341.00,"1,676,015","1,633,390",2.56
0204S0,TIGER 코스닥액티브,20260821,123330,제닉,58.00,"1,719,700","1,615,300",2.53
0204S0,TIGER 코스닥액티브,20260821,214450,파마리서치,4.00,"1,654,000","1,602,000",2.51
0204S0,TIGER 코스닥액티브,20260821,119850,지엔씨에너지,31.00,"1,553,100","1,495,750",2.34
0204S0,TIGER 코스닥액티브,20260821,095610,테스,11.00,"1,564,200","1,461,900",2.29
0204S0,TIGER 코스닥액티브,20260821,033160,엠케이전자,106.00,"1,584,700","1,457,500",2.28
0204S0,TIGER 코스닥액티브,20260821,080580,오킨스전자,77.00,"1,386,000","1,285,900",2.01
0204S0,TIGER 코스닥액티브,20260821,189300,인텔리안테크,19.00,"1,299,600","1,195,100",1.87
0204S0,TIGER 코스닥액티브,20260821,085910,네오티스,71.00,"1,244,630","1,172,920",1.84
0204S0,TIGER 코스닥액티브,20260821,241710,코스메카코리아,8.00,"1,097,600","1,098,400",1.72
0204S0,TIGER 코스닥액티브,20260821,476830,알지노믹스,36.00,"1,326,600","1,085,400",1.70
0204S0,TIGER 코스닥액티브,20260821,006730,서부T&D,104.00,"1,075,360","1,060,800",1.66
0204S0,TIGER 코스닥액티브,20260821,159010,아스플로,45.00,"1,008,000","974,250",1.53
0204S0,TIGER 코스닥액티브,20260821,356860,티엘비,30.00,"1,038,000","933,000",1.46
0204S0,TIGER 코스닥액티브,20260821,213420,덕산네오룩스,29.00,"961,350","923,650",1.45
0204S0,TIGER 코스닥액티브,20260821,083650,비에이치아이,16.00,"958,400","904,000",1.42
0204S0,TIGER 코스닥액티브,20260821,218410,RFHIC,19.00,"951,900","895,850",1.40
0204S0,TIGER 코스닥액티브,20260821,389260,대명에너지,67.00,"908,520","849,560",1.33
0204S0,TIGER 코스닥액티브,20260821,388210,씨엠티엑스,12.00,"894,000","834,000",1.31
0204S0,TIGER 코스닥액티브,20260821,160980,싸이맥스,31.00,"877,300","790,500",1.24
0204S0,TIGER 코스닥액티브,20260821,257720,실리콘투,16.00,"735,200","762,400",1.19
0204S0,TIGER 코스닥액티브,20260821,295310,에이치브이엠,17.00,"817,700","760,750",1.19
0204S0,TIGER 코스닥액티브,20260821,382800,지앤비에스 에코,140.00,"779,800","723,800",1.13
0204S0,TIGER 코스닥액티브,20260821,141080,리가켐바이오,7.00,"758,100","700,000",1.10
0204S0,TIGER 코스닥액티브,20260821,064760,티씨케이,3.00,"688,500","676,500",1.06
0204S0,TIGER 코스닥액티브,20260821,067310,하나마이크론,19.00,"701,100","665,000",1.04
0204S0,TIGER 코스닥액티브,20260821,082920,비츠로셀,21.00,"719,250","640,500",1.00
0204S0,TIGER 코스닥액티브,20260821,196170,알테오젠,2.00,"679,000","640,000",1.00
0204S0,TIGER 코스닥액티브,20260821,484590,삼양컴텍,106.00,"669,920","631,760",0.99
0204S0,TIGER 코스닥액티브,20260821,144960,뉴파워프라즈마,64.00,"660,480","623,360",0.98
0204S0,TIGER 코스닥액티브,20260821,298380,에이비엘바이오,8.00,"660,000","601,600",0.94
0204S0,TIGER 코스닥액티브,20260821,226950,올릭스,6.00,"656,400","588,600",0.92
0204S0,TIGER 코스닥액티브,20260821,131970,두산테스나,7.00,"574,700","538,300",0.84
0204S0,TIGER 코스닥액티브,20260821,420770,기가비스,5.00,"608,000","526,500",0.82
0204S0,TIGER 코스닥액티브,20260821,108490,로보티즈,2.00,"525,000","508,000",0.80
0204S0,TIGER 코스닥액티브,20260821,043260,성호전자,27.00,"523,800","489,240",0.77
0204S0,TIGER 코스닥액티브,20260821,319660,피에스케이,4.00,"520,400","488,800",0.77
0204S0,TIGER 코스닥액티브,20260821,098460,고영,17.00,"508,300","481,100",0.75
0204S0,TIGER 코스닥액티브,20260821,077360,덕산하이메탈,49.00,"477,260","458,150",0.72
0204S0,TIGER 코스닥액티브,20260821,187790,나노,153.00,"476,595","457,470",0.72
0204S0,TIGER 코스닥액티브,20260821,417840,저스템,31.00,"395,560","367,350",0.58
0204S0,TIGER 코스닥액티브,20260821,236200,슈프리마,6.00,"342,600","336,600",0.53
0204S0,TIGER 코스닥액티브,20260821,014620,성광벤드,14.00,"338,100","321,300",0.50
0204S0,TIGER 코스닥액티브,20260821,092460,한라IMS,18.00,"318,600","309,240",0.48
0204S0,TIGER 코스닥액티브,20260821,355150,코스텍시스,15.00,"312,750","289,650",0.45
0204S0,TIGER 코스닥액티브,20260821,397030,에이프릴바이오,14.00,"297,500","277,760",0.43
0204S0,TIGER 코스닥액티브,20260821,078600,대주전자재료,3.00,"261,900","248,700",0.39
0204S0,TIGER 코스닥액티브,20260821,440110,파두,4.00,"263,600","247,600",0.39
0204S0,TIGER 코스닥액티브,20260821,032190,다우데이타,12.00,"239,880","234,960",0.37
0204S0,TIGER 코스닥액티브,20260821,347850,디앤디파마텍,4.00,"231,200","213,200",0.33
0204S0,TIGER 코스닥액티브,20260821,290650,엘앤씨바이오,4.00,"213,200","204,000",0.32
0204S0,TIGER 코스닥액티브,20260821,KRD010010001,원화현금,-,-,"-259,111",-0.41
0166N0,PLUS 코스닥150액티브,20260818,178320,서진시스템,795.00,"29,375,250","29,454,750",7.76
0166N0,PLUS 코스닥150액티브,20260818,393890,더블유씨피,"3,052.00","28,444,640","27,132,280",7.15
0166N0,PLUS 코스닥150액티브,20260818,458870,씨어스,977.00,"23,399,150","21,933,650",5.78
0166N0,PLUS 코스닥150액티브,20260818,089970,브이엠,192.00,"13,094,400","12,806,400",3.38
0166N0,PLUS 코스닥150액티브,20260818,064850,에프앤가이드,680.00,"12,790,800","12,389,600",3.27
0166N0,PLUS 코스닥150액티브,20260818,064290,인텍플러스,321.00,"9,918,900","11,636,250",3.07
0166N0,PLUS 코스닥150액티브,20260818,319660,피에스케이,88.00,"11,800,800","11,616,000",3.06
0166N0,PLUS 코스닥150액티브,20260818,107640,한중엔시에스,335.00,"12,864,000","11,457,000",3.02
0166N0,PLUS 코스닥150액티브,20260818,031980,피에스케이홀딩스,102.00,"11,342,400","11,393,400",3.00
0166N0,PLUS 코스닥150액티브,20260818,095610,테스,79.00,"11,652,500","11,297,000",2.98
0166N0,PLUS 코스닥150액티브,20260818,240810,원익IPS,95.00,"11,077,000","10,678,000",2.81
0166N0,PLUS 코스닥150액티브,20260818,126340,비나텍,154.00,"11,226,600","10,256,400",2.70
0166N0,PLUS 코스닥150액티브,20260818,042600,새로닉스,907.00,"10,194,680","9,723,040",2.56
0166N0,PLUS 코스닥150액티브,20260818,297090,씨에스베어링,"2,452.00","9,893,820","9,489,240",2.50
0166N0,PLUS 코스닥150액티브,20260818,347700,스피어,355.00,"9,389,750","9,141,250",2.41
0166N0,PLUS 코스닥150액티브,20260818,104830,원익머트리얼즈,251.00,"9,174,050","9,010,900",2.37
0166N0,PLUS 코스닥150액티브,20260818,222800,심텍,81.00,"8,804,700","8,982,900",2.37
0166N0,PLUS 코스닥150액티브,20260818,064760,티씨케이,35.00,"8,540,000","8,120,000",2.14
0166N0,PLUS 코스닥150액티브,20260818,058470,리노공업,112.00,"7,929,600","7,593,600",2.00
0166N0,PLUS 코스닥150액티브,20260818,131970,두산테스나,96.00,"8,064,000","7,555,200",1.99
0166N0,PLUS 코스닥150액티브,20260818,357780,솔브레인,22.00,"7,084,000","7,183,000",1.89
0166N0,PLUS 코스닥150액티브,20260818,078600,대주전자재료,79.00,"7,552,400","6,865,100",1.81
0166N0,PLUS 코스닥150액티브,20260818,095340,ISC,41.00,"6,613,300","6,851,100",1.81
0166N0,PLUS 코스닥150액티브,20260818,005290,동진쎄미켐,157.00,"6,821,650","6,782,400",1.79
0166N0,PLUS 코스닥150액티브,20260818,452280,한선엔지니어링,474.00,"5,806,500","5,441,520",1.43
0166N0,PLUS 코스닥150액티브,20260818,196170,알테오젠,18.00,"5,652,000","5,364,000",1.41
0166N0,PLUS 코스닥150액티브,20260818,403870,HPSP,121.00,"4,888,400","5,160,650",1.36
0166N0,PLUS 코스닥150액티브,20260818,091580,상신이디피,284.00,"5,191,520","5,134,720",1.35
0166N0,PLUS 코스닥150액티브,20260818,140860,파크시스템스,18.00,"5,031,000","5,031,000",1.33
0166N0,PLUS 코스닥150액티브,20260818,420770,기가비스,35.00,"4,203,500","4,483,500",1.18
0166N0,PLUS 코스닥150액티브,20260818,440110,파두,59.00,"3,864,500","4,029,700",1.06
0166N0,PLUS 코스닥150액티브,20260818,170920,엘티씨,104.00,"3,978,000","3,941,600",1.04
0166N0,PLUS 코스닥150액티브,20260818,354320,알멕,111.00,"3,729,600","3,690,750",0.97
0166N0,PLUS 코스닥150액티브,20260818,257720,실리콘투,77.00,"3,299,450","3,426,500",0.90
0166N0,PLUS 코스닥150액티브,20260818,388210,씨엠티엑스,42.00,"3,393,600","3,225,600",0.85
0166N0,PLUS 코스닥150액티브,20260818,039030,이오테크닉스,7.00,"2,828,000","2,898,000",0.76
0166N0,PLUS 코스닥150액티브,20260818,166090,하나머티리얼즈,47.00,"2,740,100","2,655,500",0.70
0166N0,PLUS 코스닥150액티브,20260818,036710,심텍홀딩스,609.00,"2,539,530","2,481,675",0.65
0166N0,PLUS 코스닥150액티브,20260818,282720,금양그린파워,322.00,"2,556,680","2,405,340",0.63
0166N0,PLUS 코스닥150액티브,20260818,327260,RF머트리얼즈,66.00,"2,237,400","2,319,900",0.61
0166N0,PLUS 코스닥150액티브,20260818,077360,덕산하이메탈,227.00,"2,249,570","2,238,220",0.59
0166N0,PLUS 코스닥150액티브,20260818,036830,솔브레인홀딩스,56.00,"2,237,200","2,192,400",0.58
0166N0,PLUS 코스닥150액티브,20260818,252990,샘씨엔에스,135.00,"2,153,250","2,008,800",0.53
0166N0,PLUS 코스닥150액티브,20260818,043260,성호전자,89.00,"1,815,600","1,909,050",0.50
0166N0,PLUS 코스닥150액티브,20260818,347850,디앤디파마텍,30.00,"1,842,000","1,734,000",0.46
0166N0,PLUS 코스닥150액티브,20260818,214150,클래시스,48.00,"1,800,000","1,665,600",0.44
0166N0,PLUS 코스닥150액티브,20260818,089890,코세스,70.00,"1,666,000","1,599,500",0.42
0166N0,PLUS 코스닥150액티브,20260818,241710,코스메카코리아,11.00,"1,399,200","1,351,900",0.36
0166N0,PLUS 코스닥150액티브,20260818,171090,선익시스템,19.00,"1,282,500","1,265,400",0.33
0166N0,PLUS 코스닥150액티브,20260818,078020,LS증권,184.00,"1,269,600","1,236,480",0.33
0166N0,PLUS 코스닥150액티브,20260818,214450,파마리서치,3.00,"1,194,000","1,179,000",0.31
0166N0,PLUS 코스닥150액티브,20260818,290740,액트로,154.00,"1,213,520","1,171,940",0.31
0166N0,PLUS 코스닥150액티브,20260818,089980,상아프론테크,78.00,"1,176,240","1,122,420",0.30
0166N0,PLUS 코스닥150액티브,20260818,222040,코스맥스엔비티,122.00,"1,159,000","1,022,360",0.27
0166N0,PLUS 코스닥150액티브,20260818,032190,다우데이타,44.00,"902,000","875,160",0.23
0166N0,PLUS 코스닥150액티브,20260818,262260,에이프로,228.00,"762,660","733,020",0.19
0166N0,PLUS 코스닥150액티브,20260818,138080,오이솔루션,28.00,"660,800","624,400",0.16
0166N0,PLUS 코스닥150액티브,20260818,194700,노바렉스,51.00,"742,560","612,510",0.16
0166N0,PLUS 코스닥150액티브,20260818,403850,더핑크퐁컴퍼니,48.00,"552,000","548,160",0.14
0166N0,PLUS 코스닥150액티브,20260818,096530,씨젠,16.00,"514,400","484,800",0.13
0166N0,PLUS 코스닥150액티브,20260818,213420,덕산네오룩스,14.00,"490,700","471,800",0.12
0166N0,PLUS 코스닥150액티브,20260818,013030,하이록코리아,13.00,"437,450","409,500",0.11
0166N0,PLUS 코스닥150액티브,20260818,237690,에스티팜,4.00,"425,600","401,200",0.11
0166N0,PLUS 코스닥150액티브,20260818,006730,서부T&D,37.00,"374,440","391,090",0.10
0166N0,PLUS 코스닥150액티브,20260818,121600,나노신소재,8.00,"407,200","384,800",0.10
0166N0,PLUS 코스닥150액티브,20260818,281740,레이크머티리얼즈,30.00,"402,000","375,000",0.10
0166N0,PLUS 코스닥150액티브,20260818,322310,오로스테크놀로지,25.00,"397,000","371,000",0.10
0166N0,PLUS 코스닥150액티브,20260818,195940,HK이노엔,9.00,"374,850","363,150",0.10
0166N0,PLUS 코스닥150액티브,20260818,330860,네패스아크,13.00,"380,900","360,750",0.10
0166N0,PLUS 코스닥150액티브,20260818,KRD010010001,원화현금,-,-,"9,280,940",2.45
0166N0,PLUS 코스닥150액티브,20260819,178320,서진시스템,761.00,"28,195,050","29,108,250",7.77
0166N0,PLUS 코스닥150액티브,20260819,393890,더블유씨피,"3,052.00","27,132,280","27,193,320",7.26
0166N0,PLUS 코스닥150액티브,20260819,458870,씨어스,993.00,"22,292,850","22,441,800",5.99
0166N0,PLUS 코스닥150액티브,20260819,089970,브이엠,192.00,"12,806,400","12,115,200",3.23
0166N0,PLUS 코스닥150액티브,20260819,064850,에프앤가이드,680.00,"12,389,600","11,485,200",3.06
0166N0,PLUS 코스닥150액티브,20260819,107640,한중엔시에스,335.00,"11,457,000","11,457,000",3.06
0166N0,PLUS 코스닥150액티브,20260819,031980,피에스케이홀딩스,102.00,"11,393,400","11,444,400",3.05
0166N0,PLUS 코스닥150액티브,20260819,095610,테스,79.00,"11,297,000","11,376,000",3.04
0166N0,PLUS 코스닥150액티브,20260819,319660,피에스케이,88.00,"11,616,000","11,360,800",3.03
0166N0,PLUS 코스닥150액티브,20260819,064290,인텍플러스,307.00,"11,128,750","10,438,000",2.79
0166N0,PLUS 코스닥150액티브,20260819,240810,원익IPS,95.00,"10,678,000","10,383,500",2.77
0166N0,PLUS 코스닥150액티브,20260819,126340,비나텍,159.00,"10,589,400","10,239,600",2.73
0166N0,PLUS 코스닥150액티브,20260819,042600,새로닉스,907.00,"9,723,040","9,750,250",2.60
0166N0,PLUS 코스닥150액티브,20260819,297090,씨에스베어링,"2,452.00","9,489,240","9,317,600",2.49
0166N0,PLUS 코스닥150액티브,20260819,347700,스피어,367.00,"9,450,250","9,211,700",2.46
0166N0,PLUS 코스닥150액티브,20260819,222800,심텍,81.00,"8,982,900","8,966,700",2.39
0166N0,PLUS 코스닥150액티브,20260819,104830,원익머트리얼즈,251.00,"9,010,900","8,747,350",2.33
0166N0,PLUS 코스닥150액티브,20260819,064760,티씨케이,35.00,"8,120,000","8,102,500",2.16
0166N0,PLUS 코스닥150액티브,20260819,058470,리노공업,112.00,"7,593,600","7,604,800",2.03
0166N0,PLUS 코스닥150액티브,20260819,131970,두산테스나,96.00,"7,555,200","7,324,800",1.95
0166N0,PLUS 코스닥150액티브,20260819,357780,솔브레인,22.00,"7,183,000","7,271,000",1.94
0166N0,PLUS 코스닥150액티브,20260819,095340,ISC,41.00,"6,851,100","7,269,300",1.94
0166N0,PLUS 코스닥150액티브,20260819,078600,대주전자재료,79.00,"6,865,100","6,888,800",1.84
0166N0,PLUS 코스닥150액티브,20260819,005290,동진쎄미켐,157.00,"6,782,400","6,625,400",1.77
0166N0,PLUS 코스닥150액티브,20260819,403870,HPSP,121.00,"5,160,650","5,529,700",1.48
0166N0,PLUS 코스닥150액티브,20260819,452280,한선엔지니어링,516.00,"5,923,680","5,526,360",1.47
0166N0,PLUS 코스닥150액티브,20260819,196170,알테오젠,18.00,"5,364,000","5,463,000",1.46
0166N0,PLUS 코스닥150액티브,20260819,140860,파크시스템스,18.00,"5,031,000","4,896,000",1.31
0166N0,PLUS 코스닥150액티브,20260819,091580,상신이디피,284.00,"5,134,720","4,674,640",1.25
0166N0,PLUS 코스닥150액티브,20260819,420770,기가비스,35.00,"4,483,500","4,504,500",1.20
0166N0,PLUS 코스닥150액티브,20260819,440110,파두,59.00,"4,029,700","3,770,100",1.01
0166N0,PLUS 코스닥150액티브,20260819,170920,엘티씨,104.00,"3,941,600","3,759,600",1.00
0166N0,PLUS 코스닥150액티브,20260819,354320,알멕,111.00,"3,690,750","3,540,900",0.94
0166N0,PLUS 코스닥150액티브,20260819,257720,실리콘투,77.00,"3,426,500","3,488,100",0.93
0166N0,PLUS 코스닥150액티브,20260819,388210,씨엠티엑스,42.00,"3,225,600","3,099,600",0.83
0166N0,PLUS 코스닥150액티브,20260819,039030,이오테크닉스,7.00,"2,898,000","2,905,000",0.78
0166N0,PLUS 코스닥150액티브,20260819,166090,하나머티리얼즈,47.00,"2,655,500","2,603,800",0.69
0166N0,PLUS 코스닥150액티브,20260819,036710,심텍홀딩스,609.00,"2,481,675","2,439,045",0.65
0166N0,PLUS 코스닥150액티브,20260819,282720,금양그린파워,322.00,"2,405,340","2,386,020",0.64
0166N0,PLUS 코스닥150액티브,20260819,077360,덕산하이메탈,227.00,"2,238,220","2,183,740",0.58
0166N0,PLUS 코스닥150액티브,20260819,327260,RF머트리얼즈,66.00,"2,319,900","2,178,000",0.58
0166N0,PLUS 코스닥150액티브,20260819,036830,솔브레인홀딩스,56.00,"2,192,400","2,161,600",0.58
0166N0,PLUS 코스닥150액티브,20260819,252990,샘씨엔에스,135.00,"2,008,800","1,937,250",0.52
0166N0,PLUS 코스닥150액티브,20260819,043260,성호전자,89.00,"1,909,050","1,752,410",0.47
0166N0,PLUS 코스닥150액티브,20260819,347850,디앤디파마텍,30.00,"1,734,000","1,743,000",0.47
0166N0,PLUS 코스닥150액티브,20260819,214150,클래시스,48.00,"1,665,600","1,603,200",0.43
0166N0,PLUS 코스닥150액티브,20260819,089890,코세스,70.00,"1,599,500","1,557,500",0.42
0166N0,PLUS 코스닥150액티브,20260819,241710,코스메카코리아,11.00,"1,351,900","1,359,600",0.36
0166N0,PLUS 코스닥150액티브,20260819,171090,선익시스템,19.00,"1,265,400","1,235,000",0.33
0166N0,PLUS 코스닥150액티브,20260819,078020,LS증권,184.00,"1,236,480","1,188,640",0.32
0166N0,PLUS 코스닥150액티브,20260819,214450,파마리서치,3.00,"1,179,000","1,173,000",0.31
0166N0,PLUS 코스닥150액티브,20260819,290740,액트로,154.00,"1,171,940","1,155,000",0.31
0166N0,PLUS 코스닥150액티브,20260819,089980,상아프론테크,78.00,"1,122,420","1,090,440",0.29
0166N0,PLUS 코스닥150액티브,20260819,222040,코스맥스엔비티,122.00,"1,022,360","973,560",0.26
0166N0,PLUS 코스닥150액티브,20260819,032190,다우데이타,44.00,"875,160","843,480",0.23
0166N0,PLUS 코스닥150액티브,20260819,262260,에이프로,228.00,"733,020","706,800",0.19
0166N0,PLUS 코스닥150액티브,20260819,138080,오이솔루션,28.00,"624,400","625,800",0.17
0166N0,PLUS 코스닥150액티브,20260819,194700,노바렉스,51.00,"612,510","568,140",0.15
0166N0,PLUS 코스닥150액티브,20260819,403850,더핑크퐁컴퍼니,48.00,"548,160","534,240",0.14
0166N0,PLUS 코스닥150액티브,20260819,096530,씨젠,16.00,"484,800","480,000",0.13
0166N0,PLUS 코스닥150액티브,20260819,213420,덕산네오룩스,14.00,"471,800","459,900",0.12
0166N0,PLUS 코스닥150액티브,20260819,013030,하이록코리아,13.00,"409,500","403,650",0.11
0166N0,PLUS 코스닥150액티브,20260819,237690,에스티팜,4.00,"401,200","397,200",0.11
0166N0,PLUS 코스닥150액티브,20260819,121600,나노신소재,8.00,"384,800","388,400",0.10
0166N0,PLUS 코스닥150액티브,20260819,006730,서부T&D,37.00,"391,090","378,880",0.10
0166N0,PLUS 코스닥150액티브,20260819,195940,HK이노엔,9.00,"363,150","371,250",0.10
0166N0,PLUS 코스닥150액티브,20260819,281740,레이크머티리얼즈,30.00,"375,000","370,200",0.10
0166N0,PLUS 코스닥150액티브,20260819,322310,오로스테크놀로지,25.00,"371,000","350,000",0.09
0166N0,PLUS 코스닥150액티브,20260819,330860,네패스아크,13.00,"360,750","349,050",0.09
0166N0,PLUS 코스닥150액티브,20260819,KRD010010001,원화현금,-,-,"9,563,341",2.55
0166N0,PLUS 코스닥150액티브,20260820,178320,서진시스템,745.00,"28,496,250","28,906,000",7.56
0166N0,PLUS 코스닥150액티브,20260820,393890,더블유씨피,"3,052.00","27,193,320","27,345,920",7.15
0166N0,PLUS 코스닥150액티브,20260820,458870,씨어스,993.00,"22,441,800","22,888,650",5.99
0166N0,PLUS 코스닥150액티브,20260820,089970,브이엠,192.00,"12,115,200","12,038,400",3.15
0166N0,PLUS 코스닥150액티브,20260820,107640,한중엔시에스,335.00,"11,457,000","11,993,000",3.14
0166N0,PLUS 코스닥150액티브,20260820,031980,피에스케이홀딩스,102.00,"11,444,400","11,770,800",3.08
0166N0,PLUS 코스닥150액티브,20260820,064850,에프앤가이드,680.00,"11,485,200","11,743,600",3.07
0166N0,PLUS 코스닥150액티브,20260820,319660,피에스케이,88.00,"11,360,800","11,448,800",2.99
0166N0,PLUS 코스닥150액티브,20260820,095610,테스,79.00,"11,376,000","11,233,800",2.94
0166N0,PLUS 코스닥150액티브,20260820,064290,인텍플러스,307.00,"10,438,000","10,944,550",2.86
0166N0,PLUS 코스닥150액티브,20260820,240810,원익IPS,95.00,"10,383,500","10,820,500",2.83
0166N0,PLUS 코스닥150액티브,20260820,126340,비나텍,159.00,"10,239,600","10,668,900",2.79
0166N0,PLUS 코스닥150액티브,20260820,042600,새로닉스,907.00,"9,750,250","10,122,120",2.65
0166N0,PLUS 코스닥150액티브,20260820,297090,씨에스베어링,"2,452.00","9,317,600","9,526,020",2.49
0166N0,PLUS 코스닥150액티브,20260820,347700,스피어,367.00,"9,211,700","9,450,250",2.47
0166N0,PLUS 코스닥150액티브,20260820,222800,심텍,81.00,"8,966,700","9,306,900",2.43
0166N0,PLUS 코스닥150액티브,20260820,104830,원익머트리얼즈,251.00,"8,747,350","8,546,550",2.24
0166N0,PLUS 코스닥150액티브,20260820,064760,티씨케이,35.00,"8,102,500","8,032,500",2.10
0166N0,PLUS 코스닥150액티브,20260820,131970,두산테스나,96.00,"7,324,800","7,881,600",2.06
0166N0,PLUS 코스닥150액티브,20260820,058470,리노공업,112.00,"7,604,800","7,784,000",2.04
0166N0,PLUS 코스닥150액티브,20260820,357780,솔브레인,22.00,"7,271,000","7,315,000",1.91
0166N0,PLUS 코스닥150액티브,20260820,078600,대주전자재료,79.00,"6,888,800","6,896,700",1.80
0166N0,PLUS 코스닥150액티브,20260820,005290,동진쎄미켐,157.00,"6,625,400","6,782,400",1.77
0166N0,PLUS 코스닥150액티브,20260820,095340,ISC,38.00,"6,737,400","6,410,600",1.68
0166N0,PLUS 코스닥150액티브,20260820,196170,알테오젠,18.00,"5,463,000","6,111,000",1.60
0166N0,PLUS 코스닥150액티브,20260820,403870,HPSP,121.00,"5,529,700","5,808,000",1.52
0166N0,PLUS 코스닥150액티브,20260820,452280,한선엔지니어링,516.00,"5,526,360","5,593,440",1.46
0166N0,PLUS 코스닥150액티브,20260820,091580,상신이디피,284.00,"4,674,640","5,205,720",1.36
0166N0,PLUS 코스닥150액티브,20260820,140860,파크시스템스,18.00,"4,896,000","4,815,000",1.26
0166N0,PLUS 코스닥150액티브,20260820,420770,기가비스,35.00,"4,504,500","4,256,000",1.11
0166N0,PLUS 코스닥150액티브,20260820,170920,엘티씨,104.00,"3,759,600","3,920,800",1.03
0166N0,PLUS 코스닥150액티브,20260820,440110,파두,59.00,"3,770,100","3,888,100",1.02
0166N0,PLUS 코스닥150액티브,20260820,354320,알멕,111.00,"3,540,900","3,663,000",0.96
0166N0,PLUS 코스닥150액티브,20260820,257720,실리콘투,77.00,"3,488,100","3,538,150",0.93
0166N0,PLUS 코스닥150액티브,20260820,388210,씨엠티엑스,42.00,"3,099,600","3,129,000",0.82
0166N0,PLUS 코스닥150액티브,20260820,039030,이오테크닉스,7.00,"2,905,000","2,905,000",0.76
0166N0,PLUS 코스닥150액티브,20260820,166090,하나머티리얼즈,47.00,"2,603,800","2,622,600",0.69
0166N0,PLUS 코스닥150액티브,20260820,036710,심텍홀딩스,609.00,"2,439,045","2,509,080",0.66
0166N0,PLUS 코스닥150액티브,20260820,282720,금양그린파워,322.00,"2,386,020","2,405,340",0.63
0166N0,PLUS 코스닥150액티브,20260820,327260,RF머트리얼즈,66.00,"2,178,000","2,326,500",0.61
0166N0,PLUS 코스닥150액티브,20260820,036830,솔브레인홀딩스,56.00,"2,161,600","2,184,000",0.57
0166N0,PLUS 코스닥150액티브,20260820,077360,덕산하이메탈,193.00,"1,856,660","1,879,820",0.49
0166N0,PLUS 코스닥150액티브,20260820,252990,샘씨엔에스,135.00,"1,937,250","1,875,150",0.49
0166N0,PLUS 코스닥150액티브,20260820,043260,성호전자,89.00,"1,752,410","1,726,600",0.45
0166N0,PLUS 코스닥150액티브,20260820,089890,코세스,70.00,"1,557,500","1,715,000",0.45
0166N0,PLUS 코스닥150액티브,20260820,214150,클래시스,48.00,"1,603,200","1,612,800",0.42
0166N0,PLUS 코스닥150액티브,20260820,222040,코스맥스엔비티,191.00,"1,524,180","1,566,200",0.41
0166N0,PLUS 코스닥150액티브,20260820,241710,코스메카코리아,11.00,"1,359,600","1,509,200",0.39
0166N0,PLUS 코스닥150액티브,20260820,171090,선익시스템,19.00,"1,235,000","1,274,900",0.33
0166N0,PLUS 코스닥150액티브,20260820,214450,파마리서치,3.00,"1,173,000","1,240,500",0.32
0166N0,PLUS 코스닥150액티브,20260820,078020,LS증권,184.00,"1,188,640","1,221,760",0.32
0166N0,PLUS 코스닥150액티브,20260820,290740,액트로,154.00,"1,155,000","1,208,900",0.32
0166N0,PLUS 코스닥150액티브,20260820,089980,상아프론테크,78.00,"1,090,440","1,134,120",0.30
0166N0,PLUS 코스닥150액티브,20260820,194700,노바렉스,101.00,"1,125,140","1,130,190",0.30
0166N0,PLUS 코스닥150액티브,20260820,347850,디앤디파마텍,19.00,"1,103,900","1,098,200",0.29
0166N0,PLUS 코스닥150액티브,20260820,032190,다우데이타,44.00,"843,480","879,560",0.23
0166N0,PLUS 코스닥150액티브,20260820,475830,오름테라퓨틱,11.00,"773,300","788,700",0.21
0166N0,PLUS 코스닥150액티브,20260820,262260,에이프로,228.00,"706,800","737,580",0.19
0166N0,PLUS 코스닥150액티브,20260820,138080,오이솔루션,28.00,"625,800","666,400",0.17
0166N0,PLUS 코스닥150액티브,20260820,403850,더핑크퐁컴퍼니,48.00,"534,240","551,040",0.14
0166N0,PLUS 코스닥150액티브,20260820,096530,씨젠,16.00,"480,000","500,000",0.13
0166N0,PLUS 코스닥150액티브,20260820,213420,덕산네오룩스,14.00,"459,900","464,100",0.12
0166N0,PLUS 코스닥150액티브,20260820,237690,에스티팜,4.00,"397,200","443,600",0.12
0166N0,PLUS 코스닥150액티브,20260820,013030,하이록코리아,13.00,"403,650","400,400",0.10
0166N0,PLUS 코스닥150액티브,20260820,121600,나노신소재,8.00,"388,400","393,200",0.10
0166N0,PLUS 코스닥150액티브,20260820,006730,서부T&D,37.00,"378,880","382,580",0.10
0166N0,PLUS 코스닥150액티브,20260820,195940,HK이노엔,9.00,"371,250","382,500",0.10
0166N0,PLUS 코스닥150액티브,20260820,281740,레이크머티리얼즈,30.00,"370,200","370,800",0.10
0166N0,PLUS 코스닥150액티브,20260820,330860,네패스아크,13.00,"349,050","354,250",0.09
0166N0,PLUS 코스닥150액티브,20260820,322310,오로스테크놀로지,25.00,"350,000","352,750",0.09
0166N0,PLUS 코스닥150액티브,20260820,KRD010010001,원화현금,-,-,"9,778,225",2.56
0166N0,PLUS 코스닥150액티브,20260821,178320,서진시스템,745.00,"28,906,000","27,006,250",7.46
0166N0,PLUS 코스닥150액티브,20260821,393890,더블유씨피,"3,052.00","27,345,920","26,247,200",7.25
0166N0,PLUS 코스닥150액티브,20260821,458870,씨어스,993.00,"22,888,650","20,753,700",5.73
0166N0,PLUS 코스닥150액티브,20260821,089970,브이엠,192.00,"12,038,400","11,155,200",3.08
0166N0,PLUS 코스닥150액티브,20260821,064850,에프앤가이드,680.00,"11,743,600","11,152,000",3.08
0166N0,PLUS 코스닥150액티브,20260821,031980,피에스케이홀딩스,102.00,"11,770,800","10,965,000",3.03
0166N0,PLUS 코스닥150액티브,20260821,183300,코미코,395.00,"8,611,000","10,941,500",3.02
0166N0,PLUS 코스닥150액티브,20260821,107640,한중엔시에스,335.00,"11,993,000","10,904,250",3.01
0166N0,PLUS 코스닥150액티브,20260821,319660,피에스케이,88.00,"11,448,800","10,753,600",2.97
0166N0,PLUS 코스닥150액티브,20260821,095610,테스,79.00,"11,233,800","10,499,100",2.90
0166N0,PLUS 코스닥150액티브,20260821,240810,원익IPS,95.00,"10,820,500","10,250,500",2.83
0166N0,PLUS 코스닥150액티브,20260821,042600,새로닉스,907.00,"10,122,120","9,940,720",2.75
0166N0,PLUS 코스닥150액티브,20260821,126340,비나텍,159.00,"10,668,900","9,873,900",2.73
0166N0,PLUS 코스닥150액티브,20260821,064290,인텍플러스,307.00,"10,944,550","9,854,700",2.72
0166N0,PLUS 코스닥150액티브,20260821,297090,씨에스베어링,"2,452.00","9,526,020","9,219,520",2.55
0166N0,PLUS 코스닥150액티브,20260821,347700,스피어,367.00,"9,450,250","8,606,150",2.38
0166N0,PLUS 코스닥150액티브,20260821,104830,원익머트리얼즈,251.00,"8,546,550","8,257,900",2.28
0166N0,PLUS 코스닥150액티브,20260821,222800,심텍,81.00,"9,306,900","8,075,700",2.23
0166N0,PLUS 코스닥150액티브,20260821,064760,티씨케이,35.00,"8,032,500","7,892,500",2.18
0166N0,PLUS 코스닥150액티브,20260821,131970,두산테스나,96.00,"7,881,600","7,382,400",2.04
0166N0,PLUS 코스닥150액티브,20260821,058470,리노공업,112.00,"7,784,000","7,358,400",2.03
0166N0,PLUS 코스닥150액티브,20260821,357780,솔브레인,22.00,"7,315,000","7,172,000",1.98
0166N0,PLUS 코스닥150액티브,20260821,078600,대주전자재료,79.00,"6,896,700","6,549,100",1.81
0166N0,PLUS 코스닥150액티브,20260821,005290,동진쎄미켐,157.00,"6,782,400","6,452,700",1.78
0166N0,PLUS 코스닥150액티브,20260821,095340,ISC,38.00,"6,410,600","5,863,400",1.62
0166N0,PLUS 코스닥150액티브,20260821,196170,알테오젠,18.00,"6,111,000","5,760,000",1.59
0166N0,PLUS 코스닥150액티브,20260821,403870,HPSP,121.00,"5,808,000","5,432,900",1.50
0166N0,PLUS 코스닥150액티브,20260821,452280,한선엔지니어링,516.00,"5,593,440","5,113,560",1.41
0166N0,PLUS 코스닥150액티브,20260821,091580,상신이디피,284.00,"5,205,720","4,842,200",1.34
0166N0,PLUS 코스닥150액티브,20260821,140860,파크시스템스,18.00,"4,815,000","4,671,000",1.29
0166N0,PLUS 코스닥150액티브,20260821,170920,엘티씨,104.00,"3,920,800","3,718,000",1.03
0166N0,PLUS 코스닥150액티브,20260821,420770,기가비스,35.00,"4,256,000","3,685,500",1.02
0166N0,PLUS 코스닥150액티브,20260821,257720,실리콘투,77.00,"3,538,150","3,669,050",1.01
0166N0,PLUS 코스닥150액티브,20260821,440110,파두,59.00,"3,888,100","3,652,100",1.01
0166N0,PLUS 코스닥150액티브,20260821,354320,알멕,111.00,"3,663,000","3,368,850",0.93
0166N0,PLUS 코스닥150액티브,20260821,388210,씨엠티엑스,42.00,"3,129,000","2,919,000",0.81
0166N0,PLUS 코스닥150액티브,20260821,039030,이오테크닉스,7.00,"2,905,000","2,831,500",0.78
0166N0,PLUS 코스닥150액티브,20260821,166090,하나머티리얼즈,47.00,"2,622,600","2,509,800",0.69
0166N0,PLUS 코스닥150액티브,20260821,036710,심텍홀딩스,609.00,"2,509,080","2,302,020",0.64
0166N0,PLUS 코스닥150액티브,20260821,282720,금양그린파워,322.00,"2,405,340","2,292,640",0.63
0166N0,PLUS 코스닥150액티브,20260821,327260,RF머트리얼즈,66.00,"2,326,500","2,171,400",0.60
0166N0,PLUS 코스닥150액티브,20260821,036830,솔브레인홀딩스,56.00,"2,184,000","2,125,200",0.59
0166N0,PLUS 코스닥150액티브,20260821,077360,덕산하이메탈,193.00,"1,879,820","1,804,550",0.50
0166N0,PLUS 코스닥150액티브,20260821,252990,샘씨엔에스,135.00,"1,875,150","1,738,800",0.48
0166N0,PLUS 코스닥150액티브,20260821,043260,성호전자,89.00,"1,726,600","1,612,680",0.45
0166N0,PLUS 코스닥150액티브,20260821,089890,코세스,70.00,"1,715,000","1,543,500",0.43
0166N0,PLUS 코스닥150액티브,20260821,214150,클래시스,48.00,"1,612,800","1,543,200",0.43
0166N0,PLUS 코스닥150액티브,20260821,222040,코스맥스엔비티,191.00,"1,566,200","1,539,460",0.43
0166N0,PLUS 코스닥150액티브,20260821,241710,코스메카코리아,11.00,"1,509,200","1,510,300",0.42
0166N0,PLUS 코스닥150액티브,20260821,171090,선익시스템,19.00,"1,274,900","1,233,100",0.34
0166N0,PLUS 코스닥150액티브,20260821,078020,LS증권,184.00,"1,221,760","1,208,880",0.33
0166N0,PLUS 코스닥150액티브,20260821,214450,파마리서치,3.00,"1,240,500","1,201,500",0.33
0166N0,PLUS 코스닥150액티브,20260821,290740,액트로,154.00,"1,208,900","1,151,920",0.32
0166N0,PLUS 코스닥150액티브,20260821,194700,노바렉스,101.00,"1,130,190","1,088,780",0.30
0166N0,PLUS 코스닥150액티브,20260821,089980,상아프론테크,78.00,"1,134,120","1,086,540",0.30
0166N0,PLUS 코스닥150액티브,20260821,347850,디앤디파마텍,19.00,"1,098,200","1,012,700",0.28
0166N0,PLUS 코스닥150액티브,20260821,032190,다우데이타,44.00,"879,560","861,520",0.24
0166N0,PLUS 코스닥150액티브,20260821,262260,에이프로,228.00,"737,580","698,820",0.19
0166N0,PLUS 코스닥150액티브,20260821,475830,오름테라퓨틱,11.00,"788,700","682,000",0.19
0166N0,PLUS 코스닥150액티브,20260821,138080,오이솔루션,28.00,"666,400","655,200",0.18
0166N0,PLUS 코스닥150액티브,20260821,403850,더핑크퐁컴퍼니,48.00,"551,040","538,560",0.15
0166N0,PLUS 코스닥150액티브,20260821,096530,씨젠,16.00,"500,000","488,000",0.13
0166N0,PLUS 코스닥150액티브,20260821,213420,덕산네오룩스,14.00,"464,100","445,900",0.12
0166N0,PLUS 코스닥150액티브,20260821,237690,에스티팜,4.00,"443,600","398,800",0.11
0166N0,PLUS 코스닥150액티브,20260821,013030,하이록코리아,13.00,"400,400","389,350",0.11
0166N0,PLUS 코스닥150액티브,20260821,006730,서부T&D,37.00,"382,580","377,400",0.10
0166N0,PLUS 코스닥150액티브,20260821,121600,나노신소재,8.00,"393,200","372,000",0.10
0166N0,PLUS 코스닥150액티브,20260821,195940,HK이노엔,9.00,"382,500","369,000",0.10
0166N0,PLUS 코스닥150액티브,20260821,281740,레이크머티리얼즈,30.00,"370,800","346,800",0.10
0166N0,PLUS 코스닥150액티브,20260821,322310,오로스테크놀로지,25.00,"352,750","328,500",0.09
0166N0,PLUS 코스닥150액티브,20260821,330860,네패스아크,13.00,"354,250","325,000",0.09
0166N0,PLUS 코스닥150액티브,20260821,KRD010010001,원화현금,-,-,"1,145,387",0.32
